CGPA,Communication,Aptitude,Projects,Internships,Attendance,Coding,Certifications,Backlogs,College_Tier,Branch,Placed
6.87,2,61,4,3,59,30,2,5,1,ECE,0
9.75,8,71,0,2,74,59,2,0,3,EE,1
8.66,6,100,6,3,91,57,7,5,1,CSE,1
7.99,5,32,1,1,56,82,8,2,1,ME,1
5.78,1,87,5,1,90,22,8,2,2,EE,1
5.78,8,41,0,1,61,48,3,4,2,CSE,0
5.29,9,84,0,2,61,61,8,5,3,ECE,1
9.33,7,74,3,2,66,28,6,0,2,CSE,1
8.01,6,54,2,3,77,90,6,4,2,ECE,1
8.54,6,96,1,2,98,24,8,1,1,EE,1
5.1,4,38,4,0,61,52,6,5,3,CSE,0
9.85,4,100,0,2,56,50,0,4,1,CE,1
9.16,7,83,6,0,70,23,0,3,3,ECE,1
6.06,2,59,5,2,99,70,0,4,1,CE,1
5.91,10,84,4,3,67,29,2,1,3,IT,1
5.92,2,83,1,0,59,39,3,1,3,IT,0
6.52,10,41,6,1,88,37,7,1,3,ME,1
7.62,4,100,4,0,100,75,6,4,1,CSE,1
7.16,10,68,4,2,98,44,6,3,3,ECE,1
6.46,1,42,1,0,93,100,4,5,2,ECE,0
8.06,4,43,2,1,57,69,0,2,3,CE,1
5.7,7,63,4,3,69,34,0,4,3,CE,1
6.46,9,98,5,1,89,92,6,5,3,CSE,1
6.83,2,58,6,3,64,83,8,4,2,CSE,1
7.28,6,68,4,0,68,63,0,0,1,ME,1
8.93,9,73,6,2,92,56,0,1,3,ME,1
6.0,6,66,3,1,56,31,3,5,2,CE,0
7.57,8,61,1,0,100,41,0,3,1,ECE,1
7.96,7,75,5,1,77,53,8,2,2,ECE,1
5.23,8,95,4,0,73,70,1,5,2,CSE,1
8.04,2,87,6,0,68,100,2,1,2,EE,1
5.85,3,69,4,0,90,43,3,1,1,CE,1
5.33,2,35,0,0,57,98,8,1,3,CE,0
9.74,7,57,0,1,75,91,0,3,3,ME,1
9.83,3,40,2,2,59,21,4,2,1,ECE,1
9.04,2,42,1,3,88,24,7,5,1,CSE,1
6.52,7,81,3,1,77,81,7,4,1,ME,1
5.49,9,69,6,2,76,85,4,3,2,CSE,1
8.42,2,73,0,1,77,30,7,3,1,EE,1
7.2,6,88,1,3,78,77,7,3,3,IT,1
5.61,9,46,2,1,69,30,0,5,1,EE,0
7.48,1,61,1,0,80,95,2,2,1,IT,1
5.17,2,58,0,1,56,39,4,2,3,EE,0
9.55,4,33,1,3,60,66,3,1,3,CE,1
6.29,8,59,0,3,89,22,3,0,1,CE,1
8.31,2,70,5,0,84,99,1,0,3,CSE,1
6.56,6,58,2,1,74,78,6,3,1,CE,1
7.6,7,30,1,3,80,63,4,1,1,IT,1
7.73,6,64,6,1,93,25,8,4,2,CE,1
5.92,9,68,4,0,55,90,4,4,1,ME,1
9.85,8,65,5,2,56,71,8,5,3,CE,1
8.88,2,36,1,0,59,35,2,0,3,ECE,1
9.7,1,31,1,0,85,31,6,4,1,CSE,0
9.47,6,70,4,2,56,56,2,1,2,ECE,1
7.99,1,37,2,2,95,91,2,5,1,ME,1
9.61,1,78,5,1,56,32,1,5,1,IT,1
5.44,4,73,0,1,80,96,1,1,2,ECE,1
5.98,8,67,5,0,74,76,2,0,2,ECE,1
5.23,8,46,3,0,94,38,5,4,1,IT,0
6.63,9,79,5,1,60,57,6,0,2,CSE,1
6.94,1,63,3,3,73,67,5,0,2,ECE,1
6.36,2,84,3,2,99,88,2,4,1,ME,1
9.14,3,42,3,0,71,83,7,5,1,ECE,1
6.78,9,51,5,1,83,96,8,1,2,IT,1
6.4,3,63,3,0,75,85,8,3,1,ME,1
7.71,2,60,6,0,66,77,5,2,3,CE,1
5.7,4,87,5,1,56,90,8,5,2,ME,1
9.01,6,93,3,1,86,61,0,0,2,CE,1
5.37,6,37,6,1,97,93,7,5,3,CSE,1
9.93,2,59,6,3,78,23,2,0,2,CE,1
8.86,10,55,5,2,82,74,4,5,1,EE,1
5.99,3,64,3,0,74,60,3,3,1,CSE,0
5.03,1,41,6,3,100,99,2,5,2,CE,1
9.08,4,52,4,1,91,100,7,1,3,CSE,1
8.53,7,84,3,1,67,42,8,5,2,EE,1
8.65,7,41,1,0,89,80,8,2,2,IT,1
8.86,1,72,0,2,81,94,6,3,2,CE,1
5.37,5,95,6,2,87,85,2,2,1,CE,1
6.79,9,74,6,0,65,91,6,5,1,CSE,1
5.58,8,97,0,2,83,50,1,4,1,CSE,1
9.32,4,72,4,3,86,88,2,0,2,ECE,1
8.12,10,48,2,3,59,28,8,5,3,CSE,1
6.65,4,39,6,1,87,47,2,4,2,IT,1
5.32,4,75,2,2,66,76,5,0,1,CE,1
6.55,4,89,5,0,68,36,6,3,2,ECE,1
6.63,1,51,4,2,87,51,5,4,2,ECE,1
8.65,10,66,3,2,92,92,2,0,2,IT,1
8.19,9,95,3,1,78,49,1,2,2,ECE,1
9.44,9,32,3,2,99,76,0,5,2,EE,1
7.36,6,37,3,1,65,50,3,3,2,CSE,1
5.6,8,74,2,2,96,23,3,0,2,ME,1
8.57,3,90,0,3,94,20,6,0,3,EE,1
8.8,9,89,4,2,65,20,8,1,2,CSE,1
7.81,6,36,1,2,57,78,4,5,2,EE,1
8.85,7,31,3,3,93,60,0,5,2,IT,1
7.47,3,42,1,0,72,73,0,1,3,ECE,0
7.61,7,37,3,3,73,70,8,0,3,ECE,1
7.14,9,73,4,0,77,60,1,1,2,CE,1
5.13,3,68,6,0,80,86,0,1,3,IT,1
5.54,7,66,3,1,62,52,7,4,2,EE,1
5.16,9,42,0,2,63,45,0,0,2,CSE,1
8.18,10,99,0,2,90,28,4,1,3,ECE,1
6.57,3,82,6,3,95,58,2,2,1,IT,1
7.54,4,91,3,2,56,49,1,1,1,ECE,1
9.54,3,64,1,2,55,57,5,2,1,IT,1
6.25,6,66,3,3,89,73,3,0,3,CSE,1
7.05,8,76,3,3,97,58,1,4,1,ME,1
8.78,8,57,2,2,98,27,2,3,2,ME,1
6.14,7,39,3,1,88,88,8,1,2,ME,1
5.38,3,49,4,3,78,43,3,5,3,CSE,0
6.45,6,37,4,1,79,46,8,0,3,EE,1
5.81,4,35,0,1,93,49,8,4,3,IT,0
9.65,1,67,2,3,74,64,3,4,1,ME,1
9.04,5,79,3,1,75,40,1,2,3,EE,1
8.17,4,81,5,3,74,27,0,4,2,CE,1
9.36,4,74,3,0,59,94,4,0,1,CE,1
9.02,7,54,0,1,55,45,7,1,3,CE,1
5.93,6,44,0,0,97,94,7,3,1,IT,1
9.46,10,82,5,0,96,26,5,1,3,CE,1
7.7,7,40,4,3,88,34,1,3,2,ECE,1
9.04,6,92,5,3,87,49,6,5,3,EE,1
9.48,9,49,3,1,80,38,3,1,2,CSE,1
6.59,2,32,1,0,88,31,2,5,1,CE,0
5.55,9,56,6,0,62,30,5,1,1,CE,1
6.14,4,76,6,1,89,41,0,3,1,ME,1
7.14,10,93,5,0,68,89,5,5,1,CSE,1
9.09,1,92,1,0,61,34,6,5,3,ECE,0
9.3,2,31,6,1,64,100,1,4,3,ECE,1
5.03,10,52,6,1,85,79,6,3,3,CSE,1
7.55,5,77,0,1,73,49,7,3,2,IT,1
7.09,1,30,0,1,84,26,1,3,3,IT,0
6.11,7,36,4,2,70,26,6,5,1,EE,1
5.6,10,40,6,2,59,32,2,2,2,CE,1
6.69,4,84,6,1,66,80,3,3,2,ME,1
9.71,2,34,2,0,58,90,3,3,1,ME,1
6.62,8,73,1,0,92,35,3,1,3,IT,1
7.59,7,89,4,1,98,97,8,4,2,ME,1
8.52,10,100,6,2,85,43,5,1,2,EE,1
6.82,3,93,6,2,83,73,8,3,2,ME,1
9.86,2,45,1,2,92,51,2,1,3,ME,1
9.81,4,89,4,3,73,56,6,0,2,CSE,1
6.26,2,93,0,3,89,70,1,3,3,IT,1
7.49,3,44,5,0,56,20,3,3,2,CE,0
6.5,8,66,3,2,64,82,7,3,2,CE,1
6.42,9,66,3,2,74,66,2,0,1,ME,1
5.18,10,57,2,0,91,98,4,3,2,ME,1
8.05,2,49,0,0,88,56,5,1,3,IT,1
7.51,6,88,6,0,94,47,7,5,2,ECE,1
5.26,2,89,2,1,69,46,8,4,1,CSE,1
6.39,3,65,4,1,69,48,5,2,1,ECE,1
9.54,2,73,3,1,88,93,4,4,2,ME,1
6.2,8,58,2,1,98,76,8,4,2,EE,1
5.72,10,68,1,1,56,62,1,2,3,CE,1
7.45,9,84,0,0,95,83,3,0,2,CSE,1
9.93,4,97,5,3,72,23,0,1,3,ECE,1
6.21,7,50,3,2,58,91,3,2,2,CSE,1
8.36,5,58,0,1,92,77,1,0,3,ECE,1
8.81,4,60,3,0,75,87,2,0,3,CE,1
6.19,4,64,5,1,79,22,0,4,1,CE,0
8.64,1,68,3,0,98,22,6,3,1,ECE,1
6.84,3,66,5,3,99,54,2,3,1,ECE,1
8.16,4,30,1,1,63,75,2,2,2,EE,1
8.17,9,72,3,0,67,98,1,2,3,ME,1
7.68,4,51,1,2,61,64,3,4,3,EE,0
5.45,10,46,5,0,59,48,8,5,3,CSE,1
9.18,3,84,1,1,69,89,2,3,1,ME,1
6.6,2,30,2,2,79,58,0,2,2,ME,0
5.93,7,99,5,2,93,48,4,0,1,CE,1
5.2,8,100,6,2,96,40,5,2,2,IT,1
7.95,3,96,2,2,73,69,4,4,3,EE,1
8.39,7,52,0,2,59,93,1,4,2,CE,1
5.08,6,61,2,3,82,63,5,0,1,IT,1
7.56,3,75,3,2,98,55,0,4,2,ME,1
6.13,7,84,5,0,74,71,5,2,1,IT,1
8.23,7,32,4,2,58,88,1,1,1,CE,1
5.87,9,76,1,2,61,94,2,0,2,EE,1
8.45,4,82,0,3,56,74,6,2,1,CSE,1
6.93,4,38,2,3,84,77,8,0,3,EE,1
9.68,7,31,1,1,77,54,0,0,1,CE,1
5.69,3,97,4,3,88,64,8,5,3,IT,1
6.71,7,66,2,2,65,54,3,2,2,IT,1
5.57,7,86,3,3,75,87,6,5,3,ME,1
9.62,4,51,5,0,70,79,4,0,3,ME,1
9.39,10,98,3,1,85,49,2,4,1,EE,1
6.29,3,36,0,1,56,95,4,0,3,EE,1
8.3,1,50,1,1,88,20,5,4,1,IT,0
9.09,5,31,2,0,63,43,2,3,3,CE,0
7.78,2,42,5,3,90,55,4,4,1,CE,1
7.65,7,51,4,2,100,77,2,1,3,EE,1
6.21,5,57,3,0,58,70,4,0,1,CE,1
5.47,9,40,1,1,60,49,0,5,2,ME,0
9.49,8,68,0,0,94,93,7,2,2,CSE,1
9.5,1,90,3,2,58,25,6,2,3,CE,1
8.17,1,89,5,2,95,48,1,3,3,ME,1
6.7,9,34,0,3,82,71,3,0,3,CSE,1
6.75,3,76,6,2,67,94,7,4,2,CE,1
8.63,8,59,3,3,84,83,1,1,2,ME,1
9.49,8,96,6,2,74,66,3,5,2,ECE,1
9.44,10,78,0,2,66,90,4,5,3,ECE,1
8.9,6,36,4,2,66,39,4,4,3,ECE,1
8.21,6,61,3,2,99,97,8,5,3,IT,1
5.42,2,45,0,3,58,92,6,0,3,ME,1
5.81,8,44,0,1,93,49,6,5,2,EE,0
9.49,6,47,2,1,91,100,3,1,1,CE,1
8.03,8,31,4,0,85,29,7,1,2,CE,1
5.05,1,44,6,3,97,80,8,1,1,CE,1
5.51,9,71,4,2,70,40,1,1,1,CSE,1
8.32,6,62,1,1,64,65,4,5,1,ECE,1
5.03,10,84,1,2,98,93,2,2,1,CE,1
5.8,9,40,2,1,97,88,0,4,3,IT,0
7.74,3,54,0,3,60,24,1,3,1,ECE,1
8.46,1,46,5,3,78,59,3,5,2,EE,1
8.26,4,69,6,2,66,98,8,0,2,EE,1
6.12,7,35,5,3,66,97,0,4,3,ECE,1
8.56,1,90,2,1,96,29,2,0,1,EE,1
6.19,1,63,2,1,98,35,8,1,3,ECE,1
6.63,6,89,6,0,89,24,6,4,3,EE,1
8.73,7,46,2,1,76,44,8,2,1,CE,1
8.25,2,51,0,2,57,51,2,0,3,ECE,1
9.25,2,99,1,1,68,22,2,4,2,EE,1
8.29,5,91,3,0,59,72,6,1,1,ECE,1
7.84,7,86,1,0,95,50,3,1,1,ECE,1
5.47,4,35,6,2,92,54,3,1,3,IT,1
6.84,5,57,2,3,79,75,5,3,1,CE,1
6.33,4,62,4,3,85,61,3,5,1,EE,1
6.22,1,88,1,1,96,64,3,0,2,IT,1
9.87,8,46,0,0,93,25,4,1,3,ECE,1
6.97,1,34,4,1,66,75,5,0,2,ME,1
9.46,4,53,3,1,75,58,1,2,3,ECE,1
8.16,1,87,3,0,76,100,4,1,1,ME,1
8.97,10,46,6,0,71,57,7,2,2,EE,1
7.51,3,38,3,1,58,62,1,1,1,ECE,1
7.88,5,31,5,1,94,52,7,5,1,CSE,1
7.46,1,96,2,2,80,53,4,2,1,ECE,1
5.98,3,100,6,2,58,87,4,2,1,ECE,1
8.61,4,73,2,1,59,52,2,5,3,IT,0
6.4,5,51,0,2,74,54,2,0,1,ECE,1
5.12,2,75,0,0,69,98,1,0,1,IT,1
8.23,8,64,0,2,58,34,0,1,1,ECE,1
5.89,4,41,1,2,82,96,6,2,2,ME,1
9.7,2,67,4,1,61,90,8,0,3,ME,1
9.77,7,79,5,2,88,79,1,5,1,ME,1
9.57,4,74,5,0,64,21,4,3,2,CSE,1
6.85,10,99,2,2,86,47,8,2,3,IT,1
5.08,8,38,2,0,90,42,7,4,3,CSE,0
9.64,2,98,0,0,68,63,5,0,3,ME,1
7.14,10,40,3,2,72,40,2,0,3,IT,1
9.83,1,49,0,0,71,70,6,5,3,CE,0
9.82,3,31,6,1,63,83,1,1,1,CE,1
9.27,10,46,3,3,85,42,5,4,3,CSE,1
6.47,9,96,2,3,99,51,7,2,2,IT,1
6.93,8,79,6,2,93,66,2,1,1,CE,1
9.26,1,95,3,2,90,95,6,2,1,EE,1
6.58,7,76,1,3,71,55,1,0,1,IT,1
5.85,1,58,3,3,66,62,4,3,3,EE,1
7.78,4,75,3,2,67,36,7,5,1,CE,1
9.68,3,46,6,1,67,60,3,4,2,ECE,1
8.48,8,52,1,0,68,39,7,4,2,ME,1
7.85,4,34,5,3,61,49,7,4,2,EE,1
5.49,7,47,3,3,56,85,4,5,2,CE,1
8.08,6,72,5,1,57,72,6,3,2,CSE,1
9.95,1,70,6,2,64,35,1,5,2,EE,1
5.7,2,92,6,1,76,34,7,3,1,CE,1
7.59,7,54,6,1,91,48,4,1,1,ME,1
9.39,2,45,4,3,94,30,3,3,1,EE,1
8.7,8,51,6,1,93,66,3,4,3,ECE,1
8.49,9,43,6,3,66,52,3,3,3,IT,1
8.51,5,53,5,2,83,20,1,2,1,ECE,1
6.8,2,51,3,2,96,42,8,5,2,ECE,1
6.47,7,34,4,3,79,62,4,3,2,CE,1
9.05,5,99,4,2,55,41,0,1,2,ME,1
9.05,8,57,3,2,89,71,0,2,2,EE,1
9.34,7,81,0,2,68,99,3,0,3,ECE,1
9.57,9,82,4,2,64,59,5,2,1,ME,1
7.56,6,95,6,3,98,56,5,1,1,CSE,1
7.51,1,61,1,1,78,20,5,2,2,IT,1
8.99,3,63,3,0,77,100,0,3,1,CSE,1
8.25,3,51,2,1,100,90,8,2,2,IT,1
8.51,3,31,4,3,65,51,6,4,2,ME,1
8.98,4,34,2,3,72,96,1,4,1,ME,1
9.45,2,40,3,3,57,41,7,4,1,EE,1
6.69,5,64,2,3,69,81,6,4,3,CSE,1
6.88,8,53,2,3,75,63,2,0,2,ME,1
5.47,5,86,2,3,88,46,6,1,3,ME,1
7.89,3,85,0,3,100,51,5,2,2,EE,1
5.18,10,67,5,2,83,50,7,5,3,CE,1
7.33,10,90,2,3,85,75,7,4,1,ME,1
7.71,10,49,4,3,98,21,1,3,3,CSE,1
6.43,10,46,4,2,59,74,6,1,2,CE,1
7.95,3,87,5,3,90,74,2,2,1,CSE,1
5.15,7,60,4,3,66,55,6,0,2,CSE,1
5.19,5,68,3,2,79,75,0,1,3,EE,1
9.11,4,65,4,0,83,100,5,0,3,CSE,1
6.8,9,90,4,0,98,45,4,4,2,EE,1
5.64,9,82,2,0,65,80,0,2,2,ECE,1
7.61,5,77,3,3,71,20,8,3,3,CSE,1
8.85,10,38,5,2,81,53,7,2,1,ECE,1
6.08,8,91,4,1,71,43,2,4,2,EE,1
8.11,2,69,1,1,70,39,6,5,3,IT,0
5.43,4,92,6,2,97,97,5,2,3,CSE,1
5.26,8,46,1,2,58,60,2,1,3,ME,1
7.66,4,82,3,3,59,67,8,3,3,ME,1
7.7,8,50,3,1,72,40,6,3,3,EE,1
8.19,1,88,3,2,77,92,0,1,1,ECE,1
8.63,8,35,1,2,59,95,6,4,2,IT,1
9.88,5,63,2,2,83,60,6,1,1,CSE,1
7.58,1,42,5,3,55,100,1,2,3,ME,1
6.61,10,44,6,1,55,61,6,2,3,CSE,1
8.98,6,93,1,2,99,96,7,4,1,EE,1
6.35,3,68,3,0,61,57,1,3,2,ECE,0
7.19,3,71,4,1,96,79,5,0,2,ME,1
5.39,3,81,5,1,92,87,6,5,3,CE,1
5.13,7,39,3,3,96,39,3,4,3,CE,0
9.81,6,74,3,2,84,86,5,1,2,ECE,1
9.18,8,56,5,2,56,72,7,5,2,ECE,1
8.48,10,70,1,1,81,29,4,0,1,IT,1
7.04,7,75,5,1,100,95,8,4,1,CE,1
5.87,3,52,0,2,80,26,0,3,2,CSE,0
5.78,9,80,5,0,75,95,2,5,2,EE,1
6.25,9,100,2,2,73,73,6,2,1,CSE,1
7.75,1,36,6,3,64,69,2,5,2,ECE,1
8.57,10,84,3,2,94,84,1,0,1,EE,1
8.3,3,95,0,1,78,66,3,4,2,CE,1
6.4,8,31,1,1,68,21,2,0,3,ME,1
9.77,9,38,2,2,59,46,1,3,1,EE,1
8.69,1,94,4,2,88,39,3,2,3,IT,1
7.77,3,89,4,1,84,99,6,4,1,CSE,1
8.06,2,53,2,3,58,64,8,5,1,CE,1
7.1,10,51,1,2,67,61,5,2,3,CSE,1
6.24,9,41,4,0,56,44,0,5,2,CSE,0
6.78,6,80,4,0,69,31,3,3,1,CSE,1
8.79,6,43,6,2,58,62,3,3,2,ME,1
5.07,4,76,2,3,95,23,3,1,1,EE,1
5.58,2,39,2,2,96,58,7,3,2,IT,1
5.23,1,37,2,1,95,22,7,4,3,ME,0
5.2,3,55,3,3,79,83,7,1,3,EE,1
9.28,2,63,0,0,97,28,6,3,3,ECE,1
8.52,3,41,3,2,82,34,2,5,1,CSE,1
7.37,9,87,3,0,67,67,7,4,3,ECE,1
5.49,8,96,0,2,63,94,5,1,3,ME,1
7.46,4,41,4,2,89,86,5,5,2,IT,1
7.37,1,68,5,1,83,54,6,4,1,IT,1
5.87,2,94,5,2,99,96,1,2,3,ME,1
7.17,7,72,0,1,93,55,1,3,2,EE,1
6.99,3,64,6,3,78,87,0,4,3,ECE,1
8.08,6,39,2,0,58,21,0,3,1,EE,0
8.18,3,43,3,2,77,68,5,2,1,EE,1
5.23,2,45,0,2,57,96,6,4,3,ECE,0
6.87,9,35,2,0,82,54,6,2,3,EE,1
8.13,1,51,5,1,88,39,1,4,1,CSE,1
7.52,6,79,6,1,68,60,8,4,3,IT,1
9.28,6,47,5,0,80,99,8,5,2,CE,1
8.29,6,84,0,2,74,92,5,5,1,CE,1
5.81,6,69,1,1,76,47,4,5,3,EE,0
5.35,9,88,5,1,92,70,3,3,1,IT,1
8.21,7,30,3,3,79,63,6,2,1,IT,1
5.13,3,62,2,2,66,76,0,5,3,CSE,0
7.93,3,49,1,3,69,84,3,5,2,CE,1
9.7,5,37,3,2,58,20,2,3,3,CSE,1
7.88,2,49,1,2,75,90,8,0,2,CE,1
6.94,4,69,1,0,60,45,5,5,1,CE,0
8.22,5,52,0,2,63,60,7,3,2,CSE,1
7.29,3,82,6,0,56,36,1,0,2,CE,1
7.73,9,51,2,0,57,92,5,2,2,CE,1
9.71,3,86,5,2,65,20,1,1,1,CSE,1
6.93,3,84,1,0,93,100,1,4,3,ME,0
9.81,6,43,2,2,86,94,1,4,1,EE,1
9.53,10,30,0,1,75,53,6,5,1,ECE,1
5.98,9,87,0,1,85,27,8,1,3,CE,1
5.35,1,96,0,0,98,68,3,5,3,IT,0
5.5,4,81,1,3,87,45,0,3,3,CE,0
5.09,1,32,2,3,96,92,0,2,2,EE,0
5.47,6,44,2,0,77,27,2,3,1,ECE,0
8.42,9,92,3,3,78,83,0,4,2,CE,1
5.36,8,76,6,2,96,54,1,3,2,IT,1
6.59,6,57,5,2,97,52,0,1,1,CSE,1
9.22,10,73,6,1,66,71,4,3,1,CE,1
5.12,6,79,5,2,60,28,5,1,1,IT,1
9.07,9,65,5,2,82,24,1,3,1,ECE,1
6.41,5,51,4,2,62,81,4,1,3,IT,1
5.59,1,90,1,0,62,96,4,3,1,IT,0
8.48,5,54,4,2,85,82,2,4,2,IT,1
8.14,8,67,1,1,84,38,4,4,3,IT,1
9.39,9,59,6,0,96,59,5,3,2,EE,1
8.68,7,71,1,3,67,44,7,3,2,IT,1
9.02,8,91,0,0,95,77,4,5,2,IT,1
6.41,5,48,2,0,92,82,2,1,2,ME,1
5.89,9,77,0,2,96,26,3,0,1,ME,1
8.75,2,31,5,0,72,65,7,1,2,CE,1
9.03,6,90,6,0,58,73,0,3,2,CSE,1
9.95,3,52,6,0,72,77,5,2,1,CE,1
7.06,5,31,1,3,79,47,2,2,2,ME,1
6.86,6,43,1,3,89,50,8,4,2,CE,1
8.88,1,58,6,0,80,34,5,5,1,ECE,1
6.7,9,60,1,1,92,97,7,0,1,CSE,1
9.65,2,47,6,3,89,87,6,1,3,ME,1
9.29,5,58,1,0,58,91,7,1,2,ECE,1
7.14,8,67,0,3,57,43,1,5,2,ECE,1
8.75,7,78,6,1,56,63,5,0,2,CE,1
8.77,10,35,5,1,64,71,1,1,3,CE,1
5.52,8,99,4,1,95,41,1,5,1,ECE,1
9.51,10,87,4,0,66,77,8,4,3,IT,1
7.53,4,40,2,2,60,49,8,1,2,CE,1
9.13,5,89,1,2,68,87,4,0,3,ECE,1
6.6,5,40,2,3,64,34,6,5,2,IT,0
9.48,8,74,0,2,91,24,3,1,2,ME,1
6.95,8,32,3,1,83,98,2,1,1,EE,1
5.05,5,47,6,3,95,57,4,1,2,ECE,1
9.53,4,96,2,2,73,77,3,5,1,IT,1
5.46,5,57,2,0,86,73,8,3,1,CSE,1
6.6,10,46,3,3,75,78,7,3,2,CSE,1
9.75,8,48,1,2,83,62,4,5,2,CE,1
9.75,10,75,0,1,57,25,2,4,3,EE,1
7.87,10,40,1,1,99,26,7,1,3,IT,1
8.16,1,73,1,3,98,95,0,0,2,ME,1
7.24,6,67,4,2,55,34,5,0,1,CE,1
6.47,7,54,4,1,78,61,4,5,3,CE,1
6.64,6,74,4,3,73,82,2,1,3,ECE,1
8.36,9,35,5,2,90,62,2,2,3,IT,1
8.76,9,78,5,3,62,23,6,5,3,IT,1
8.96,1,65,3,3,84,96,8,0,1,ECE,1
8.95,4,37,0,0,92,64,8,0,1,ECE,1
5.46,5,53,1,0,56,91,7,5,1,CSE,0
7.47,9,61,6,0,85,65,6,1,3,ME,1
5.29,8,52,3,3,88,92,8,4,1,CE,1
7.75,9,39,6,3,65,81,8,5,3,CSE,1
7.21,2,100,2,3,70,54,6,4,3,EE,1
9.44,4,64,1,2,78,49,3,4,1,ME,1
6.75,3,41,2,1,58,58,8,4,2,ME,0
5.59,6,63,1,0,95,68,1,5,3,CSE,0
5.71,9,91,0,1,100,44,4,5,2,CSE,1
8.81,6,42,0,3,81,26,0,2,3,CSE,1
8.09,8,93,0,1,95,58,6,2,2,IT,1
5.51,10,36,1,1,64,61,1,4,1,ECE,0
5.42,2,63,4,0,97,78,2,0,2,ECE,1
8.5,4,66,1,0,92,23,7,0,1,ME,1
5.36,9,67,3,3,55,50,8,3,3,ME,1
9.11,4,75,2,1,94,25,1,5,3,ME,0
8.53,2,73,3,3,73,66,2,1,2,CSE,1
5.41,2,96,5,2,78,32,3,0,1,CE,1
5.42,5,55,6,2,99,22,7,1,2,CSE,1
9.93,6,39,0,2,90,66,6,3,1,CE,1
6.87,3,52,2,1,91,65,0,2,1,CE,1
6.85,5,59,4,0,57,68,5,2,1,CSE,1
9.06,6,38,4,2,96,92,1,4,2,ECE,1
9.74,8,90,1,2,87,89,7,1,2,ECE,1
9.93,6,62,6,0,55,61,1,5,1,CE,1
8.77,5,82,6,1,69,52,2,2,2,ECE,1
6.88,1,37,0,1,74,42,2,0,3,CE,0
5.42,8,79,1,3,75,35,4,5,1,EE,1
8.89,10,45,2,2,88,77,0,3,2,EE,1
7.79,7,87,6,2,65,27,3,4,1,ME,1
7.12,10,37,4,1,87,86,4,0,3,ECE,1
9.53,2,68,0,2,98,35,6,1,2,EE,1
5.56,9,32,4,0,84,72,1,5,2,ECE,0
7.46,3,97,4,2,81,55,8,2,3,ECE,1
5.06,5,67,3,3,58,84,0,1,1,CE,1
7.34,5,74,3,2,62,100,8,0,1,EE,1
5.28,4,57,1,0,63,99,7,0,3,ME,1
5.59,3,86,1,2,88,37,1,0,3,CE,1
5.59,8,64,6,3,88,31,8,1,3,CSE,1
8.25,6,71,6,0,83,100,7,1,1,EE,1
8.73,3,55,4,2,71,56,0,5,2,IT,1
7.92,4,50,5,3,93,45,4,5,2,CE,1
9.81,8,60,0,2,96,30,5,5,3,IT,1
6.87,10,36,1,1,70,47,7,1,1,CSE,1
6.43,6,58,4,0,88,50,2,3,2,ME,1
9.34,1,91,1,2,64,62,6,5,2,ME,1
6.12,10,78,1,2,91,83,8,5,3,IT,1
9.82,6,42,6,3,79,68,2,1,3,CSE,1
5.06,5,86,5,3,59,88,0,3,1,ME,1
9.85,7,93,4,2,93,59,6,0,1,CSE,1
5.22,4,59,1,0,74,32,5,4,1,EE,0
9.46,9,36,4,3,56,22,0,0,3,ME,1
7.64,5,67,6,0,59,77,5,3,2,IT,1
9.96,2,96,0,2,70,63,4,5,2,CE,1
5.37,7,76,3,1,57,35,5,2,1,IT,1
7.77,5,47,0,1,82,32,6,3,3,EE,1
9.85,6,65,2,2,89,88,4,1,1,ME,1
7.62,5,63,3,2,75,71,0,0,1,CSE,1
8.15,4,65,2,2,82,49,1,2,1,CSE,1
8.48,2,35,0,2,80,33,4,0,1,IT,1
7.27,8,92,2,1,80,70,2,1,2,EE,1
8.14,8,59,6,1,84,85,5,2,2,IT,1
7.92,9,66,0,0,87,23,2,5,3,ECE,0
9.51,7,62,5,2,94,48,0,2,1,IT,1
5.23,7,85,6,2,75,34,7,3,3,CSE,1
6.4,6,96,1,1,84,22,5,4,3,CE,1
9.75,10,84,6,2,93,72,5,4,3,IT,1
9.45,2,100,5,0,98,50,1,2,2,ECE,1
7.28,4,30,6,1,96,70,8,0,3,CE,1
8.1,2,58,1,2,97,56,0,5,1,CE,0
6.39,3,57,0,2,78,33,2,5,2,EE,0
5.94,1,80,6,1,60,93,1,3,1,CE,1
7.32,4,72,4,0,90,99,8,5,2,ME,1
6.77,9,75,2,1,100,72,4,2,1,ME,1
7.92,8,99,5,3,97,33,7,3,2,ECE,1
5.39,1,71,1,0,98,51,3,5,3,IT,0
9.87,6,48,0,3,59,46,8,1,1,CE,1
9.93,7,91,6,1,87,58,1,0,1,ECE,1
8.49,3,64,0,3,56,22,2,5,2,ECE,0
7.68,3,37,2,3,85,22,1,3,2,EE,1
6.55,2,58,3,2,98,31,1,4,3,CE,0
9.07,2,75,5,3,62,55,6,3,3,ECE,1
8.42,6,39,2,2,66,91,3,1,1,EE,1
5.81,6,63,3,2,83,68,3,2,3,ME,1
9.55,5,98,3,0,76,27,4,3,2,EE,1
9.11,3,76,4,2,59,94,0,5,2,CE,1
9.75,6,50,1,1,98,100,5,4,1,CE,1
8.63,7,79,0,1,91,65,8,3,3,EE,1
8.07,5,77,2,2,69,100,1,3,2,CSE,1
7.09,7,70,6,3,62,76,1,2,1,ME,1
9.66,5,100,6,2,81,69,3,1,3,ECE,1
9.33,4,82,1,1,99,43,8,5,2,IT,1
5.23,5,55,3,2,95,85,7,1,3,CSE,1
5.13,4,82,2,2,100,98,2,5,1,CE,1
6.88,7,70,5,0,78,81,7,1,2,CSE,1
9.05,4,32,1,1,92,61,0,2,2,ECE,1
9.94,8,46,6,3,74,64,3,3,2,EE,1
5.75,3,67,4,0,84,74,7,2,2,IT,1
7.97,6,41,6,1,72,88,0,2,3,ECE,1
6.9,10,81,4,0,81,58,4,0,2,CSE,1
9.85,1,60,6,0,56,79,6,0,3,ME,1
9.21,10,68,0,0,68,46,8,0,2,IT,1
9.19,1,83,3,3,100,42,8,1,3,IT,1
7.34,7,62,1,0,68,60,0,2,1,CE,1
7.07,5,86,1,3,99,61,3,3,3,ECE,1
6.37,4,88,2,3,62,51,7,0,3,CE,1
5.28,3,90,5,3,76,61,2,2,3,ECE,1
9.32,5,34,3,3,80,68,2,3,3,IT,1
9.06,1,74,6,2,81,31,0,1,2,IT,1
10.0,10,47,1,1,88,74,4,2,3,ECE,1
9.98,2,40,5,0,80,61,4,1,1,IT,1
7.78,9,31,1,0,95,51,1,5,3,EE,0
8.84,10,80,6,1,57,24,3,2,3,EE,1
9.72,5,59,6,0,96,77,1,3,1,CSE,1
9.25,3,36,0,2,87,100,3,2,2,CSE,1
6.24,5,77,3,0,97,38,8,1,3,ECE,1
7.25,7,70,4,1,78,48,3,1,1,ECE,1
5.65,3,61,2,0,63,26,1,4,3,ME,0
9.77,8,82,2,2,56,39,4,5,2,CSE,1
8.03,6,99,6,1,81,66,7,5,2,ECE,1
6.14,9,49,2,0,78,53,7,5,2,CE,0
8.36,3,45,6,1,58,52,1,2,3,EE,1
8.09,4,52,5,2,74,64,7,2,3,ECE,1
6.79,10,75,1,3,67,78,6,4,1,CE,1
5.57,3,42,4,1,76,56,6,2,2,CE,1
8.36,7,55,1,2,71,97,2,0,3,IT,1
7.6,8,64,4,0,94,72,1,4,2,CSE,1
8.86,7,99,1,2,76,74,7,2,2,EE,1
7.6,3,59,0,2,93,58,1,0,3,CSE,1
9.26,1,64,3,2,74,72,6,5,1,CSE,1
7.76,3,34,0,1,74,82,3,1,3,CSE,1
7.8,9,84,5,0,100,88,2,1,2,CE,1
9.38,6,91,5,0,66,50,1,4,1,ECE,1
7.02,5,91,1,3,73,72,4,4,3,EE,1
5.67,4,88,0,0,91,98,8,3,2,IT,1
5.14,3,90,4,2,90,32,6,1,2,ECE,1
8.78,9,33,5,0,74,62,5,0,1,ECE,1
8.1,6,65,4,1,88,52,7,1,1,EE,1
8.52,7,76,0,3,93,24,1,2,3,CE,1
6.06,9,46,1,2,96,54,8,3,3,ME,1
5.68,8,56,4,0,73,89,4,1,1,ME,1
5.07,1,63,2,1,80,57,5,0,1,CSE,1
6.75,4,43,6,3,96,21,6,4,3,EE,1
7.95,9,75,6,3,59,72,7,1,2,IT,1
6.96,9,54,4,1,65,95,8,1,2,ME,1
7.19,9,46,1,2,71,38,8,5,1,CE,1
9.52,8,52,5,3,96,81,4,2,1,ECE,1
6.74,4,70,2,1,87,63,7,5,3,CSE,1
7.57,8,39,0,3,95,50,3,0,1,ECE,1
8.92,1,64,0,3,79,24,0,5,2,ECE,0
6.98,2,36,2,3,79,72,2,2,1,EE,1
8.11,8,75,2,1,86,30,7,4,1,ME,1
9.31,10,68,2,1,72,66,8,1,1,CSE,1
9.75,3,82,4,0,100,66,1,3,2,CSE,1
5.74,1,54,6,1,65,97,0,1,1,CSE,1
9.63,1,38,3,3,67,48,5,3,3,CE,1
7.46,8,40,1,1,96,26,2,5,2,CE,0
6.29,1,73,6,0,78,60,6,0,2,IT,1
7.3,1,95,2,2,87,77,4,5,3,CE,1
9.9,3,34,4,0,92,77,7,4,2,ECE,1
7.46,8,53,5,2,73,88,3,0,3,CSE,1
6.64,5,72,0,1,73,79,8,4,1,IT,1
8.17,10,92,6,3,73,69,3,0,1,EE,1
6.2,1,97,2,2,61,40,3,3,1,ME,1
5.38,9,90,2,1,88,84,3,2,2,CE,1
5.64,9,76,1,3,62,58,3,4,3,ECE,1
5.64,5,96,5,2,67,76,5,2,3,CE,1
5.76,2,52,3,3,60,91,1,1,2,ME,1
5.69,9,37,3,1,86,78,4,2,3,IT,1
8.2,7,72,5,0,56,86,0,3,2,CSE,1
5.91,7,84,5,3,83,92,4,3,3,EE,1
6.73,9,38,6,1,80,37,6,1,2,CE,1
9.48,1,58,4,0,72,29,2,1,1,ME,1
7.37,10,57,4,1,94,94,2,5,3,ECE,1
8.34,8,56,6,3,90,20,4,1,1,ECE,1
5.86,2,61,5,0,64,50,7,1,1,CSE,1
5.96,6,70,2,1,67,67,3,1,2,ECE,1
5.2,4,36,3,3,79,24,6,1,1,ECE,1
5.84,2,36,1,3,98,35,8,1,1,CE,1
6.39,6,69,5,1,90,85,6,4,3,CE,1
5.89,2,78,5,1,93,52,3,5,3,EE,0
5.44,2,97,4,0,87,65,3,4,1,EE,1
5.6,9,87,2,1,57,30,6,3,2,CE,1
7.3,9,43,5,0,61,78,8,3,2,IT,1
6.03,9,78,0,1,92,35,4,1,3,EE,1
6.82,8,100,1,3,62,91,6,0,3,ECE,1
7.52,6,81,4,1,98,52,1,3,1,CE,1
8.45,9,41,2,0,74,67,2,0,1,ECE,1
5.2,1,87,1,1,66,34,6,1,3,IT,1
9.0,4,98,0,0,95,47,7,1,1,ECE,1
8.14,1,97,3,0,81,50,5,1,3,IT,1
5.41,10,40,2,2,100,59,1,0,1,ME,1
9.37,6,94,2,1,76,47,6,1,3,ECE,1
9.6,9,51,3,2,62,38,8,1,1,ECE,1
5.31,10,62,2,0,97,50,8,4,2,IT,1
6.38,5,46,5,0,55,20,8,4,2,IT,0
9.03,2,96,0,2,72,81,0,1,2,CE,1
8.74,2,67,4,0,55,28,5,3,1,ME,1
5.92,2,96,4,3,92,68,4,2,3,ECE,1
6.05,1,72,1,0,86,20,0,3,3,EE,0
6.85,2,73,4,1,91,93,8,5,2,CSE,1
7.42,1,50,5,3,93,78,5,4,2,EE,1
8.09,9,64,4,0,64,85,0,3,1,EE,1
6.84,10,86,2,2,60,89,4,1,2,CSE,1
7.31,8,35,0,3,78,58,8,5,1,IT,1
8.74,3,66,6,2,63,38,8,4,1,ECE,1
5.18,10,50,0,3,58,90,6,0,1,CSE,1
6.26,1,76,1,1,78,89,4,1,1,CSE,1
8.57,8,34,6,0,62,92,3,2,1,ME,1
9.48,3,79,0,0,83,70,4,0,2,IT,1
7.56,4,48,4,0,77,39,3,2,3,CE,1
7.66,7,84,5,2,99,44,1,4,1,ECE,1
5.54,3,80,3,1,82,68,5,1,3,ME,1
7.24,5,95,1,0,56,70,7,1,1,EE,1
7.66,6,38,6,1,82,83,7,2,1,ECE,1
6.21,9,30,1,0,83,23,4,3,3,ECE,0
6.35,2,69,4,1,67,83,0,5,2,CSE,0
6.89,3,40,1,1,68,44,7,4,3,EE,0
5.1,3,40,3,2,77,51,5,4,1,IT,0
6.61,5,44,0,0,69,68,6,2,2,ME,1
6.06,7,32,3,3,90,71,1,3,1,EE,1
6.64,1,30,5,0,66,61,1,5,2,ME,0
5.6,4,84,4,3,89,47,6,2,3,EE,1
9.45,10,46,6,1,63,42,7,4,3,IT,1
7.97,4,69,0,2,63,27,1,1,1,CSE,1
8.4,4,50,1,2,70,24,4,5,3,CSE,0
8.95,4,36,2,3,86,90,1,0,3,ECE,1
7.49,7,40,0,3,56,93,6,3,2,CE,1
5.43,2,63,4,2,89,59,3,0,2,CSE,1
7.69,5,95,3,0,99,48,1,2,2,ECE,1
7.93,10,93,0,3,64,57,4,5,2,CSE,1
8.73,2,58,3,2,88,95,1,4,2,ECE,1
7.16,9,94,2,1,99,69,3,2,1,CE,1
5.64,7,82,5,1,90,84,2,5,2,ME,1
6.42,5,49,5,3,64,71,4,2,2,CSE,1
6.82,5,68,3,2,97,95,6,1,3,CE,1
8.23,7,31,0,2,70,98,5,4,2,CE,1
7.85,6,87,1,0,58,33,7,3,2,IT,1
6.78,5,59,6,3,77,76,2,5,3,ECE,1
9.93,7,30,5,2,58,21,6,3,1,IT,1
8.03,7,90,4,0,82,99,3,0,1,CSE,1
6.19,10,54,0,0,76,91,8,1,3,ECE,1
5.51,5,71,5,3,86,33,0,1,3,EE,1
5.76,5,35,6,1,73,91,1,3,3,IT,1
6.23,6,58,5,0,67,65,8,1,1,ECE,1
5.8,10,37,4,0,81,73,1,4,1,CSE,1
5.93,9,61,2,3,78,39,1,3,2,ME,1
6.43,2,68,4,2,88,22,8,3,1,CSE,1
5.87,10,51,0,2,83,91,6,0,3,ECE,1
9.48,8,87,6,1,66,39,0,1,3,IT,1
5.4,1,77,0,3,71,88,4,3,2,CSE,1
7.62,9,87,0,0,71,69,5,1,1,CE,1
7.05,10,68,5,0,72,93,7,5,1,ME,1
9.91,8,81,6,1,70,95,6,1,2,CSE,1
5.56,6,64,5,3,72,86,4,3,1,CSE,1
6.99,10,99,2,2,98,77,4,5,3,ECE,1
9.85,3,75,2,3,66,26,7,1,1,IT,1
9.33,5,38,4,1,92,43,3,0,2,IT,1
9.09,1,68,0,1,97,66,1,5,1,IT,0
6.29,1,64,4,3,67,46,7,5,3,IT,0
5.85,2,40,1,2,66,71,5,4,3,CE,0
8.34,9,51,4,3,86,87,1,1,1,CE,1
9.65,10,73,6,0,81,29,4,2,2,CSE,1
7.78,2,67,0,2,64,23,2,1,3,CSE,1
7.86,7,57,2,2,89,63,4,4,3,CSE,1
6.4,4,89,2,2,66,50,4,0,1,ME,1
8.85,8,71,3,3,59,99,5,0,2,CSE,1
5.94,10,32,6,2,89,78,1,4,3,CSE,1
6.62,10,33,5,3,78,68,0,1,1,EE,1
7.13,9,44,0,2,73,86,8,2,1,CE,1
7.54,7,35,2,0,87,38,4,2,2,ME,1
6.21,8,87,4,0,78,87,0,0,2,IT,1
5.57,1,62,5,1,57,36,2,0,2,CE,1
8.05,4,86,4,2,75,32,8,5,3,ME,1
6.44,10,71,2,1,87,76,8,3,2,CE,1
7.91,10,54,1,1,78,90,6,0,1,ME,1
5.77,4,41,5,1,66,76,7,5,1,CSE,1
7.41,7,35,1,2,58,31,1,0,2,CE,1
7.66,5,89,5,0,89,38,3,1,2,ECE,1
5.26,4,36,3,3,91,71,7,4,3,IT,1
6.68,10,94,0,3,89,91,6,4,1,CE,1
5.67,2,53,0,3,75,37,6,3,1,IT,0
5.32,1,98,4,1,72,69,0,1,2,ME,1
9.95,9,77,4,3,81,77,0,3,1,ECE,1
6.61,9,65,0,0,56,24,8,5,1,CE,0
9.05,10,60,5,3,75,82,2,0,2,CSE,1
6.27,3,55,1,2,88,63,2,2,3,CE,1
8.41,1,75,1,3,86,82,5,2,1,EE,1
8.8,3,84,1,0,55,32,7,5,3,EE,0
7.98,9,41,1,3,100,38,6,5,2,ECE,1
7.36,3,40,1,2,91,54,3,0,2,IT,1
7.06,3,36,2,2,63,60,0,3,1,EE,0
6.74,10,66,3,2,61,53,0,3,3,IT,1
9.65,10,92,1,3,87,80,3,5,3,CSE,1
9.15,7,84,3,1,64,83,1,1,2,CE,1
9.83,2,34,0,1,90,56,0,3,2,ME,1
5.62,6,47,0,2,95,62,5,3,3,IT,1
8.65,10,33,0,2,58,35,1,2,2,ECE,1
9.69,1,44,6,3,61,70,1,3,3,CE,1
5.91,2,58,0,0,84,59,8,0,1,CE,1
5.33,4,80,2,1,61,89,8,2,3,ME,1
8.71,10,62,0,2,62,48,2,3,3,ECE,1
7.87,10,76,5,2,82,98,2,1,2,ECE,1
9.21,3,100,6,0,97,35,7,2,2,CE,1
5.7,1,81,4,2,87,31,5,5,3,CE,0
8.98,3,45,0,2,75,30,8,5,1,CE,1
6.01,4,45,0,0,60,81,0,0,3,CE,0
5.82,3,59,2,1,83,41,1,5,2,CSE,0
5.82,10,87,3,3,56,99,8,4,2,IT,1
9.07,4,71,3,1,61,50,1,1,3,ME,1
8.33,7,41,6,0,84,33,6,1,3,ECE,1
7.62,4,48,1,0,71,79,0,1,2,CSE,1
6.79,6,74,6,2,78,73,2,3,3,EE,1
9.39,1,37,0,0,74,79,5,3,2,CE,1
6.96,4,97,1,3,97,34,6,4,1,EE,1
9.08,3,55,1,1,83,28,1,3,3,ME,1
7.2,8,40,6,0,97,41,4,5,3,ECE,1
6.88,8,59,3,3,93,95,5,5,1,CSE,1
7.31,3,46,6,3,58,30,2,3,1,EE,1
6.51,7,66,6,1,66,52,8,2,2,CSE,1
8.74,9,100,4,2,91,47,7,1,3,IT,1
7.51,7,79,1,3,91,41,6,1,1,ECE,1
6.16,3,80,6,3,61,90,8,2,1,ME,1
9.5,9,84,5,3,100,96,0,0,2,CSE,1
6.92,8,62,6,3,77,49,1,5,3,ECE,1
7.72,3,53,6,3,66,48,0,3,1,ECE,1
9.53,6,71,3,2,80,82,2,0,1,EE,1
8.12,4,87,5,2,66,72,5,0,2,ME,1
5.58,4,89,2,3,60,100,7,3,1,CSE,1
9.7,3,84,1,3,68,21,8,5,1,ME,1
8.14,6,33,4,1,55,82,8,4,1,CE,1
6.67,2,59,2,3,76,63,6,3,2,EE,1
5.7,3,80,1,3,68,70,8,1,3,CSE,1
8.97,4,40,1,0,99,77,2,3,1,EE,1
8.1,10,40,4,2,74,23,1,1,2,CSE,1
7.67,10,73,2,3,78,100,2,2,2,CE,1
9.47,9,94,4,0,62,91,1,4,3,IT,1
8.94,8,56,0,3,86,97,6,1,3,CSE,1
5.76,5,47,5,2,99,98,8,3,2,CSE,1
6.56,6,99,5,3,72,73,7,0,2,CE,1
6.24,1,42,1,0,80,62,5,2,2,ME,0
8.72,1,96,1,2,93,85,3,1,2,EE,1
5.17,9,45,0,2,66,43,1,2,1,CE,1
7.85,3,94,6,2,57,73,7,0,1,IT,1
8.81,10,77,1,2,95,43,7,4,3,ECE,1
9.38,3,45,5,3,64,45,1,4,1,IT,1
6.71,1,61,1,3,62,93,8,0,1,CSE,1
9.11,8,39,0,1,63,39,2,0,3,ME,1
5.55,9,59,3,1,87,77,3,3,2,ECE,1
9.23,3,95,4,3,55,40,6,2,3,ME,1
5.64,2,81,4,0,75,90,8,2,2,CSE,1
6.99,9,97,4,2,74,95,0,1,3,EE,1
8.99,4,65,6,0,90,88,4,3,3,ECE,1
5.75,9,55,1,0,62,76,6,2,1,CSE,1
6.15,7,67,5,2,100,77,3,5,2,CE,1
8.61,6,52,1,2,75,44,3,5,1,CE,1
8.6,9,32,3,1,97,88,6,3,1,ME,1
8.21,8,71,2,2,77,26,5,2,2,CSE,1
8.47,3,91,0,3,95,30,8,3,2,CE,1
7.71,6,63,6,3,92,36,4,3,3,ECE,1
6.26,7,42,3,3,97,74,2,1,2,ME,1
6.73,10,48,4,1,72,43,1,2,2,CSE,1
5.91,10,69,1,0,68,32,1,4,1,CE,0
9.54,6,56,1,3,82,75,1,0,3,IT,1
7.92,8,71,2,2,90,66,4,4,2,ME,1
7.0,4,31,3,3,69,84,5,0,2,IT,1
7.31,4,85,4,3,84,32,1,5,2,CSE,1
9.74,6,64,3,0,59,62,4,2,3,CSE,1
5.77,1,78,3,1,74,27,2,4,2,EE,0
7.93,3,96,6,3,81,46,7,0,1,CSE,1
7.53,5,40,2,2,99,82,5,0,3,ECE,1
8.06,4,62,1,1,97,94,4,0,3,EE,1
5.09,5,43,2,1,100,48,5,2,3,IT,1
9.36,3,75,3,3,84,33,4,2,3,ME,1
9.66,6,32,0,2,65,69,3,3,3,CSE,1
7.83,4,92,3,2,61,86,3,1,1,CE,1
8.48,1,80,3,2,56,85,7,1,3,EE,1
9.61,10,60,0,0,60,59,8,5,1,ME,1
8.54,1,36,2,2,98,26,2,1,2,CSE,1
5.76,9,36,2,1,59,31,2,2,1,CSE,1
7.88,9,30,0,1,71,21,4,4,3,EE,0
8.03,4,89,5,3,56,81,2,1,3,CSE,1
7.12,1,67,1,3,91,53,5,2,2,CE,1
8.68,4,34,3,3,98,88,1,2,2,CE,1
9.67,8,79,1,2,56,42,2,5,1,IT,1
9.63,1,77,2,2,72,28,3,2,2,CSE,1
7.25,3,51,4,0,70,83,8,2,3,CSE,1
5.57,6,42,3,2,88,82,8,2,3,CSE,1
9.92,3,47,2,1,63,87,1,3,2,ME,1
9.19,5,87,3,1,76,26,4,3,3,IT,1
5.62,1,89,5,1,80,20,5,2,3,IT,1
9.6,3,89,5,2,56,57,0,5,3,CSE,1
9.35,3,31,5,3,70,43,2,2,1,ME,1
7.59,10,77,6,3,72,60,0,3,2,CSE,1
7.96,4,33,1,1,81,72,4,1,1,ECE,1
7.0,5,71,1,2,68,31,1,4,3,IT,0
5.27,2,43,4,2,65,98,6,0,2,ME,1
6.68,4,54,5,1,97,36,5,1,3,IT,1
9.01,6,47,5,0,94,86,2,2,2,ME,1
5.02,7,55,6,1,61,23,1,0,2,ECE,1
6.67,8,58,4,1,56,68,1,2,3,ME,1
6.99,3,65,4,0,72,98,2,4,1,EE,1
7.69,4,69,3,1,64,37,3,0,1,CE,1
9.6,8,86,2,2,76,21,4,4,2,CSE,1
6.73,8,93,5,0,95,36,6,5,1,EE,1
6.73,9,48,4,3,80,53,8,4,1,IT,1
8.69,7,71,2,0,75,26,6,1,2,ECE,1
7.26,5,66,2,0,68,42,6,3,2,EE,1
6.12,5,97,0,3,71,48,2,4,3,EE,1
7.26,2,30,5,3,76,46,4,1,1,CSE,1
5.7,9,68,5,1,76,43,8,1,3,CE,1
5.88,3,55,3,3,77,94,0,4,3,CSE,1
7.49,8,51,5,2,100,25,8,4,2,ME,1
7.09,8,64,4,1,93,36,3,0,2,IT,1
9.57,8,49,1,1,55,49,1,3,3,IT,1
6.81,10,97,6,1,71,59,6,3,2,CSE,1
7.9,6,64,5,0,72,86,3,4,2,IT,1
8.16,10,67,2,2,58,85,2,5,1,EE,1
5.07,9,91,3,2,60,96,1,2,3,CE,1
8.32,6,92,5,0,76,77,1,1,1,ME,1
5.89,4,75,0,2,80,48,7,0,3,IT,1
9.81,7,77,0,0,83,77,0,5,3,EE,1
5.74,7,48,1,1,92,81,6,1,3,EE,1
7.07,1,31,4,2,96,36,1,1,1,EE,1
5.43,7,68,0,3,58,63,0,2,1,CE,1
9.98,2,63,3,3,70,64,8,5,2,CE,1
7.51,7,50,3,3,81,91,2,1,1,ME,1
7.98,8,74,6,1,74,84,7,3,3,ECE,1
5.34,8,92,2,0,62,61,8,4,2,CE,1
8.75,7,62,5,0,59,29,2,4,2,CE,1
6.05,5,31,1,3,74,65,5,4,2,CSE,1
9.49,5,36,1,3,82,27,1,2,2,ME,1
6.03,10,78,4,2,79,79,8,5,3,CE,1
5.95,1,76,4,1,66,82,2,4,3,IT,0
5.18,3,44,3,2,64,74,6,0,1,CSE,1
7.36,5,87,2,0,85,88,5,4,2,CSE,1
7.82,8,62,0,2,89,28,7,3,2,CSE,1
5.33,2,94,2,0,60,64,8,3,2,CSE,1
8.88,7,54,6,0,57,46,4,4,1,IT,1
7.27,7,74,5,3,90,32,5,4,2,ECE,1
7.62,3,82,6,1,61,71,6,4,1,IT,1
7.2,6,79,3,0,62,99,8,5,3,ME,1
7.0,10,74,1,2,78,68,0,2,3,EE,1
7.8,2,74,0,0,78,50,0,3,1,EE,0
5.78,9,35,5,1,66,70,8,1,1,CE,1
5.91,2,38,4,3,70,89,2,0,1,CSE,1
9.31,4,57,4,1,88,43,4,4,2,ME,1
9.73,9,84,2,0,81,46,5,1,1,CSE,1
6.87,10,86,5,1,55,64,2,5,2,IT,1
6.35,7,34,6,3,57,34,1,3,3,CSE,1
8.22,7,61,0,3,57,23,7,5,3,ECE,1
7.04,5,61,3,3,65,91,6,0,1,CE,1
5.13,9,31,6,1,55,37,5,5,3,ME,0
5.78,6,97,5,0,83,69,2,3,3,EE,1
8.58,4,79,5,0,74,43,8,4,1,CE,1
8.29,2,89,1,1,69,56,4,3,1,ECE,1
5.14,8,83,4,1,91,62,2,4,2,EE,1
6.11,6,97,1,0,60,91,8,1,2,CE,1
6.16,5,81,6,2,91,76,1,1,1,CE,1
8.36,3,77,5,3,97,95,5,3,1,CSE,1
5.1,3,60,6,2,60,43,0,1,2,CSE,1
5.52,7,43,0,1,62,77,6,0,1,CE,1
9.0,8,48,0,1,73,22,7,1,2,CSE,1
5.89,2,57,4,3,92,72,8,4,1,CE,1
8.26,5,31,4,0,96,98,1,3,1,IT,1
6.19,7,77,6,3,60,86,3,2,2,CE,1
5.5,5,41,2,2,73,70,5,0,1,EE,1
6.22,9,53,0,3,90,61,4,3,2,ECE,1
8.61,7,97,1,2,92,43,7,4,3,ECE,1
9.28,10,85,1,2,74,95,7,0,1,CE,1
9.15,10,32,3,0,69,42,0,5,1,ECE,1
6.99,6,81,6,2,67,75,1,1,1,CE,1
8.34,9,82,5,3,91,46,6,0,1,CSE,1
6.02,6,87,2,2,97,80,7,1,2,IT,1
6.47,9,47,1,1,58,100,2,4,3,CSE,1
9.48,5,79,3,3,81,84,7,3,3,CE,1
5.07,1,64,1,2,80,61,0,3,3,CE,0
5.43,5,45,2,0,65,63,1,2,1,ME,0
6.04,10,65,6,2,90,94,1,5,3,CE,1
5.13,4,41,0,1,94,76,6,4,3,ECE,0
5.91,4,31,2,2,59,81,1,1,1,CSE,1
7.92,7,63,1,1,85,34,2,0,1,EE,1
7.11,1,97,1,0,90,53,5,2,2,ECE,1
9.46,1,43,5,3,99,82,6,4,1,CE,1
9.09,5,88,6,2,98,24,6,4,3,IT,1
6.71,1,75,4,0,75,49,7,4,2,ECE,1
6.3,10,39,1,2,81,26,4,4,2,ME,1
6.9,8,81,6,1,69,95,3,2,2,EE,1
7.95,5,89,1,2,59,57,1,4,2,IT,1
6.34,5,32,0,0,56,36,3,3,1,CE,0
8.12,1,75,1,3,93,100,1,5,1,ME,1
7.05,6,89,2,0,92,39,1,2,2,ECE,1
7.76,10,88,5,3,72,68,6,1,2,CSE,1
7.18,9,30,3,1,63,53,1,5,1,ECE,0
6.47,7,93,2,2,94,57,8,0,2,CE,1
9.74,3,33,4,2,89,60,0,4,1,CSE,1
8.82,4,41,1,2,98,48,2,2,2,ME,1
5.7,9,58,5,0,73,61,4,5,3,CE,1
9.34,9,93,1,1,60,83,2,5,2,EE,1
7.44,10,58,6,2,70,36,6,5,3,ME,1
9.47,7,69,5,2,92,70,1,3,1,CE,1
9.0,6,48,1,0,67,57,7,2,3,ME,1
7.13,7,65,4,1,72,46,4,2,2,CE,1
5.11,4,45,6,1,99,66,0,0,1,EE,1
6.34,9,94,2,1,66,100,6,3,3,IT,1
7.71,9,62,3,0,67,74,4,5,1,CE,1
8.17,10,58,0,2,98,99,2,0,1,ME,1
6.29,5,69,6,3,58,62,2,4,1,ECE,1
5.7,10,56,3,1,92,92,4,1,1,ME,1
9.17,3,74,2,3,84,23,2,4,1,CE,1
9.92,6,77,5,0,68,60,2,2,3,EE,1
7.63,7,95,4,1,57,68,6,5,3,IT,1
5.86,10,34,1,2,97,22,0,3,1,IT,1
6.36,6,34,1,3,63,90,3,2,2,EE,1
5.09,4,88,0,2,91,63,3,0,1,IT,1
9.57,10,31,1,3,92,42,6,5,3,CSE,1
5.59,1,44,6,3,73,64,0,3,3,ME,1
7.88,6,97,0,2,89,99,3,0,3,CE,1
6.37,9,99,4,0,84,22,7,2,2,ME,1
7.77,4,55,2,2,62,63,3,3,2,CSE,1
8.26,2,57,0,3,59,46,5,5,3,IT,0
9.15,10,60,1,3,84,54,6,2,2,CSE,1
6.03,3,80,3,1,98,41,7,1,3,EE,1
5.05,1,69,4,3,87,41,8,3,2,EE,1
5.68,9,33,2,3,68,20,0,3,3,EE,0
9.5,4,89,5,0,91,29,3,1,3,EE,1
9.37,8,57,4,0,83,68,1,2,1,CSE,1
7.99,2,84,1,2,74,48,5,4,2,IT,1
8.0,1,98,2,3,96,70,6,3,3,IT,1
8.33,6,77,2,1,94,28,3,0,3,CSE,1
5.88,10,57,5,1,62,58,5,3,1,CSE,1
9.57,6,86,1,3,78,23,1,1,2,ME,1
7.09,4,72,3,3,69,21,0,3,1,IT,1
6.92,1,95,2,2,75,92,6,5,2,ME,1
7.59,3,74,2,0,81,59,2,2,3,CSE,1
5.23,6,41,0,2,90,72,0,2,2,ME,0
5.83,5,40,1,3,67,77,6,0,1,IT,1
8.69,6,81,0,0,78,86,3,0,1,ECE,1
5.41,9,70,3,2,71,48,0,4,3,CSE,1
8.02,1,33,4,3,98,54,7,1,2,CSE,1
6.23,8,34,6,2,91,76,3,3,3,EE,1
6.95,10,33,3,3,56,57,6,3,1,IT,1
6.44,2,41,6,2,68,67,1,0,2,CE,1
6.78,6,34,6,2,91,96,5,1,1,IT,1
8.6,5,49,1,3,87,31,5,2,3,ECE,1
6.49,7,64,5,1,96,20,0,1,1,CE,1
7.83,1,98,6,0,99,70,4,0,1,ME,1
7.38,8,49,6,3,62,34,1,4,3,EE,1
8.32,6,87,3,0,87,75,4,3,3,EE,1
9.68,9,73,5,0,92,73,3,0,1,CE,1
8.66,4,78,1,0,78,82,7,2,2,IT,1
6.07,9,82,1,2,73,66,0,0,3,ME,1
5.16,5,44,3,0,83,61,0,4,2,IT,0
6.31,5,33,3,2,64,80,2,4,3,CSE,0
7.98,1,46,2,0,89,34,2,3,3,IT,0
5.26,7,69,3,1,72,38,8,2,3,CE,1
7.48,10,56,4,1,82,86,2,2,3,EE,1
7.98,8,90,0,2,99,20,4,1,1,IT,1
6.67,9,46,6,3,77,56,1,4,2,CSE,1
8.85,4,88,0,1,62,58,6,1,2,CSE,1
5.53,10,46,0,1,64,77,5,2,3,CSE,1
5.38,6,50,5,1,87,35,5,4,2,ME,1
8.64,7,91,4,2,75,96,1,3,1,CE,1
7.48,10,81,5,0,67,52,2,1,1,ECE,1
8.44,7,47,0,0,69,87,6,3,2,EE,1
7.17,10,65,4,3,98,91,0,5,1,IT,1
6.23,1,39,1,0,76,91,6,4,2,IT,0
9.1,3,87,4,3,70,43,3,2,2,IT,1
9.0,4,93,4,1,60,41,3,2,3,CSE,1
8.47,6,96,3,0,65,29,2,3,1,CE,1
6.36,3,89,0,1,71,32,4,1,1,ME,1
7.95,2,93,1,0,98,57,8,2,2,CSE,1
6.8,9,30,2,3,96,85,6,1,2,ME,1
5.46,10,90,4,0,80,76,3,2,1,ME,1
9.59,4,92,3,2,84,29,7,5,3,CE,1
5.68,7,80,4,3,78,62,2,0,1,IT,1
9.75,10,81,0,3,59,30,5,1,2,EE,1
7.23,9,76,0,1,57,38,0,3,3,ME,1
5.93,7,67,5,0,85,79,0,1,1,CE,1
7.71,5,54,4,0,57,28,6,2,2,CSE,1
9.36,9,71,3,2,78,44,4,2,1,IT,1
8.66,7,82,4,2,75,35,2,0,1,ECE,1
9.03,10,71,3,3,82,88,4,2,1,ECE,1
8.29,5,43,4,1,61,95,6,2,3,EE,1
8.46,7,72,3,1,92,59,6,0,3,ME,1
9.25,6,88,1,1,96,56,1,2,2,ME,1
6.25,9,65,0,2,79,99,5,4,1,EE,1
7.45,9,48,4,2,71,47,4,2,3,ECE,1
6.11,2,50,1,0,82,36,7,1,3,EE,0
9.94,6,75,2,0,56,37,8,5,1,ECE,1
9.72,5,33,2,3,70,71,5,5,2,IT,1
5.2,4,84,6,2,55,75,7,1,1,ECE,1
8.53,7,74,4,3,90,46,3,3,1,ECE,1
9.63,3,62,6,1,89,91,7,5,3,CE,1
5.9,1,45,5,3,72,43,6,2,3,IT,1
7.84,10,88,3,3,97,65,3,2,3,CSE,1
9.58,7,59,3,0,95,66,0,4,2,ECE,1
5.17,5,98,3,1,95,25,5,1,3,EE,1
8.49,9,88,1,2,83,84,2,3,1,IT,1
6.49,4,82,0,2,91,99,3,1,1,CE,1
9.62,10,62,1,3,79,95,1,0,1,ME,1
9.86,7,66,4,3,75,99,2,3,3,ECE,1
9.72,4,39,3,1,71,66,3,4,1,CE,1
7.37,6,96,4,3,91,38,6,2,1,EE,1
9.31,2,61,4,3,80,36,5,5,2,IT,1
9.22,8,71,5,3,59,32,0,2,1,CE,1
6.6,3,71,3,1,82,97,5,4,2,CE,1
9.14,10,78,3,1,58,58,3,2,1,CSE,1
5.19,6,76,6,3,80,71,5,4,1,CE,1
7.98,5,37,0,0,61,64,5,0,1,CSE,1
6.15,2,42,6,3,89,43,3,1,1,IT,1
5.6,9,83,2,1,68,25,3,4,1,CSE,1
5.38,8,31,5,2,89,69,5,3,2,ECE,1
8.48,1,98,3,2,56,94,8,2,1,ME,1
6.7,8,93,0,0,67,50,5,2,2,CE,1
8.62,10,71,3,3,72,66,2,5,1,ME,1
5.33,8,88,3,2,80,32,0,2,1,CSE,1
6.58,9,31,2,3,82,55,7,5,2,IT,1
7.7,10,79,0,2,86,32,2,2,3,CE,1
8.95,4,38,5,1,97,20,7,5,1,IT,1
6.59,7,53,5,3,71,91,7,4,3,CE,1
8.13,7,35,3,1,77,50,4,3,3,ECE,1
9.43,4,42,3,2,73,24,7,2,1,CSE,1
8.08,6,37,6,0,63,39,6,1,1,IT,1
6.16,7,67,0,1,60,23,6,4,3,EE,0
5.12,8,95,2,2,97,24,1,5,2,CSE,0
9.35,4,98,0,2,58,51,4,1,3,EE,1
5.11,4,74,4,2,60,75,2,0,3,EE,1
9.37,6,45,1,1,71,92,0,0,1,EE,1
7.64,9,42,4,3,97,49,8,4,1,EE,1
9.7,6,33,3,0,96,43,5,2,2,IT,1
8.99,9,49,1,0,85,75,3,1,2,ECE,1
9.99,2,86,1,0,59,99,4,1,3,ME,1
6.75,3,83,1,1,55,74,7,4,1,ECE,1
8.84,6,90,0,0,84,32,7,2,3,ECE,1
7.01,10,85,2,2,78,71,1,3,2,CE,1
7.4,7,43,1,1,93,93,4,2,1,ME,1
8.14,2,30,5,1,79,54,6,0,2,IT,1
9.37,7,99,2,0,89,94,8,4,2,EE,1
9.92,3,69,1,1,60,25,1,4,1,CE,1
8.84,9,72,6,2,64,65,8,3,2,CSE,1
7.09,5,60,1,0,77,37,3,4,1,EE,0
7.11,9,82,0,0,58,26,8,4,3,ME,1
8.69,5,44,5,1,94,45,2,0,1,CE,1
6.19,8,41,6,3,57,61,6,1,3,ECE,1
5.55,1,84,6,1,76,79,2,5,2,CSE,0
6.77,5,98,5,3,86,84,5,2,2,CE,1
6.44,8,74,5,3,71,76,1,0,3,ECE,1
6.48,10,55,5,1,100,88,0,4,3,CSE,1
6.17,7,88,5,0,65,37,3,2,3,IT,1
5.21,10,62,5,2,62,77,6,1,3,EE,1
5.09,4,61,1,0,66,62,1,3,3,ECE,0
9.94,3,66,4,3,95,21,3,1,2,EE,1
7.14,9,70,1,3,85,89,1,1,2,CSE,1
6.92,7,87,0,1,55,73,6,3,1,ME,1
8.4,5,86,6,0,89,21,8,1,3,IT,1
6.09,5,70,6,3,90,97,8,0,2,IT,1
9.75,2,60,0,2,97,98,1,3,2,IT,1
8.93,4,37,0,2,82,89,0,1,1,IT,1
5.45,2,48,2,3,98,27,6,5,1,ECE,0
7.09,5,81,3,2,79,74,7,5,1,IT,1
9.4,3,33,2,1,75,49,3,2,3,CSE,1
9.72,7,67,4,3,55,35,2,2,1,ECE,1
7.34,3,38,2,3,79,31,1,5,1,EE,0
8.07,1,44,5,0,100,54,7,1,2,EE,1
5.84,7,36,4,3,64,83,3,1,2,CSE,1
9.96,2,65,5,0,82,99,8,1,2,IT,1
6.16,8,32,2,1,81,44,8,2,3,CSE,1
9.71,5,87,3,1,75,96,0,4,2,CSE,1
8.25,5,44,4,3,67,28,7,0,1,CSE,1
8.04,1,76,4,0,63,86,7,0,3,EE,1
7.56,9,98,0,3,94,52,2,1,2,CSE,1
6.15,2,56,5,1,88,60,0,0,2,EE,1
5.88,6,94,2,1,62,93,3,3,2,EE,1
6.1,7,81,3,3,99,64,2,1,3,CE,1
5.93,2,68,6,2,69,27,6,3,3,ME,1
8.9,2,54,6,0,96,78,0,0,3,ME,1
6.75,6,31,3,3,86,62,0,3,1,CE,1
5.29,9,100,4,0,93,63,0,1,2,CE,1
9.85,7,79,6,3,87,97,1,2,2,CSE,1
9.42,1,59,6,2,70,38,7,4,2,ME,1
9.64,2,43,6,1,83,30,4,0,2,IT,1
9.97,8,62,6,3,72,83,7,4,2,IT,1
5.87,8,47,6,2,87,95,0,2,3,ECE,1
6.98,8,79,4,1,80,26,3,1,1,CSE,1
8.79,10,94,3,2,75,23,3,2,2,EE,1
8.48,9,86,6,3,56,91,7,0,3,EE,1
5.77,10,65,2,2,74,91,5,4,1,ECE,1
9.08,9,63,0,1,72,73,1,3,1,ECE,1
6.12,3,34,5,2,87,27,5,0,1,CE,1
6.12,2,75,3,1,88,65,1,1,2,ECE,1
7.68,1,53,1,2,90,94,6,3,1,EE,1
7.96,4,77,0,0,88,48,1,2,2,EE,1
7.9,4,96,1,0,65,81,5,0,1,ME,1
5.46,6,78,5,2,71,89,1,3,3,CSE,1
9.39,8,96,1,0,98,61,6,3,1,ME,1
6.33,10,79,6,2,89,25,0,4,1,ME,1
5.65,7,54,0,1,72,54,8,3,2,IT,1
9.44,2,77,1,0,66,50,3,2,1,IT,1
9.78,10,42,4,0,63,33,2,0,3,CE,1
9.31,10,97,3,0,93,39,5,5,1,IT,1
9.05,1,90,3,3,87,23,2,0,1,ME,1
8.28,10,92,3,1,97,62,3,1,1,ECE,1
7.75,2,44,4,3,97,32,8,0,2,CSE,1
5.43,9,66,1,2,91,31,2,1,1,CSE,1
7.04,9,45,4,0,66,21,8,0,1,CE,1
6.86,3,91,4,2,86,100,2,5,3,ME,1
6.3,5,54,4,0,89,92,1,1,1,IT,1
8.62,9,93,5,0,93,80,5,2,1,ME,1
7.48,6,38,1,3,61,64,7,0,1,ECE,1
5.41,3,64,3,3,77,39,5,4,2,ME,1
6.1,8,64,1,1,63,100,1,1,3,EE,1
8.42,8,45,6,0,56,86,2,3,2,ME,1
5.38,9,37,3,3,83,54,6,4,1,ECE,1
9.26,6,54,6,2,79,93,7,2,2,ME,1
7.48,4,96,3,0,96,79,1,2,3,ECE,1
7.4,6,65,5,0,72,63,5,2,3,EE,1
7.96,3,37,1,3,66,56,4,0,2,EE,1
9.12,10,36,5,3,91,85,2,3,2,CSE,1
6.74,3,85,2,2,67,21,1,2,3,IT,1
8.39,10,72,0,3,90,64,1,0,1,IT,1
7.83,8,75,5,2,74,30,1,5,3,ME,1
6.34,7,64,1,3,77,22,7,3,2,CE,1
9.39,9,36,6,1,67,73,0,5,2,CSE,1
8.99,7,49,5,0,66,78,4,2,1,CE,1
8.29,5,92,2,3,57,30,0,4,1,CSE,1
9.25,9,63,6,2,57,62,4,4,2,EE,1
9.34,5,63,6,0,56,62,8,2,3,ME,1
8.54,4,98,5,3,83,98,5,2,1,EE,1
9.19,3,47,2,3,94,66,7,3,1,CE,1
8.49,6,74,5,0,79,92,6,0,2,IT,1
8.4,9,45,0,2,89,45,4,5,1,ME,1
8.09,10,97,0,2,67,91,7,3,3,CSE,1
8.76,5,80,0,1,60,37,5,4,1,IT,1
5.79,9,78,6,3,60,77,2,5,2,CSE,1
9.4,4,64,5,3,58,77,2,2,1,EE,1
9.36,10,54,4,2,67,83,1,5,1,CSE,1
5.15,5,45,5,0,84,91,3,3,3,IT,1
9.13,9,55,1,3,58,26,4,0,1,IT,1
5.64,8,86,5,3,95,60,5,3,1,EE,1
6.68,1,93,5,3,82,52,5,1,3,CE,1
8.72,5,96,2,0,64,53,2,4,3,ECE,1
5.8,7,78,0,0,65,38,8,0,1,CE,1
9.09,2,91,0,2,78,76,8,1,1,ECE,1
9.16,1,52,6,3,93,68,6,4,3,CE,1
7.54,8,81,0,2,56,94,1,3,1,ME,1
5.03,10,55,5,2,74,97,3,5,3,EE,1
6.44,1,77,3,2,79,85,5,0,2,ME,1
8.08,6,32,0,3,89,77,5,1,3,IT,1
9.91,2,35,2,0,60,70,3,1,2,EE,1
8.16,9,49,1,2,98,57,3,0,2,ECE,1
6.3,1,73,2,2,74,89,6,2,1,CSE,1
8.17,7,38,2,2,77,51,4,3,1,ECE,1
7.7,7,70,3,1,76,48,0,2,3,CE,1
8.9,3,68,5,0,78,41,7,1,3,ME,1
5.53,1,86,6,2,99,67,7,5,3,IT,1
8.81,10,49,6,3,78,64,7,3,2,ME,1
7.71,3,97,5,2,57,88,2,2,2,CSE,1
9.81,4,95,0,0,68,87,7,1,1,IT,1
6.71,2,52,2,1,78,66,7,2,1,IT,1
8.16,3,91,5,1,76,71,1,4,3,CSE,1
9.66,7,42,1,2,97,71,0,2,3,ME,1
5.51,6,56,0,3,92,72,7,5,2,IT,1
9.69,2,65,6,3,89,68,1,4,3,ME,1
8.44,3,99,0,3,83,83,2,2,1,EE,1
5.34,4,77,5,0,94,54,2,0,3,CSE,1
6.5,9,62,2,2,56,23,4,4,2,CSE,1
8.54,2,75,0,3,77,58,1,3,2,ME,1
5.34,5,66,0,1,64,48,2,4,1,ME,0
7.91,5,65,1,3,73,27,7,1,1,EE,1
6.73,3,76,6,2,94,86,3,4,3,EE,1
8.1,7,54,5,0,82,50,6,1,2,IT,1
5.23,4,62,3,0,72,86,6,4,1,CSE,1
9.36,10,98,5,2,91,87,2,4,2,ME,1
9.87,2,31,3,1,81,35,1,5,1,CSE,0
9.84,10,30,3,2,90,84,7,4,3,EE,1
8.75,2,39,6,3,89,87,1,2,3,CE,1
5.65,3,62,4,2,63,34,3,5,1,ECE,0
8.79,1,65,6,1,93,30,7,3,3,ME,1
5.12,4,48,5,3,95,71,5,0,3,IT,1
5.11,8,82,4,2,55,30,1,5,2,EE,0
6.62,2,41,3,0,83,82,8,1,1,CSE,1
7.44,1,49,6,3,55,31,7,5,1,IT,1
8.85,9,75,6,3,76,64,8,2,2,IT,1
8.42,2,84,5,0,78,57,2,1,1,ECE,1
7.23,10,97,2,3,91,71,3,5,1,EE,1
6.37,4,76,4,1,63,36,8,1,1,ECE,1
9.99,4,34,2,0,77,81,2,0,2,IT,1
7.13,6,51,2,2,98,97,8,2,1,EE,1
7.26,3,67,0,0,82,71,1,5,2,EE,0
5.82,10,96,2,1,81,30,8,2,3,ME,1
8.97,4,94,6,3,83,44,5,4,3,CE,1
8.47,1,69,5,0,60,28,2,0,1,CSE,1
6.1,2,35,6,0,90,21,7,5,3,EE,0
5.41,6,40,5,3,58,20,7,1,1,IT,1
8.4,3,62,1,2,84,85,4,5,1,EE,1
8.27,9,74,4,2,97,99,7,2,3,ME,1
6.37,2,57,0,1,66,68,6,1,2,CE,1
9.75,9,49,2,3,58,54,4,4,1,CE,1
5.76,8,88,0,2,75,92,0,1,3,IT,1
7.16,10,86,2,3,72,81,5,4,3,CSE,1
9.72,5,55,3,2,65,80,7,3,2,ECE,1
7.1,5,89,4,2,95,91,8,3,3,CSE,1
8.19,9,84,1,1,91,35,7,3,1,IT,1
6.99,7,44,6,1,59,51,3,3,2,CE,1
6.37,3,68,2,0,89,60,0,3,2,ME,0
9.92,2,91,6,3,77,45,3,4,2,IT,1
7.05,9,58,0,0,69,39,8,4,1,CE,1
9.47,8,57,6,3,84,45,1,4,1,ECE,1
6.15,9,70,3,1,73,21,0,0,3,CSE,1
6.07,2,99,6,1,97,33,3,0,1,EE,1
5.16,8,85,0,3,96,29,1,0,1,CSE,1
8.26,3,76,2,1,65,79,3,2,3,EE,1
6.84,5,88,5,3,82,87,8,1,2,EE,1
9.32,4,92,3,0,96,85,6,0,1,CE,1
7.37,2,87,2,2,80,85,3,5,1,ME,1
9.84,5,79,2,1,87,22,8,0,3,EE,1
5.93,6,43,4,0,76,95,4,4,2,EE,1
9.34,2,77,1,3,69,93,2,0,3,IT,1
8.88,1,81,5,0,55,46,5,1,1,CSE,1
8.85,1,91,4,1,80,53,6,5,3,ECE,1
9.22,10,45,0,3,56,88,8,0,3,ME,1
8.81,2,43,1,2,65,24,0,1,1,CSE,1
8.13,2,68,6,0,63,22,4,2,1,CSE,1
5.66,1,33,0,1,58,100,8,0,3,ME,1
5.16,2,62,5,3,64,32,4,4,1,CSE,1
9.6,10,91,6,3,55,74,7,5,2,CE,1
8.08,10,89,1,2,67,68,6,1,1,CE,1
8.98,10,79,5,3,74,70,3,3,1,ECE,1
7.41,4,99,1,3,69,41,3,0,3,ECE,1
5.59,7,49,6,0,78,29,0,2,3,CSE,1
5.63,4,37,6,2,55,66,6,2,2,CE,1
8.43,8,33,6,2,66,79,8,3,2,CE,1
7.15,7,58,0,0,98,56,5,4,2,ECE,1
6.0,10,50,2,1,77,76,1,1,2,CSE,1
7.46,8,100,6,2,89,84,8,4,2,EE,1
5.32,1,54,0,1,87,27,6,2,3,ME,0
7.91,7,34,4,0,96,73,4,1,3,EE,1
6.34,6,45,5,2,58,58,6,1,3,ECE,1
8.99,4,60,5,3,78,24,6,4,1,EE,1
6.55,9,49,6,3,57,53,6,5,1,CSE,1
7.28,5,76,6,2,71,82,5,0,3,CSE,1
5.06,10,97,4,1,61,66,1,3,3,IT,1
5.36,4,48,5,1,83,58,1,1,3,IT,1
6.96,7,45,1,1,93,89,1,1,2,IT,1
7.4,8,34,6,3,75,86,0,2,3,CSE,1
8.0,9,73,4,3,90,51,0,0,2,ECE,1
6.46,2,53,5,3,80,93,5,4,1,CE,1
8.47,1,67,5,3,78,82,4,4,1,CE,1
9.3,10,92,2,0,86,67,7,4,1,CSE,1
8.9,8,63,2,2,96,78,2,3,2,ECE,1
5.2,8,91,6,2,63,60,8,3,3,ECE,1
7.4,3,69,4,0,91,65,8,5,2,ME,1
5.52,3,85,4,1,67,81,6,0,2,EE,1
6.21,9,85,2,0,81,61,7,1,3,CSE,1
9.93,1,68,2,0,73,28,2,3,3,ECE,1
5.71,6,60,0,3,100,31,7,0,3,CE,1
7.49,9,85,3,2,68,69,1,4,1,EE,1
8.09,9,54,5,1,83,92,2,4,1,CSE,1
8.51,9,90,0,3,92,39,8,2,2,EE,1
7.8,4,68,3,2,71,95,5,2,3,ECE,1
5.05,4,57,2,1,92,74,4,0,3,ECE,1
6.63,1,63,1,1,64,70,8,5,1,EE,0
7.59,7,93,6,2,79,51,7,2,1,IT,1
5.44,4,49,4,2,59,68,6,5,3,ME,0
6.75,7,39,0,2,78,27,5,2,3,IT,1
5.17,1,81,6,2,98,40,4,2,3,IT,1
5.39,10,71,3,1,95,59,3,1,3,EE,1
6.98,3,75,2,0,77,50,0,4,3,CSE,0
5.66,8,89,1,0,56,75,8,3,2,EE,1
7.84,9,72,3,3,99,65,7,1,1,IT,1
8.45,3,66,6,2,86,68,4,4,3,ECE,1
9.0,6,31,2,3,80,28,5,2,2,IT,1
6.0,10,80,5,3,84,46,6,2,3,ME,1
5.84,10,41,4,2,67,71,4,1,2,EE,1
5.52,8,35,4,3,79,20,1,2,1,IT,1
8.18,1,36,2,3,86,50,4,5,3,IT,0
8.53,8,84,4,0,85,36,6,3,2,CSE,1
5.16,3,48,2,0,94,41,0,0,2,CSE,0
9.68,3,87,3,3,92,44,0,2,3,CSE,1
5.26,10,54,1,0,60,77,5,4,2,CSE,0
7.71,8,93,0,2,63,39,2,3,2,ME,1
8.55,10,61,1,1,96,76,3,1,2,EE,1
9.35,6,62,0,3,80,34,2,0,2,EE,1
8.57,5,63,5,0,58,72,2,5,1,EE,1
9.01,9,100,3,0,93,98,8,4,2,IT,1
6.7,6,78,6,3,97,82,0,0,3,ECE,1
9.07,8,52,3,0,86,77,4,2,1,CE,1
5.4,10,32,2,3,69,80,7,1,2,CSE,1
9.47,2,71,2,1,87,72,2,1,1,IT,1
7.74,8,61,0,3,66,70,4,2,3,ECE,1
9.09,3,88,0,1,61,50,5,3,2,ECE,1
7.26,8,44,5,3,83,58,5,0,2,CE,1
8.22,5,37,3,0,90,93,2,0,2,CSE,1
7.63,9,42,5,1,92,26,7,2,3,CE,1
8.66,4,43,2,0,93,27,2,2,3,CSE,1
5.41,8,46,3,1,89,66,3,3,1,IT,1
5.3,9,51,4,2,95,32,7,3,1,CE,1
6.24,9,58,4,2,99,27,0,5,3,EE,1
5.8,7,89,2,1,100,75,0,5,2,IT,1
9.36,6,43,3,1,67,73,8,1,1,ME,1
6.1,9,98,4,2,92,25,6,3,1,CE,1
9.88,7,92,2,3,61,53,3,5,2,CSE,1
6.68,5,75,5,2,61,68,5,3,1,CSE,1
5.91,3,99,0,2,71,22,3,5,1,IT,0
8.95,1,51,0,3,81,38,7,0,3,EE,1
8.29,10,79,0,1,77,55,3,3,3,IT,1
7.49,9,68,6,2,92,70,8,0,2,EE,1
7.78,10,72,3,2,69,92,0,2,1,EE,1
8.6,9,71,4,2,84,63,2,4,2,ECE,1
6.14,1,43,4,1,58,62,4,3,1,ME,0
9.98,1,74,0,3,67,45,3,5,3,CSE,1
9.87,10,76,0,2,94,94,5,0,1,ECE,1
8.25,6,55,6,1,90,43,6,4,2,ME,1
6.0,8,77,4,1,82,53,8,4,2,ECE,1
8.4,6,96,6,3,98,92,2,3,2,EE,1
5.36,3,51,3,3,69,43,8,4,3,EE,1
5.15,2,97,3,1,79,91,2,0,3,ME,1
6.29,9,83,3,3,92,78,3,3,2,CSE,1
7.31,3,59,0,3,60,67,7,0,2,ME,1
9.34,4,81,5,3,72,34,3,4,2,ECE,1
8.64,2,81,2,3,57,23,1,2,2,ECE,1
8.71,1,73,5,0,63,24,5,4,3,ME,1
7.13,4,62,6,2,56,23,8,3,2,CE,1
6.73,2,80,5,3,96,89,5,5,3,ECE,1
6.86,6,70,4,2,56,49,5,4,2,EE,1
9.94,8,32,3,0,92,27,2,1,1,EE,1
5.2,10,50,5,3,96,23,0,0,1,IT,1
9.34,9,98,2,2,87,63,6,4,1,EE,1
7.89,3,88,5,3,58,40,6,2,3,ME,1
7.19,10,69,0,1,59,66,4,4,2,EE,1
8.63,4,55,4,3,72,94,6,2,3,IT,1
7.43,6,81,5,3,80,87,8,1,1,ME,1
9.37,9,74,1,0,64,72,3,1,1,IT,1
9.5,7,99,4,2,93,54,6,4,1,EE,1
7.11,3,54,0,3,89,49,7,3,1,IT,1
6.38,4,35,4,2,55,87,7,1,1,CE,1
7.96,1,80,1,3,59,82,7,0,3,ECE,1
9.56,9,44,1,0,57,94,8,2,1,CE,1
6.05,4,81,3,3,70,75,8,2,3,ME,1
8.11,2,88,1,2,63,69,1,4,3,CE,1
8.16,8,98,2,3,97,26,6,3,1,IT,1
8.67,10,91,2,3,69,64,7,0,3,EE,1
5.66,5,71,0,2,72,45,7,3,3,ME,1
8.58,1,33,0,1,86,97,4,0,2,CE,1
9.55,3,56,0,1,57,63,8,2,1,ME,1
5.9,3,60,5,0,57,45,1,5,1,ME,0
6.19,3,68,5,0,84,82,3,2,1,ME,1
9.86,6,68,2,0,81,61,6,1,1,CE,1
5.9,9,38,4,1,78,64,8,5,3,CE,1
9.27,5,61,2,0,95,93,8,1,1,IT,1
7.46,8,79,1,2,83,27,1,0,3,EE,1
6.24,9,94,6,2,56,22,0,2,2,EE,1
9.35,6,42,2,3,66,24,7,3,1,ECE,1
7.23,5,85,3,3,56,68,4,4,3,ME,1
7.57,9,72,3,3,56,39,0,1,3,EE,1
6.8,7,90,0,1,99,24,2,0,1,EE,1
7.96,2,31,1,1,75,74,4,1,2,CE,1
5.82,6,31,4,3,66,62,1,1,2,CE,1
6.96,7,97,4,2,63,93,3,0,3,CE,1
9.85,2,63,5,2,92,60,5,3,3,EE,1
6.29,8,86,6,2,57,56,1,1,2,IT,1
8.28,3,48,6,2,87,76,3,2,2,ME,1
6.63,10,69,6,3,61,30,7,3,1,ECE,1
8.87,7,84,1,1,100,85,3,3,2,ECE,1
5.65,4,34,3,1,92,49,4,1,1,CSE,1
9.85,7,50,0,2,81,78,4,3,3,ME,1
7.27,8,62,1,0,92,72,2,0,3,CE,1
6.18,6,90,4,0,74,30,3,4,2,IT,1
5.37,6,77,3,2,60,34,2,3,3,ME,1
5.85,9,78,4,1,70,46,0,2,1,CE,1
7.6,4,57,2,2,73,66,7,3,2,ME,1
6.69,5,98,4,0,69,73,1,3,3,CSE,1
9.14,1,49,2,1,80,65,3,4,1,ECE,1
7.15,6,47,2,2,72,63,5,2,1,ME,1
6.24,7,53,2,3,79,55,8,5,3,CE,1
8.09,4,52,6,3,74,97,6,3,2,ECE,1
8.53,6,81,1,0,64,25,5,4,3,CSE,1
5.84,1,76,2,1,67,66,4,1,3,IT,1
5.84,3,74,0,2,66,60,5,2,2,CSE,1
5.18,5,58,0,3,88,70,3,5,3,ECE,0
8.68,3,83,6,0,66,90,1,3,1,IT,1
8.32,5,68,1,0,77,26,8,0,2,ME,1
7.37,2,55,1,3,69,29,4,1,3,ECE,1
9.22,4,99,5,1,95,60,6,2,1,ECE,1
9.03,7,47,6,2,74,37,0,2,3,CE,1
7.93,2,83,0,1,74,37,3,4,2,ECE,0
9.34,3,72,0,1,69,81,6,4,2,CSE,1
6.03,2,99,1,2,59,25,1,3,1,EE,0
5.56,9,71,3,2,85,54,0,3,3,EE,1
6.35,9,70,6,0,55,63,0,2,3,CE,1
5.29,9,30,6,0,82,51,1,2,1,ME,1
7.66,9,97,4,2,67,47,0,1,1,ECE,1
9.68,2,65,6,1,83,89,7,3,1,EE,1
5.2,6,78,6,1,62,52,6,3,3,IT,1
5.61,5,72,3,1,97,98,7,5,1,CE,1
7.26,10,51,0,3,69,87,1,2,3,ME,1
9.67,9,65,6,3,79,100,2,1,3,EE,1
6.58,1,46,2,0,94,41,5,5,3,CE,0
7.54,8,77,3,3,82,26,2,4,3,CSE,1
5.21,7,84,1,0,82,48,2,3,3,ECE,0
5.74,9,86,3,3,91,30,6,0,1,IT,1
9.93,3,31,3,3,92,65,0,1,3,IT,1
9.83,1,97,5,2,95,20,6,4,2,EE,1
5.02,7,70,2,3,63,61,0,4,3,IT,0
9.76,10,89,0,0,96,25,3,3,3,IT,1
8.2,7,97,3,2,80,34,4,4,2,ME,1
9.34,2,40,3,1,84,59,2,3,1,EE,1
7.27,8,84,2,3,77,84,8,4,2,CSE,1
7.58,9,50,1,0,56,60,3,2,3,CSE,1
7.44,9,88,5,1,69,55,2,2,3,IT,1
8.33,1,36,6,1,94,55,8,0,1,CE,1
5.7,6,85,1,1,80,91,3,3,2,CSE,1
5.15,5,60,6,0,91,87,2,1,2,CSE,1
6.54,4,64,3,2,91,23,4,1,1,CE,1
8.52,7,71,3,2,80,72,4,2,2,CSE,1
6.01,2,30,5,3,59,43,1,4,3,ME,0
8.37,4,85,2,1,87,40,4,5,1,EE,1
9.85,6,81,2,3,91,33,3,3,2,CE,1
5.47,7,37,5,2,74,67,2,2,2,CE,1
8.36,9,89,2,3,58,49,5,2,2,IT,1
7.22,8,96,4,1,73,26,7,1,2,EE,1
9.34,5,64,1,2,90,43,3,3,1,ME,1
5.89,3,63,5,2,65,24,4,3,3,ME,1
8.46,5,83,5,0,62,70,6,2,2,CSE,1
9.19,10,76,1,2,100,72,8,0,3,ME,1
9.72,7,41,2,0,99,29,6,0,2,CSE,1
8.42,1,32,5,3,84,94,4,3,2,CSE,1
7.49,4,68,5,3,95,40,2,5,2,IT,1
8.09,8,74,1,2,87,71,5,3,1,CE,1
9.34,6,75,4,0,82,51,1,2,3,CE,1
7.85,5,62,5,1,61,37,1,0,3,EE,1
5.15,9,53,5,1,83,59,5,0,3,ME,1
9.65,8,43,3,0,60,25,3,0,1,ME,1
8.45,5,36,0,2,99,70,2,1,2,IT,1
8.38,7,31,0,3,89,30,5,4,3,CSE,1
6.08,9,47,2,1,74,21,5,5,2,IT,0
8.29,10,100,5,3,68,65,3,2,3,EE,1
6.97,7,43,3,0,60,39,6,0,1,IT,1
8.26,6,44,0,3,66,73,2,4,1,IT,1
5.53,4,44,1,0,80,68,3,4,3,EE,0
8.29,4,98,0,3,66,25,8,5,1,ME,1
10.0,1,74,0,0,86,96,5,1,2,CSE,1
5.24,2,81,4,1,67,52,1,1,3,EE,1
9.89,5,64,4,2,98,51,5,4,3,IT,1
7.03,2,38,4,0,71,64,0,2,1,ME,1
9.35,8,37,5,2,61,34,8,5,2,EE,1
8.91,2,65,5,2,64,50,6,4,1,CE,1
7.84,5,78,4,3,95,71,2,0,3,CE,1
8.69,3,40,5,2,82,98,6,3,1,CSE,1
9.39,4,97,4,3,70,90,5,0,1,CSE,1
7.02,9,75,4,0,65,54,0,0,1,ME,1
6.64,4,92,6,1,99,42,8,1,2,IT,1
8.34,10,73,2,0,88,58,8,3,1,ECE,1
9.04,9,49,4,1,74,59,5,3,3,ME,1
8.81,10,78,3,2,97,45,7,1,1,CE,1
8.99,8,99,6,2,79,76,4,2,3,ME,1
7.18,8,80,3,3,79,34,2,5,3,CSE,1
9.09,4,47,6,2,60,31,6,0,3,IT,1
5.6,9,46,0,0,57,23,4,4,1,CE,0
7.72,8,64,3,2,80,27,7,0,2,ECE,1
5.03,9,62,4,0,71,54,3,1,2,CE,1
6.62,6,53,3,1,58,58,0,1,2,ECE,1
6.83,8,43,1,2,81,74,5,4,1,EE,1
6.98,3,38,2,1,66,96,0,1,2,EE,1
8.48,10,84,3,0,67,61,2,4,1,ME,1
6.94,7,82,6,3,93,67,3,0,1,CE,1
7.24,3,72,5,2,55,43,4,4,3,CE,1
6.19,2,53,1,2,85,59,3,3,3,CSE,0
6.87,10,92,5,3,62,88,5,5,1,EE,1
6.14,3,46,4,3,76,69,3,1,2,EE,1
5.37,10,84,6,2,76,80,7,0,3,IT,1
8.02,1,45,1,2,86,88,2,0,3,EE,1
8.34,7,92,1,3,93,95,0,4,1,ECE,1
8.1,3,57,4,3,69,56,5,0,2,EE,1
7.32,5,92,6,3,84,85,4,4,1,IT,1
6.9,3,44,5,1,74,72,8,0,3,ECE,1
9.32,4,57,0,3,87,28,2,0,1,ECE,1
7.6,2,100,2,2,61,97,0,4,1,ME,1
7.4,1,47,5,2,95,47,8,0,1,EE,1
5.13,10,35,5,1,69,46,8,4,1,EE,1
6.71,9,85,0,3,96,71,6,4,2,ECE,1
6.9,3,95,6,1,88,20,1,3,3,IT,1
6.99,1,43,5,1,91,95,6,1,3,EE,1
7.9,9,87,1,0,94,57,5,0,3,EE,1
7.67,8,74,0,1,74,44,0,0,3,EE,1
8.04,3,62,3,3,97,76,4,4,3,EE,1
8.82,2,45,4,3,79,88,1,3,3,CE,1
9.06,10,89,5,1,86,62,2,3,1,ECE,1
8.59,1,94,5,0,56,26,5,5,1,CSE,1
9.78,4,98,4,3,72,94,2,3,3,EE,1
5.09,9,46,3,0,81,80,0,0,2,CE,1
5.98,1,88,0,0,78,51,8,1,3,EE,1
5.04,4,54,1,2,92,29,3,5,3,CE,0
8.24,6,51,2,2,57,48,8,0,3,IT,1
9.49,2,57,6,2,68,22,6,0,2,CE,1
6.22,10,81,4,1,97,32,3,3,2,EE,1
9.64,5,54,1,3,87,73,6,1,2,IT,1
5.3,8,47,1,0,74,92,3,5,3,ME,0
9.67,6,66,5,1,78,27,1,2,3,CE,1
6.76,9,91,2,1,93,32,7,2,1,ME,1
5.51,7,70,5,1,87,59,4,1,3,EE,1
7.43,3,53,0,0,99,66,3,5,1,ME,0
6.28,1,59,6,0,58,62,2,2,1,CE,1
6.42,4,66,4,3,80,93,5,2,2,CSE,1
6.54,9,61,3,0,81,35,7,4,1,ME,1
9.02,7,66,6,3,89,84,7,4,2,IT,1
7.7,1,34,6,0,82,26,2,2,3,EE,0
6.56,10,89,1,3,89,83,7,5,2,EE,1
8.05,2,75,3,3,66,26,2,1,3,CSE,1
8.58,9,44,6,2,75,97,4,4,1,ECE,1
6.36,8,40,6,1,59,41,5,0,3,CSE,1
7.07,4,84,4,0,86,21,2,0,1,CE,1
5.61,9,83,2,1,87,66,1,3,2,EE,1
5.91,6,54,2,2,89,71,4,1,1,ME,1
8.41,3,66,5,2,76,39,6,1,3,EE,1
5.91,8,79,2,3,77,69,6,0,2,ECE,1
7.63,3,91,3,0,86,90,7,4,1,CE,1
8.55,9,80,6,0,75,73,5,0,3,EE,1
5.53,6,36,5,0,87,50,2,5,3,CE,0
7.84,2,57,0,1,58,87,4,0,1,EE,1
6.28,8,80,2,0,65,55,8,5,3,ECE,1
9.81,7,90,4,1,88,46,6,4,3,IT,1
7.42,6,43,0,0,74,77,1,0,1,CSE,1
9.03,5,91,4,1,86,59,3,4,3,CSE,1
7.75,4,58,6,2,99,81,2,0,2,ME,1
5.22,10,83,6,1,95,40,4,5,1,ECE,1
8.17,4,100,2,0,74,90,7,3,3,ME,1
9.76,8,90,4,1,74,20,7,5,2,ECE,1
8.01,8,73,2,2,73,89,7,1,2,EE,1
9.1,3,44,4,2,60,61,0,2,3,CE,1
9.42,6,90,3,3,95,62,3,1,1,EE,1
6.14,3,100,6,1,73,41,5,0,1,IT,1
6.06,3,69,3,0,55,37,7,2,3,CE,1
8.05,4,31,3,1,82,96,4,5,3,CSE,1
7.06,3,100,6,1,84,86,6,1,1,ECE,1
9.2,4,45,2,2,63,33,5,0,3,CE,1
9.5,2,33,1,0,59,88,6,3,2,ECE,1
6.77,7,88,2,0,74,39,3,2,1,EE,1
6.18,4,84,6,1,91,57,2,2,2,ME,1
8.9,7,40,3,3,65,37,6,3,2,CSE,1
6.37,4,73,3,3,82,64,1,5,1,ME,1
9.11,4,77,1,3,75,25,4,1,3,EE,1
7.12,3,100,0,0,62,94,5,3,2,CE,1
8.34,4,47,4,0,85,47,8,1,3,CSE,1
5.48,8,90,0,0,81,24,0,0,3,ECE,1
8.12,2,87,6,3,94,50,8,4,3,IT,1
7.26,3,42,6,3,97,48,2,0,3,EE,1
7.93,3,62,4,3,90,77,2,1,1,ME,1
5.84,8,31,6,3,81,93,7,5,3,CE,1
8.68,8,45,3,3,82,90,7,2,3,IT,1
9.31,7,54,4,2,70,33,2,3,3,EE,1
6.08,7,56,0,3,79,79,4,2,1,EE,1
5.48,5,36,2,2,59,75,3,3,3,ME,0
5.12,5,44,3,3,86,36,6,1,2,ECE,1
8.21,2,73,5,3,90,58,6,5,1,CSE,1
8.04,1,100,0,2,62,97,0,4,2,CE,1
7.73,6,66,0,3,58,96,7,0,2,ECE,1
6.16,1,57,0,0,78,21,7,4,2,IT,0
6.95,3,67,1,3,94,74,0,3,3,ME,1
7.97,7,30,4,1,69,55,5,0,1,CSE,1
7.48,9,48,2,0,93,100,2,2,3,ME,1
9.94,4,31,2,3,58,60,3,2,2,CSE,1
5.68,7,74,6,0,96,88,5,5,1,ME,1
8.48,6,81,4,1,81,30,7,3,2,ECE,1
7.02,7,50,5,3,96,66,0,0,1,ECE,1
7.14,9,90,2,0,56,74,7,5,1,ME,1
8.59,6,31,5,2,76,59,2,1,3,ECE,1
8.46,3,46,1,2,99,86,6,1,3,ECE,1
9.96,8,49,1,3,88,56,8,1,1,ECE,1
5.64,7,30,2,2,73,88,2,4,1,ME,1
5.52,8,69,6,1,85,43,3,1,3,IT,1
8.62,10,87,0,0,72,78,1,5,1,ME,1
7.89,6,94,0,2,98,34,0,4,2,EE,1
6.37,9,56,1,3,56,70,6,4,3,IT,1
5.4,5,57,3,1,86,28,6,3,1,CSE,1
5.43,3,90,4,2,88,88,3,5,3,ECE,1
9.47,6,79,1,1,72,23,0,0,1,EE,1
5.96,10,39,3,0,98,95,1,3,3,CE,1
6.62,2,54,3,1,91,95,3,3,2,IT,1
6.13,2,86,0,3,85,45,2,1,1,IT,1
6.77,9,36,1,1,81,46,7,1,3,ECE,1
5.35,7,38,1,3,57,55,7,2,2,CSE,1
7.6,5,42,5,2,86,62,6,5,3,CE,1
5.34,4,38,6,1,69,81,1,3,2,ME,1
9.0,9,47,3,2,92,66,2,1,2,CSE,1
6.17,8,92,5,2,93,57,1,2,2,CE,1
7.7,7,43,0,2,98,63,3,5,2,ME,1
9.4,5,90,2,0,68,75,5,4,3,IT,1
8.25,6,33,1,1,97,68,6,4,1,ME,1
7.66,6,98,4,1,92,74,1,1,1,CE,1
6.62,5,43,3,0,99,23,7,3,2,CSE,1
6.67,3,89,1,0,99,93,2,4,1,IT,1
8.35,6,77,1,3,82,38,4,1,1,ME,1
9.97,4,70,2,0,94,63,1,2,2,CSE,1
8.31,3,45,4,2,87,24,3,1,2,EE,1
7.79,10,90,4,2,98,77,2,2,2,ME,1
8.65,1,34,6,1,87,34,8,2,3,CSE,1
7.33,8,51,5,0,100,80,2,3,1,ECE,1
5.3,7,92,4,3,65,65,3,2,1,EE,1
7.81,8,32,5,3,78,70,1,4,3,CSE,1
9.79,2,97,2,1,88,59,2,2,1,CE,1
5.88,5,95,4,2,82,52,2,4,2,EE,1
8.45,3,41,3,1,58,61,4,3,3,CSE,1
6.0,7,90,6,2,67,57,7,1,2,ECE,1
7.68,5,61,4,2,77,63,4,1,1,ME,1
5.48,3,90,2,3,91,56,3,0,3,ECE,1
7.25,5,95,1,3,80,82,3,0,3,CE,1
8.78,8,32,5,0,75,49,4,2,3,ECE,1
6.74,5,68,3,3,55,74,2,3,3,IT,1
8.32,2,60,5,3,74,69,5,1,3,ME,1
8.98,4,43,1,1,61,44,8,1,3,IT,1
9.64,6,35,5,3,83,76,0,2,2,EE,1
6.17,9,49,2,3,89,61,6,5,3,ME,1
7.0,7,56,6,2,80,71,8,1,3,EE,1
5.76,6,89,5,2,93,32,4,5,3,CSE,1
9.96,5,100,3,0,57,40,0,1,2,EE,1
9.64,4,76,1,3,67,20,1,5,3,EE,1
7.7,10,49,4,0,94,73,5,5,2,ECE,1
9.21,2,53,3,3,71,36,8,2,1,IT,1
7.6,6,86,1,0,69,25,7,5,2,ME,1
8.12,9,93,3,3,62,73,2,5,1,ECE,1
5.45,9,30,4,0,99,67,6,5,1,IT,1
8.78,10,83,6,0,86,45,3,5,1,ECE,1
5.64,7,30,2,2,58,31,5,1,1,EE,1
9.13,5,61,5,2,73,44,5,2,2,CE,1
8.91,2,72,2,2,55,66,5,1,1,IT,1
8.54,10,33,0,3,93,61,8,2,3,CSE,1
5.18,1,48,2,1,62,88,8,5,3,EE,0
6.52,9,76,6,3,98,58,7,1,2,CE,1
6.32,1,34,4,2,96,95,3,5,1,ECE,0
6.8,1,93,3,3,63,48,6,2,2,IT,1
5.44,2,36,1,2,61,39,6,1,2,EE,0
9.68,3,38,3,2,76,95,8,1,1,ECE,1
7.77,4,33,0,0,96,69,8,4,3,EE,0
6.53,7,91,1,3,99,64,8,4,3,IT,1
6.98,10,82,0,2,96,40,8,4,2,CE,1
7.24,6,89,5,3,76,35,4,0,2,ME,1
8.0,7,63,6,0,60,42,4,2,1,ECE,1
7.58,8,67,2,2,67,100,6,3,1,EE,1
9.6,7,94,3,1,77,76,3,5,2,ME,1
7.48,10,44,6,3,71,97,1,0,2,EE,1
9.96,10,30,1,2,85,44,7,0,2,CE,1
9.26,3,32,4,3,90,58,8,5,1,ME,1
6.04,9,38,2,1,74,34,5,1,1,CSE,1
9.65,2,34,2,1,78,29,7,3,1,CE,1
5.58,9,96,2,1,100,89,8,5,3,EE,1
9.09,4,36,3,2,95,82,2,0,1,ECE,1
6.9,10,78,5,0,62,79,3,2,2,EE,1
9.39,5,39,0,3,62,94,0,0,1,IT,1
9.34,4,47,3,1,73,74,4,3,3,CSE,1
9.03,8,54,3,1,71,24,7,0,2,ME,1
8.95,9,77,0,3,94,83,8,5,1,CSE,1
6.52,6,33,3,2,94,99,2,3,2,EE,1
5.4,1,68,1,1,69,28,3,4,2,EE,0
7.01,1,30,2,3,80,36,6,0,2,CE,1
5.87,4,95,3,0,76,44,5,5,2,IT,0
8.47,8,69,1,2,57,55,7,4,2,ECE,1
6.73,10,41,1,0,68,21,3,1,3,EE,1
9.88,5,33,6,1,59,41,1,4,1,ME,1
8.2,7,33,6,0,80,68,4,4,2,ECE,1
9.11,1,49,3,2,78,54,6,3,3,CE,1
5.66,8,68,3,0,87,43,2,4,1,EE,1
9.31,8,80,0,0,86,44,0,3,1,IT,1
9.61,7,57,6,2,72,43,2,1,1,EE,1
7.44,7,56,6,3,84,74,5,1,1,ME,1
8.03,2,58,3,2,68,81,6,2,2,IT,1
8.82,10,80,4,2,83,92,0,4,2,CSE,1
5.87,10,91,6,2,81,25,4,2,1,EE,1
7.51,2,54,6,2,67,50,1,5,1,ME,1
6.99,6,44,6,3,78,26,3,3,1,IT,1
5.73,8,41,4,2,55,93,0,4,2,CE,1
6.84,6,65,5,1,55,20,4,4,1,IT,1
5.34,9,75,2,0,71,32,6,4,2,EE,1
5.13,3,36,2,1,89,36,4,5,3,EE,0
5.68,9,77,3,1,100,27,5,0,2,CE,1
9.82,10,36,0,3,84,95,2,3,2,EE,1
7.75,7,44,6,2,95,58,2,3,3,ECE,1
9.83,3,42,4,3,57,23,7,3,2,IT,1
7.16,6,63,2,2,81,64,1,5,3,IT,1
6.56,5,42,5,3,79,100,0,5,1,CE,1
7.53,2,54,2,0,57,94,6,3,3,CSE,1
7.2,7,81,0,3,92,84,1,0,2,EE,1
5.53,1,37,2,1,68,28,2,1,3,ME,0
8.2,9,99,4,0,100,62,2,5,2,CE,1
6.08,10,45,1,3,93,100,7,4,1,EE,1
8.1,7,77,5,0,85,58,0,0,3,ECE,1
8.25,1,45,1,3,67,39,8,2,2,CE,1
5.76,9,75,4,3,69,62,4,1,1,CSE,1
5.31,1,60,3,2,82,97,3,1,3,EE,1
8.9,2,49,4,3,58,58,0,0,2,EE,1
7.3,2,62,1,1,64,23,3,2,3,IT,0
5.29,8,84,6,1,93,82,1,5,1,ME,1
9.97,10,36,1,0,71,38,1,5,2,EE,1
5.29,6,90,6,2,67,31,3,1,1,CSE,1
8.48,1,47,1,3,93,35,4,1,1,ECE,1
9.92,2,95,6,3,75,99,4,0,1,CE,1
6.2,10,43,0,3,63,46,7,3,3,CSE,1
5.71,1,52,3,3,75,71,0,3,2,IT,0
5.61,5,54,6,3,65,64,8,5,2,CE,1
6.52,5,49,4,3,60,74,1,4,2,CSE,1
5.51,10,49,5,3,94,49,3,1,3,CE,1
8.46,6,72,1,1,66,53,6,2,1,EE,1
5.31,9,91,0,2,77,54,6,5,1,ME,1
7.55,3,75,2,3,58,95,6,5,1,IT,1
9.98,7,92,2,1,80,22,0,4,1,CSE,1
9.07,5,66,0,0,95,62,8,3,1,ECE,1
8.08,6,80,1,2,56,29,2,4,3,ECE,1
6.53,7,85,2,2,100,83,3,2,1,EE,1
8.12,3,61,5,3,93,86,1,4,3,CE,1
7.64,4,90,3,2,91,70,5,4,3,IT,1
7.13,8,54,6,3,79,62,2,2,3,ME,1
5.65,3,69,3,0,59,56,8,5,1,ECE,0
9.43,5,30,3,0,62,54,6,2,1,ME,1
7.25,6,37,4,0,82,61,8,2,3,ECE,1
5.97,6,67,6,0,84,87,5,4,2,ME,1
6.84,8,51,2,3,95,41,1,2,1,EE,1
7.07,7,67,0,0,90,89,6,5,1,ME,1
9.14,10,60,4,2,99,22,8,4,2,CSE,1
8.67,5,47,0,2,87,99,4,2,2,IT,1
8.85,3,74,3,2,75,65,1,1,1,CSE,1
5.06,7,62,2,0,95,72,8,2,3,CSE,1
7.08,8,70,0,2,69,98,4,5,3,EE,1
7.41,7,49,6,3,82,50,2,2,2,ME,1
5.1,1,73,1,1,94,45,6,3,3,IT,0
6.3,8,97,1,2,60,73,8,4,2,EE,1
8.8,9,73,4,0,84,23,2,0,2,EE,1
5.69,1,70,2,0,71,37,8,5,2,IT,0
7.68,7,41,5,3,76,93,5,2,1,CSE,1
6.08,7,38,6,1,68,43,6,1,3,IT,1
5.06,10,56,4,1,69,30,1,0,1,CSE,1
6.21,9,46,2,0,93,86,8,5,3,ME,1
9.88,3,80,5,1,94,20,5,1,1,ECE,1
9.01,2,46,6,3,93,37,6,2,1,CE,1
9.8,8,41,1,0,78,93,5,1,1,IT,1
7.44,4,35,5,0,99,99,7,0,2,ME,1
5.55,7,78,6,0,96,98,2,4,1,IT,1
7.74,4,37,0,1,63,72,2,5,1,CSE,0
7.27,7,96,3,2,78,50,1,5,3,ME,1
9.22,8,84,3,2,63,82,0,2,1,ME,1
5.49,10,43,4,3,74,52,3,0,2,CSE,1
7.44,2,69,3,0,75,50,4,1,3,CSE,1
5.75,8,97,5,2,87,32,8,2,2,CSE,1
6.62,10,46,2,3,67,93,8,4,1,ME,1
8.69,8,41,5,1,71,95,4,0,3,CSE,1
7.38,3,39,4,0,75,25,2,5,2,IT,0
6.88,8,57,2,1,85,98,1,3,3,IT,1
6.97,7,93,1,0,96,24,5,0,1,ME,1
7.3,1,91,3,3,81,86,0,3,3,CE,1
8.93,9,41,6,1,87,53,1,2,1,EE,1
9.46,2,69,6,3,79,87,3,0,3,ECE,1
9.78,3,89,4,3,91,40,6,3,2,CSE,1
8.93,2,94,1,3,76,55,6,4,1,IT,1
6.58,5,98,2,3,83,83,4,4,1,ECE,1
8.44,8,32,4,2,80,72,1,1,2,IT,1
7.19,8,71,1,2,64,49,5,3,1,ECE,1
6.27,4,65,4,3,99,73,2,2,2,ECE,1
9.2,7,83,4,1,68,70,6,5,2,CSE,1
5.19,9,30,5,2,60,94,0,2,3,IT,1
9.51,8,100,3,0,57,30,2,3,1,IT,1
7.31,4,34,2,0,95,33,7,4,1,ECE,0
8.19,8,100,3,0,89,29,6,2,3,IT,1
8.3,7,63,2,3,100,57,2,3,1,ME,1
9.48,5,79,5,0,97,65,4,0,1,CSE,1
8.18,2,56,0,3,99,35,7,1,1,ECE,1
8.07,3,74,1,2,58,74,2,3,1,CSE,1
5.33,7,60,1,3,87,41,3,2,2,EE,1
7.59,3,52,6,0,90,36,1,2,3,CSE,1
5.75,5,31,3,0,56,52,8,4,2,CE,0
8.69,2,83,5,2,63,99,7,1,1,CSE,1
7.56,8,89,3,3,89,27,8,2,3,ME,1
8.4,1,86,0,2,67,47,8,4,1,CSE,1
5.21,8,71,6,1,99,53,2,5,2,ME,1
5.42,6,63,3,3,85,85,8,3,2,CSE,1
8.58,3,39,5,0,100,99,7,0,2,CE,1
5.36,5,31,6,2,62,60,8,5,1,ME,1
5.36,6,33,5,2,67,66,4,2,3,ME,1
5.06,2,66,2,1,55,92,4,1,1,CE,1
9.78,5,76,3,0,72,76,3,5,2,IT,1
8.69,8,48,5,0,60,100,0,0,1,ME,1
6.77,3,77,2,1,66,93,8,3,2,ECE,1
6.48,4,35,4,3,99,41,7,0,3,ME,1
6.75,3,40,2,1,79,92,4,1,2,EE,1
8.87,6,30,6,3,74,40,8,1,3,ME,1
8.31,10,37,4,1,100,52,7,5,3,ECE,1
5.93,2,83,4,1,59,37,6,3,3,ECE,1
5.87,10,33,4,2,66,97,4,4,1,CE,1
5.49,4,32,2,3,71,25,3,2,1,IT,1
8.3,10,83,2,1,98,60,3,3,1,EE,1
8.82,4,51,1,2,72,30,2,5,1,CE,1
6.33,9,77,4,3,78,89,6,1,3,ME,1
5.1,2,38,5,2,82,60,5,4,3,ECE,0
5.41,10,42,0,0,97,63,3,3,2,CSE,0
9.84,3,47,5,0,64,34,1,4,3,ECE,1
6.48,4,52,0,0,64,90,5,2,2,ME,1
8.85,8,46,1,0,79,93,3,0,1,CE,1
8.12,10,72,0,0,72,90,0,1,2,ME,1
6.91,10,63,0,3,98,56,6,1,3,ME,1
6.03,10,97,0,2,72,40,6,3,1,IT,1
5.61,7,100,5,1,94,97,0,5,2,ME,1
8.08,8,65,3,2,87,49,1,4,2,CSE,1
8.87,5,81,4,3,61,32,4,0,2,EE,1
8.22,6,69,0,2,61,34,2,5,3,EE,0
7.65,3,41,6,2,68,89,3,3,3,IT,1
5.21,2,32,1,1,94,53,7,0,2,CE,1
9.84,8,75,3,2,91,33,2,0,1,ME,1
8.99,8,37,1,1,90,78,4,3,1,CSE,1
6.46,9,71,6,3,68,91,8,3,1,EE,1
9.9,2,87,2,2,76,37,5,3,2,ME,1
8.01,3,91,2,1,66,61,5,5,1,CSE,1
7.91,9,38,2,1,77,88,6,2,2,EE,1
8.74,1,77,2,0,92,71,0,5,3,CSE,0
9.06,4,45,3,2,90,78,1,0,3,CE,1
8.28,1,64,1,2,70,75,2,2,2,ECE,1
5.64,8,61,1,0,95,31,3,3,2,ECE,0
6.69,1,94,1,2,66,27,6,2,3,ME,1
9.64,4,62,0,1,87,41,2,5,1,EE,1
6.12,7,44,0,2,65,62,0,5,2,EE,0
6.86,3,82,5,0,87,30,8,2,1,ME,1
7.16,8,71,6,0,56,99,6,2,3,IT,1
7.2,10,90,0,3,68,77,5,4,1,ME,1
8.06,2,46,2,3,73,85,0,5,2,EE,1
9.72,5,41,0,2,65,75,8,0,1,ECE,1
6.2,1,44,0,1,65,48,8,4,2,ECE,0
5.61,5,83,6,3,86,51,1,4,2,EE,1
5.99,9,83,3,0,64,43,0,2,2,CE,1
9.43,4,87,5,1,58,21,3,2,2,IT,1
8.23,10,70,5,0,58,67,2,2,3,EE,1
6.43,3,54,1,2,66,44,6,2,1,ECE,1
9.08,4,92,0,2,79,96,4,1,1,ECE,1
9.31,8,73,6,1,84,32,5,2,2,CE,1
9.23,8,85,6,3,65,65,0,5,3,CE,1
9.59,9,80,0,3,78,87,2,2,3,CE,1
6.26,8,60,6,3,65,22,2,0,3,EE,1
8.78,10,51,5,0,80,27,5,1,2,IT,1
7.3,4,60,1,3,74,35,7,2,1,IT,1
9.21,6,95,5,3,96,78,2,2,2,CSE,1
8.64,3,99,4,0,67,90,8,5,1,IT,1
8.88,6,77,5,2,69,95,1,2,1,CE,1
8.28,1,81,2,3,84,37,2,3,3,IT,1
5.89,2,56,2,0,88,78,0,0,2,CSE,1
7.73,2,88,6,1,67,69,1,0,2,ME,1
9.92,4,87,5,2,83,57,6,4,2,IT,1
9.69,2,57,5,1,66,31,1,2,3,CE,1
5.22,9,60,6,1,83,92,3,0,2,IT,1
5.82,1,91,3,1,83,23,7,1,3,CSE,1
5.66,1,65,5,2,59,75,0,2,2,CE,1
8.63,7,55,4,0,80,90,7,1,2,CE,1
9.09,6,56,5,0,75,76,7,3,1,ECE,1
6.07,2,71,6,0,96,54,2,1,3,ECE,1
7.53,8,65,5,0,57,76,4,5,1,ECE,1
9.2,3,83,4,2,70,100,7,3,3,ECE,1
8.66,10,31,4,2,61,63,4,1,3,CE,1
7.71,6,69,6,3,84,30,0,2,1,EE,1
7.95,9,52,1,3,96,71,8,5,3,CSE,1
7.54,1,88,3,0,75,99,8,4,1,ME,1
6.49,4,43,2,1,58,69,2,4,3,ECE,0
7.83,6,34,6,2,99,53,2,0,3,EE,1
8.44,10,89,0,3,55,75,6,5,1,IT,1
9.37,5,86,4,0,76,96,7,0,2,CSE,1
8.18,6,36,4,1,69,60,1,1,1,IT,1
8.81,9,94,2,0,81,55,6,2,1,CE,1
5.8,8,36,6,0,65,98,8,2,2,ME,1
7.31,6,59,0,0,96,38,1,0,2,ECE,1
5.05,6,77,4,3,93,50,7,5,3,ECE,1
6.23,8,99,1,2,98,29,4,1,1,IT,1
8.63,4,69,6,1,92,63,1,2,2,EE,1
9.96,2,58,3,3,92,50,7,3,2,CE,1
5.5,2,97,4,1,55,62,0,0,1,CE,1
7.01,4,66,5,1,66,63,2,5,3,ME,0
9.0,3,66,6,2,79,45,2,5,3,ECE,1
6.02,10,58,4,3,67,33,3,0,1,ME,1
7.78,9,84,0,1,58,100,7,0,2,ECE,1
8.67,5,70,3,1,66,84,0,3,1,CE,1
8.08,5,87,0,1,99,74,6,2,2,CSE,1
5.94,5,60,6,2,88,75,8,0,2,EE,1
6.78,10,53,3,2,73,52,5,5,3,EE,1
8.92,7,87,1,1,95,50,0,0,2,CSE,1
7.77,8,45,6,0,92,35,2,0,2,ME,1
5.03,8,77,5,1,93,67,3,5,1,ME,1
8.8,7,67,0,1,100,31,0,4,3,ECE,1
5.18,2,54,6,0,90,56,1,3,2,CSE,0
8.73,8,63,6,0,87,40,6,2,3,CE,1
6.01,5,94,5,3,100,79,0,1,2,CE,1
9.79,8,73,5,0,96,64,3,2,3,ECE,1
6.84,9,35,0,3,61,51,2,4,1,CSE,1
6.63,7,45,6,0,95,26,3,4,1,CSE,1
5.74,5,83,3,2,70,67,3,1,2,CSE,1
6.53,2,59,4,2,67,21,6,0,1,ECE,1
9.38,4,80,4,0,55,83,0,1,3,CSE,1
9.98,2,54,0,0,73,48,5,0,2,ECE,1
6.84,8,99,0,3,65,64,2,4,3,EE,1
7.24,4,80,1,3,62,53,2,5,3,CSE,0
8.61,2,79,3,3,86,91,0,1,2,EE,1
9.43,9,62,3,2,80,77,8,0,2,CSE,1
7.97,9,77,1,1,94,84,5,0,1,IT,1
6.96,6,51,5,2,90,42,0,2,3,CE,1
7.06,9,36,0,1,82,87,4,4,3,ECE,1
8.48,1,98,2,1,83,26,5,4,1,ECE,1
5.02,1,40,4,0,63,100,4,4,1,EE,0
8.1,4,78,6,3,82,20,4,1,2,CSE,1
6.78,2,98,0,3,80,50,8,2,3,EE,1
8.97,4,89,6,2,93,79,0,4,3,ME,1
5.46,10,45,6,1,58,62,5,5,1,EE,1
7.94,2,90,2,0,55,94,5,5,2,CE,1
7.4,3,89,1,3,73,33,4,3,2,ECE,1
8.21,8,44,5,1,84,34,1,5,2,CE,1
5.32,4,89,6,1,69,91,7,3,1,ECE,1
7.9,2,52,3,3,94,66,5,3,3,ME,1
7.81,8,56,3,3,99,86,0,4,2,IT,1
7.8,10,79,3,0,78,90,3,0,1,CSE,1
8.02,7,31,6,3,100,61,7,1,1,EE,1
8.38,7,44,5,1,60,22,4,0,3,CSE,1
9.02,2,41,2,2,86,51,0,4,1,EE,1
6.35,1,73,0,0,59,43,5,1,3,ECE,0
9.13,10,63,4,3,71,30,4,5,1,ECE,1
7.49,3,50,0,2,72,43,8,4,1,IT,1
5.39,4,55,4,0,90,20,3,1,1,ECE,1
5.29,4,77,5,1,83,33,7,3,2,ECE,1
6.67,3,63,0,3,87,63,3,1,2,IT,1
8.92,1,51,4,1,80,53,3,0,3,CSE,1
8.54,4,98,6,2,94,86,4,0,2,ECE,1
8.94,5,68,1,0,72,56,6,3,1,CSE,1
7.59,6,71,2,0,89,89,6,5,3,ME,1
7.2,2,73,5,2,96,38,6,1,2,CE,1
5.74,10,48,4,1,90,56,2,5,1,ECE,1
6.64,7,71,6,1,73,80,7,2,1,CSE,1
7.17,6,32,1,1,100,67,8,4,2,ECE,1
5.44,9,62,5,1,70,74,1,5,3,CSE,1
6.1,10,95,6,3,66,53,5,3,3,CE,1
7.99,6,85,3,0,83,75,2,2,2,EE,1
8.68,10,54,2,2,85,31,8,5,2,ECE,1
9.99,4,63,5,2,91,64,3,5,3,EE,1
9.67,10,40,4,0,60,95,2,1,3,ME,1
8.21,4,66,5,0,86,100,6,3,3,EE,1
7.11,9,42,2,2,96,34,2,5,1,CSE,1
8.18,2,91,6,1,93,20,6,1,1,ME,1
8.93,2,89,0,0,86,66,0,4,3,ECE,0
5.59,10,77,2,1,68,78,8,2,1,CSE,1
7.05,9,50,1,3,82,70,8,4,1,CSE,1
9.2,3,31,3,2,57,23,4,2,1,ME,1
6.92,6,68,6,0,93,69,0,2,2,ECE,1
7.86,4,98,6,3,84,32,0,0,1,ECE,1
7.94,2,37,4,3,70,48,0,2,1,ECE,1
5.92,5,72,1,1,82,79,1,1,1,EE,1
6.81,6,88,5,0,64,73,4,3,2,ECE,1
6.67,10,76,3,3,92,25,5,2,2,CSE,1
5.13,5,60,5,2,99,21,6,4,3,EE,1
5.12,2,41,4,3,84,22,5,0,1,CSE,1
9.16,10,97,3,3,64,21,5,4,3,ECE,1
6.37,8,53,5,1,74,88,8,4,2,ECE,1
7.59,6,100,2,2,89,65,6,2,1,IT,1
6.49,9,54,0,1,84,95,0,5,3,CE,0
9.7,2,85,1,3,70,78,6,0,1,EE,1
6.3,9,67,0,2,57,37,6,3,2,ME,1
7.15,6,64,2,0,80,29,4,0,2,ME,1
9.36,9,65,5,0,70,70,4,1,3,ECE,1
9.21,1,63,2,2,65,42,3,5,1,EE,1
5.93,8,45,1,3,67,26,4,2,3,ME,1
9.01,6,36,3,3,71,44,1,4,1,CSE,1
7.29,10,86,3,0,58,67,2,2,1,ME,1
7.41,10,45,3,2,62,99,0,4,3,IT,1
5.67,1,66,3,0,68,71,0,5,3,ME,0
5.4,1,96,1,3,66,23,4,2,2,CE,1
8.64,9,51,3,3,61,83,0,4,2,ECE,1
7.48,5,43,0,3,62,55,2,5,3,ECE,0
7.18,2,47,2,3,56,87,6,4,3,CE,1
8.65,1,47,5,3,86,82,0,1,2,CE,1
8.83,5,39,3,3,80,55,2,0,2,ECE,1
5.79,3,98,3,2,92,83,7,4,3,IT,1
8.05,10,67,1,1,94,55,8,1,1,ECE,1
5.68,7,60,5,0,92,67,2,5,1,EE,1
8.76,5,89,1,3,77,51,5,1,1,IT,1
8.28,1,39,1,2,68,50,1,1,2,ECE,1
9.78,4,81,0,1,94,25,2,3,2,ME,1
5.34,6,43,6,2,74,47,2,1,1,ME,1
5.29,5,72,1,1,55,99,1,1,1,ME,1
6.41,1,44,1,2,81,85,0,2,1,CE,1
6.31,1,67,5,1,62,30,7,5,2,IT,0
6.23,2,91,2,3,78,98,3,5,2,ME,1
9.53,10,35,0,1,80,36,5,5,2,CE,1
6.25,5,48,1,1,89,76,0,5,3,CSE,0
6.36,6,37,1,0,76,71,1,5,2,ME,0
8.8,10,40,6,3,95,93,8,4,1,EE,1
7.25,6,87,4,0,65,24,7,0,3,ME,1
8.88,7,83,1,1,66,60,5,2,1,IT,1
5.33,2,75,4,0,61,21,6,0,3,ECE,1
7.44,8,55,0,3,65,28,7,1,1,CSE,1
5.17,5,90,6,3,86,89,2,4,2,ME,1
5.31,4,96,1,3,88,79,8,5,3,CSE,1
9.53,1,97,5,1,95,44,4,5,2,CE,1
5.7,8,72,5,0,69,33,0,4,1,EE,1
7.66,6,49,0,1,89,29,1,4,3,CE,0
7.06,4,75,3,1,68,44,7,5,2,ECE,1
6.74,6,48,1,1,87,82,8,1,2,ECE,1
9.5,2,63,4,3,77,44,6,1,2,EE,1
5.11,6,97,4,2,96,60,0,1,2,IT,1
8.32,1,80,4,2,88,22,6,1,2,ME,1
9.82,1,82,1,0,78,35,3,0,3,CE,1
7.8,2,56,1,1,79,52,3,5,2,CE,0
9.68,10,76,0,2,78,40,4,1,3,IT,1
5.26,4,99,0,0,56,51,3,3,3,CE,0
7.09,1,75,6,1,83,95,6,5,2,ECE,1
6.3,10,71,0,3,74,65,5,2,2,CE,1
8.65,1,32,1,2,84,35,4,2,1,ME,1
9.91,3,30,0,3,55,76,1,4,2,ECE,1
6.28,6,57,3,3,75,38,5,3,2,ME,1
8.27,1,53,5,1,82,48,0,4,1,ECE,1
5.99,6,43,6,3,66,38,5,0,2,EE,1
7.83,10,90,4,3,67,79,6,0,2,EE,1
7.32,4,61,0,3,90,37,7,2,3,ME,1
9.86,2,39,6,1,56,40,2,4,2,EE,1
8.04,10,34,4,0,92,34,8,3,3,IT,1
6.75,5,49,1,2,94,76,3,1,3,ME,1
5.57,10,66,3,0,67,43,1,0,2,CE,1
5.76,5,44,3,2,86,83,1,4,3,IT,0
6.13,1,84,1,2,69,100,1,5,3,EE,0
6.25,8,84,6,3,59,47,3,2,3,CE,1
9.25,6,39,2,2,70,76,5,4,1,CSE,1
7.81,5,90,1,1,84,86,0,4,2,CSE,1
7.62,9,42,4,3,69,42,2,1,1,EE,1
5.57,6,100,5,1,55,43,2,0,2,ME,1
9.3,9,50,6,1,100,73,3,3,2,ME,1
8.61,4,43,6,0,56,79,3,2,2,EE,1
5.34,3,69,5,1,86,99,1,0,3,ME,1
8.54,6,38,4,2,87,60,5,0,1,EE,1
7.72,3,97,2,1,72,92,4,0,3,IT,1
5.41,9,37,1,2,65,94,3,3,2,ME,1
7.29,3,79,1,2,74,31,1,5,1,IT,0
7.42,4,53,2,1,88,67,2,5,1,EE,0
5.83,5,46,1,1,61,41,7,1,1,ECE,1
9.73,3,33,1,0,79,22,5,1,1,EE,1
9.25,2,51,1,2,62,84,4,4,3,EE,1
8.35,1,44,3,2,96,20,0,1,1,EE,1
7.31,10,47,5,0,77,68,3,5,1,CE,1
7.06,9,100,0,2,66,87,0,3,2,CE,1
8.25,10,98,5,2,71,35,8,2,3,CE,1
7.73,5,98,6,2,98,60,7,5,1,ECE,1
5.31,3,31,6,1,82,56,1,3,2,EE,0
7.56,2,71,3,1,78,24,3,0,3,IT,1
9.03,1,90,2,0,87,53,4,1,2,CSE,1
7.3,2,51,6,1,59,97,3,5,3,ECE,1
5.26,3,92,2,1,66,33,8,1,1,CSE,1
8.93,9,68,1,1,86,80,5,5,3,ECE,1
6.01,10,43,2,0,72,91,0,1,1,ME,1
6.29,7,87,4,2,73,26,3,2,2,EE,1
5.82,3,49,6,3,55,25,8,1,1,CSE,1
6.65,4,51,6,2,75,76,4,1,3,EE,1
8.78,6,65,5,0,67,59,5,3,3,ECE,1
7.6,9,42,3,0,96,88,4,5,1,IT,1
6.02,10,67,2,0,67,45,3,2,3,IT,1
9.39,9,53,2,3,75,51,5,3,3,ME,1
9.4,10,82,6,2,73,91,8,3,1,EE,1
9.35,4,77,2,3,62,28,1,5,1,IT,1
6.19,4,52,1,1,99,26,1,3,1,IT,0
7.26,8,74,2,0,62,42,3,5,1,CSE,1
9.92,4,97,6,2,80,91,6,4,2,CE,1
8.86,7,45,2,0,71,25,5,4,1,EE,1
5.14,2,74,2,2,75,38,8,3,1,CSE,1
5.33,7,68,1,0,71,31,8,2,2,CSE,1
7.32,5,51,6,0,99,65,7,1,2,CE,1
9.55,1,58,6,1,58,46,6,0,3,CSE,1
7.69,3,64,6,2,83,81,6,2,1,ME,1
7.49,6,98,1,0,98,54,0,1,2,EE,1
5.53,7,60,6,3,99,37,4,2,3,ECE,1
8.28,3,37,1,2,96,89,6,1,2,CE,1
9.11,3,54,3,1,94,26,5,2,2,CSE,1
6.9,1,78,0,2,100,29,8,4,3,CE,0
8.88,1,98,1,3,63,93,2,2,2,CSE,1
9.82,7,96,6,0,87,44,3,1,1,ECE,1
6.02,5,42,3,2,57,61,0,2,3,ME,1
7.62,10,89,6,0,91,63,0,0,3,CSE,1
6.44,8,69,2,3,99,52,5,3,1,CE,1
8.96,10,51,4,0,64,83,4,1,2,EE,1
7.89,7,43,0,0,90,37,2,1,2,CSE,1
8.17,9,70,2,2,58,73,0,4,1,CSE,1
8.99,3,78,6,2,75,86,5,3,1,EE,1
6.98,10,42,4,0,90,68,3,2,2,ME,1
9.58,1,38,5,1,98,97,4,4,3,CE,1
7.67,10,90,4,2,81,74,5,3,3,IT,1
5.79,1,36,2,2,93,86,6,3,1,IT,1
8.48,10,47,4,0,60,21,4,0,1,EE,1
8.97,10,53,4,3,95,53,7,5,2,ME,1
6.58,7,34,0,3,59,44,5,5,1,CE,0
9.29,7,95,0,2,68,46,0,5,1,IT,1
9.53,2,72,5,2,94,73,0,5,1,ME,1
6.38,9,92,5,0,57,32,7,2,3,ME,1
9.92,9,78,5,3,71,72,7,3,3,CSE,1
5.7,9,41,0,0,84,47,6,5,2,ME,0
6.01,1,60,2,0,90,85,3,4,2,EE,0
5.92,9,46,1,1,80,42,0,4,1,EE,0
9.47,1,73,5,3,67,91,0,5,2,ECE,1
8.27,7,100,5,3,70,91,5,5,2,ECE,1
5.76,1,67,1,1,55,54,7,4,3,CSE,0
7.2,3,57,0,3,87,60,1,0,2,ME,1
8.08,10,51,4,2,78,85,5,5,3,CE,1
5.42,3,93,0,1,100,47,7,4,1,ME,1
9.41,7,44,0,0,97,82,7,1,1,ECE,1
9.02,2,97,0,0,95,73,8,4,2,ECE,1
7.53,4,39,5,0,75,40,5,1,3,IT,1
9.84,6,45,3,0,85,93,3,4,1,ECE,1
7.09,5,41,1,1,68,78,4,1,2,EE,1
9.92,10,84,2,1,100,100,8,3,1,ME,1
8.34,2,95,4,1,91,49,2,1,1,IT,1
8.17,3,49,0,1,90,75,1,2,3,CE,1
5.83,10,74,4,0,92,65,5,4,2,ECE,1
9.41,8,80,2,3,70,69,3,4,3,CSE,1
7.14,6,69,2,0,99,56,8,5,1,ME,1
5.81,6,87,4,0,100,22,7,4,2,IT,1
5.06,10,66,1,0,91,75,2,3,3,ECE,1
7.8,2,99,4,0,57,79,0,2,1,CSE,1
7.64,7,66,1,3,83,42,4,0,3,ECE,1
8.6,9,57,4,1,90,30,3,2,3,ECE,1
9.45,2,63,4,3,70,49,3,1,1,ECE,1
5.4,4,82,6,0,84,97,5,4,2,CSE,1
8.66,5,99,6,3,80,92,7,3,3,IT,1
5.94,7,32,6,2,98,25,0,3,1,IT,1
9.29,8,75,6,3,70,98,5,0,3,CE,1
9.1,3,94,1,3,62,21,5,5,3,CSE,1
7.7,5,86,2,1,96,72,4,2,2,CSE,1
8.55,5,100,2,1,98,32,8,5,1,CSE,1
6.57,4,48,2,2,78,78,6,0,2,CE,1
7.36,7,43,5,3,62,35,3,1,1,IT,1
9.11,1,32,4,1,83,89,3,5,3,ECE,1
7.3,10,96,6,2,73,41,8,0,3,EE,1
6.79,2,44,6,3,60,39,3,1,2,ECE,1
7.47,10,69,1,1,80,84,7,4,3,ME,1
9.14,2,31,1,0,62,24,8,3,2,EE,1
6.68,8,99,4,0,77,54,3,3,2,ECE,1
5.87,4,87,6,2,78,25,3,4,1,IT,1
8.56,8,59,6,3,89,88,7,5,3,IT,1
9.13,8,50,3,2,60,22,7,1,2,CSE,1
5.5,10,77,3,3,86,77,2,1,2,CSE,1
6.2,8,74,1,0,64,62,1,5,3,ME,0
5.71,3,64,6,0,71,48,7,2,2,ECE,1
6.74,8,76,0,0,94,26,3,2,3,IT,1
7.25,2,92,2,1,70,54,4,0,1,ME,1
8.74,2,64,4,3,87,30,0,0,3,IT,1
8.26,7,70,4,2,92,31,5,4,2,CE,1
8.1,6,74,5,2,98,81,4,0,1,EE,1
6.76,5,65,1,3,84,45,5,0,2,CSE,1
9.21,3,93,3,0,65,55,5,4,2,IT,1
7.36,1,41,0,0,64,98,0,4,3,ME,0
9.9,3,75,3,2,80,86,7,2,2,ECE,1
8.17,10,70,6,1,61,21,6,1,2,CE,1
5.63,5,71,3,3,95,36,2,3,3,CE,1
8.38,9,90,0,2,73,65,8,3,1,CE,1
6.63,7,73,0,3,94,69,8,1,2,EE,1
8.43,10,95,2,3,60,57,8,2,3,CSE,1
5.35,5,70,4,2,77,98,4,5,1,ECE,1
5.87,9,78,0,3,85,75,5,0,2,IT,1
9.28,7,92,1,3,64,35,8,0,2,EE,1
6.14,4,87,1,2,66,86,3,1,2,EE,1
9.19,6,41,1,2,64,98,7,0,1,IT,1
6.4,1,84,2,1,72,70,8,1,2,CSE,1
8.21,10,31,6,2,90,47,1,5,3,IT,1
8.47,1,60,5,1,65,80,3,3,3,CSE,1
7.56,2,68,1,3,93,32,3,0,1,EE,1
6.53,6,36,2,0,78,97,1,1,1,CSE,1
6.06,6,69,2,0,64,55,4,0,2,IT,1
5.17,7,100,4,2,81,78,1,5,3,ME,1
6.52,1,39,1,3,84,68,0,1,3,ECE,1
8.27,3,89,5,1,78,70,8,3,1,ECE,1
9.69,8,62,2,2,56,47,5,4,2,CE,1
9.36,4,90,0,2,67,72,2,2,1,IT,1
8.83,10,99,2,1,82,29,3,4,2,ME,1
8.94,7,32,1,0,91,29,2,1,2,ME,1
8.32,5,47,5,2,82,47,8,0,3,ME,1
6.3,1,88,6,2,71,72,3,5,2,EE,1
9.54,9,82,2,1,65,79,1,1,3,EE,1
8.35,5,59,2,2,80,31,8,4,3,EE,1
7.8,2,42,3,3,64,79,2,4,1,ECE,1
5.55,2,53,0,0,89,32,5,0,2,ME,0
7.24,8,96,5,2,89,55,8,2,1,IT,1
7.3,5,60,1,1,84,76,4,4,1,EE,1
9.32,5,64,3,0,95,34,6,4,2,IT,1
7.73,8,71,6,3,76,95,4,0,3,CE,1
6.9,3,77,4,3,66,73,1,2,2,IT,1
9.88,8,94,3,2,68,97,0,5,3,EE,1
5.55,3,76,6,0,94,98,6,2,2,EE,1
7.11,5,87,3,3,57,25,5,5,2,IT,1
5.21,1,79,1,3,59,25,2,4,3,CSE,0
8.7,6,83,3,1,60,81,0,3,2,IT,1
9.59,6,60,2,0,58,88,2,0,1,ECE,1
6.4,7,97,2,1,92,98,0,2,3,IT,1
9.29,8,56,5,0,97,91,5,1,3,ECE,1
6.46,10,84,2,3,67,41,4,3,1,EE,1
9.55,5,40,5,1,60,49,7,0,3,EE,1
8.77,10,74,2,1,83,92,7,3,3,CE,1
9.02,1,37,1,0,68,39,1,5,3,ME,0
5.09,10,81,6,0,59,25,8,2,2,ME,1
9.81,3,59,3,2,89,52,6,2,3,CE,1
8.63,1,31,1,0,93,22,8,5,1,EE,0
6.52,8,66,5,1,87,77,2,4,1,CE,1
9.15,2,79,0,3,76,44,7,4,3,CSE,1
6.41,6,64,6,2,66,95,3,2,2,ME,1
9.36,1,55,5,0,60,25,3,0,3,CSE,1
5.56,4,68,5,3,83,47,6,5,2,IT,1
8.52,9,72,0,1,64,30,0,0,3,ME,1
7.7,9,83,0,3,76,59,2,5,1,ME,1
5.48,5,42,1,0,69,52,3,2,1,CSE,0
6.21,1,44,6,3,60,48,8,2,1,IT,1
5.06,2,95,4,1,86,55,5,5,2,IT,0
7.34,2,72,2,3,93,34,5,4,1,IT,1
6.51,10,84,1,3,65,92,5,4,1,CE,1
7.99,4,69,4,0,83,49,1,0,3,ECE,1
6.49,6,46,0,1,100,21,3,0,1,EE,1
6.5,9,97,4,1,78,73,6,4,3,CE,1
8.72,2,50,2,1,82,59,3,5,1,ECE,1
5.24,10,36,3,1,68,69,8,0,2,CSE,1
9.51,10,52,5,2,83,71,3,4,1,CE,1
9.26,5,35,6,0,55,80,2,3,3,IT,1
8.34,9,64,4,1,86,91,2,2,1,ME,1
7.97,10,70,6,1,66,41,7,0,2,IT,1
9.46,8,57,0,0,57,74,2,4,2,EE,1
5.93,9,31,3,1,96,89,7,5,2,ECE,1
5.39,10,77,5,3,72,81,1,1,1,EE,1
6.2,4,93,4,2,68,81,1,1,3,CSE,1
8.97,8,96,6,2,80,79,5,5,2,CSE,1
5.17,10,83,5,3,74,96,7,2,3,EE,1
7.91,6,84,1,0,99,63,1,5,2,ECE,1
9.98,4,57,4,1,80,42,0,3,2,ECE,1
9.28,6,87,5,2,72,31,0,4,1,CE,1
7.61,5,39,6,3,66,64,1,2,2,IT,1
5.32,2,54,1,2,84,35,4,2,1,IT,0
9.16,10,39,5,0,76,87,2,4,3,CE,1
7.99,3,44,4,1,77,91,5,4,3,CE,1
5.57,6,46,1,1,94,60,2,1,2,IT,1
5.47,2,54,1,2,99,68,8,1,1,ME,1
9.55,2,53,1,3,96,75,1,4,3,CE,1
8.35,6,31,1,0,88,39,8,3,1,CSE,1
9.15,6,41,6,1,96,75,6,5,1,CSE,1
9.39,4,79,5,3,87,97,5,0,1,CSE,1
7.86,9,34,4,1,80,72,4,3,2,EE,1
7.59,6,95,5,0,74,58,3,0,1,EE,1
7.15,6,87,5,2,91,85,8,5,1,EE,1
6.58,8,77,0,3,83,81,0,5,3,EE,1
7.17,9,40,5,3,65,96,0,5,1,CE,1
8.87,10,94,0,1,73,37,0,1,2,CSE,1
8.01,1,48,4,0,78,60,0,0,3,CSE,1
9.46,7,93,3,2,99,30,5,5,1,ME,1
7.22,1,67,0,3,57,61,7,1,2,IT,1
8.04,7,80,6,3,62,29,7,2,2,CE,1
8.16,1,43,2,3,90,53,3,5,2,CSE,0
7.96,1,97,5,2,59,50,6,2,1,ME,1
8.51,5,40,3,1,67,37,7,2,1,IT,1
6.19,5,62,2,2,72,77,6,3,3,IT,1
7.56,5,69,5,0,73,38,2,5,1,ME,1
5.52,9,92,4,2,92,95,1,0,1,IT,1
6.92,10,44,5,1,76,52,6,4,3,IT,1
7.44,3,57,0,3,59,40,5,3,1,ME,1
8.26,3,100,5,1,66,23,6,1,3,EE,1
9.75,9,33,4,0,82,59,8,2,1,CE,1
8.0,9,41,5,1,78,60,1,4,2,CSE,1
8.72,9,77,1,3,59,44,2,1,1,CE,1
7.53,2,79,1,3,76,86,0,4,2,CE,1
8.17,1,81,0,2,96,36,3,2,3,CSE,1
5.35,8,81,3,1,72,86,4,0,2,ECE,1
6.27,4,48,6,3,96,98,5,2,3,IT,1
6.81,4,37,2,1,67,26,4,1,2,ECE,1
7.36,9,63,6,1,98,79,2,2,3,IT,1
5.23,1,88,6,0,69,98,7,1,1,EE,1
5.7,6,93,4,3,94,76,7,0,3,IT,1
6.38,5,58,4,2,92,34,1,2,2,IT,1
9.86,8,66,6,2,81,99,8,3,3,EE,1
6.66,2,80,3,2,69,60,5,2,2,EE,1
7.41,1,45,6,2,93,27,6,1,3,EE,1
5.98,9,46,3,2,72,35,6,1,3,IT,1
8.05,8,89,4,2,91,66,8,0,3,ME,1
6.4,8,95,4,3,94,75,0,4,1,CSE,1
6.03,8,42,5,0,66,23,8,4,3,IT,1
7.58,1,44,3,0,59,32,3,5,2,EE,0
5.03,1,48,4,1,97,89,7,3,3,ECE,1
5.04,5,67,1,0,99,83,0,1,2,IT,1
6.1,3,98,6,0,94,21,6,0,1,ME,1
5.18,1,72,2,0,92,61,2,3,1,ECE,0
5.54,2,44,6,0,55,26,0,1,1,IT,0
6.69,2,55,0,1,82,45,4,5,3,CE,0
9.01,1,53,4,3,75,34,6,3,1,ECE,1
7.86,4,92,2,1,95,76,3,0,1,CSE,1
7.56,5,59,0,3,97,93,8,3,1,ME,1
6.47,7,72,0,1,82,87,6,3,1,EE,1
9.66,3,81,0,1,69,20,5,4,3,EE,1
6.99,4,69,2,3,69,98,2,2,3,ME,1
5.44,2,76,0,2,75,72,4,1,1,CSE,1
8.09,7,63,0,2,81,29,8,0,2,ME,1
5.57,5,61,0,2,85,35,3,0,1,ECE,1
6.73,7,35,2,1,76,78,6,5,1,CE,1
7.54,4,49,6,2,94,42,8,1,1,ECE,1
9.37,7,32,6,2,84,43,8,4,1,EE,1
7.47,4,88,0,0,66,43,3,0,2,IT,1
8.51,6,35,5,0,84,43,7,4,3,EE,1
9.96,3,85,5,1,85,71,0,1,1,IT,1
5.66,1,43,0,3,79,97,6,5,1,ECE,0
6.37,6,71,2,1,72,99,6,2,3,ECE,1
6.97,10,43,5,3,80,84,5,2,3,EE,1
7.11,8,31,0,3,82,45,5,1,3,CSE,1
7.06,9,89,6,2,82,98,1,4,2,CSE,1
9.54,6,81,6,0,65,67,3,2,2,ECE,1
8.57,2,31,6,0,67,25,8,1,3,CE,1
8.04,2,68,6,2,87,36,7,1,2,ME,1
6.55,7,46,4,3,55,42,3,5,3,ME,1
9.12,6,87,1,1,87,67,1,2,1,CE,1
9.78,10,87,0,1,61,90,6,2,2,CE,1
9.11,8,32,1,3,92,27,4,0,3,CE,1
5.01,10,58,0,2,97,24,2,3,2,EE,1
8.18,2,55,4,2,80,83,2,4,2,ECE,1
5.26,8,84,1,0,82,65,8,3,3,ECE,1
6.29,1,35,6,1,80,88,0,4,1,ME,0
5.3,3,82,3,0,58,69,8,2,2,CSE,1
8.02,6,91,2,3,64,84,3,4,1,CE,1
8.43,5,38,3,2,71,44,1,1,1,ME,1
5.57,3,31,5,0,68,56,5,0,1,EE,1
6.92,5,65,0,2,99,36,0,4,1,ME,0
7.28,3,97,1,3,68,36,7,1,2,EE,1
6.85,8,57,3,3,83,46,8,5,3,ECE,1
5.61,1,78,0,3,55,22,1,3,3,ECE,0
7.09,2,47,6,3,77,85,5,5,1,ECE,1
8.76,3,46,2,2,98,45,6,5,2,ECE,1
5.36,4,33,0,1,90,52,2,5,3,IT,0
5.4,3,42,3,3,68,76,0,0,2,CE,1
6.77,7,44,6,1,100,20,8,3,3,EE,1
9.71,1,95,2,1,57,42,6,1,3,CE,1
8.34,3,58,2,1,88,57,5,1,2,EE,1
8.39,9,93,0,3,55,61,4,4,3,CE,1
6.81,1,81,6,2,98,64,0,5,2,ECE,1
7.97,3,58,5,1,89,90,3,3,1,CE,1
5.05,1,30,0,0,74,68,1,5,2,EE,0
8.18,10,90,4,1,79,76,1,1,3,IT,1
9.57,6,58,3,2,88,40,4,1,2,ECE,1
8.06,3,60,0,0,76,46,8,2,2,IT,1
9.37,10,47,2,0,64,27,5,1,1,ECE,1
8.62,10,66,5,2,81,35,6,4,3,CE,1
5.6,9,86,1,3,80,65,3,5,2,CE,1
9.51,1,47,1,2,76,48,1,0,2,IT,1
5.33,9,42,6,0,82,22,1,2,3,IT,1
7.67,8,69,3,2,97,27,6,1,3,ME,1
5.71,5,61,2,3,70,33,6,2,1,CSE,1
5.06,7,64,1,2,94,65,1,4,3,ECE,0
7.11,4,52,0,1,61,37,1,0,2,CSE,1
6.48,4,87,0,3,96,85,2,4,1,EE,1
7.43,10,51,5,2,99,38,0,2,3,CSE,1
7.89,1,89,2,2,90,51,2,1,2,ECE,1
5.22,8,84,4,0,89,59,6,5,1,CE,1
5.62,4,80,1,1,95,24,1,1,1,IT,1
7.79,8,65,0,0,93,34,3,1,2,CSE,1
6.72,4,91,6,1,68,78,6,5,2,EE,1
8.65,8,59,2,1,89,79,0,3,2,ME,1
8.26,2,30,1,0,86,49,4,3,1,IT,0
9.23,6,74,1,3,58,71,4,3,1,IT,1
8.46,6,78,2,1,86,93,2,1,3,ECE,1
7.15,8,87,3,0,78,37,1,1,1,CE,1
8.36,4,69,6,0,81,89,0,2,3,EE,1
6.38,1,94,3,3,83,70,3,4,3,CSE,1
6.53,9,94,6,0,60,27,8,3,2,EE,1
8.94,10,35,3,1,90,48,8,5,2,IT,1
7.23,10,71,6,3,85,56,6,3,2,CSE,1
8.99,9,94,5,1,69,47,3,4,1,ME,1
9.11,6,59,6,3,93,46,7,3,2,CSE,1
9.29,7,90,3,1,55,60,7,0,3,CE,1
9.58,10,38,6,2,59,91,7,4,3,ECE,1
7.15,8,49,4,3,91,87,1,1,3,IT,1
6.59,2,40,3,2,98,95,3,2,1,IT,1
7.91,1,67,1,2,63,28,4,0,1,ME,1
6.86,5,32,0,0,93,75,7,5,1,CE,0
8.01,3,55,6,1,69,66,2,4,2,IT,1
8.53,2,52,1,1,78,98,0,3,1,EE,1
8.44,10,59,4,0,72,52,5,0,3,IT,1
6.87,10,95,3,0,92,83,6,2,2,ECE,1
5.83,1,72,6,0,92,71,6,1,1,CE,1
7.15,3,69,1,0,82,32,1,3,2,ECE,0
5.71,4,92,1,0,71,42,8,3,3,ME,1
9.45,7,67,1,3,64,87,8,3,3,IT,1
6.73,5,46,6,0,57,55,5,4,2,ECE,1
5.77,3,88,4,3,59,58,2,3,1,IT,1
5.13,7,61,5,3,87,55,6,3,2,ME,1
8.23,7,54,2,1,83,37,3,0,2,EE,1
8.18,3,35,6,1,58,83,0,3,3,CE,1
6.7,4,71,6,1,73,92,3,5,3,ME,1
5.36,6,35,1,0,100,39,6,5,3,CSE,0
7.05,10,39,3,0,70,41,7,2,3,ECE,1
6.56,9,53,1,3,95,59,2,5,2,CE,1
8.39,8,32,4,2,95,92,7,0,2,EE,1
8.03,2,85,3,2,60,84,7,1,1,CE,1
6.82,7,77,2,0,95,36,1,1,1,ECE,1
6.09,1,47,3,3,79,82,7,4,3,EE,1
9.94,7,35,5,0,59,48,1,5,1,IT,1
7.27,3,53,0,2,93,67,5,3,1,EE,1
8.44,9,92,1,3,88,61,0,0,2,ME,1
5.7,3,73,3,1,85,34,6,1,2,ECE,1
7.43,5,99,5,0,74,52,3,1,1,ME,1
5.14,9,35,3,1,92,20,2,0,1,ME,1
7.53,5,77,0,1,68,95,3,4,1,IT,1
9.82,3,32,2,1,83,46,3,4,1,ME,1
6.92,9,40,4,2,75,100,6,3,1,ECE,1
5.19,4,37,4,0,84,64,5,0,1,CSE,1
5.15,8,66,5,0,99,47,4,1,3,CE,1
6.94,7,83,0,1,57,68,4,5,3,ECE,0
5.8,3,81,2,1,96,59,3,2,3,EE,1
5.12,1,42,1,1,59,53,2,3,3,CE,0
8.78,9,64,3,0,85,45,0,4,1,CSE,1
7.29,6,56,6,2,84,88,4,1,1,IT,1
6.45,8,72,3,2,66,52,5,0,1,CSE,1
9.5,8,51,5,2,59,54,0,4,1,CSE,1
5.58,9,86,4,1,81,82,2,4,1,EE,1
9.78,7,69,6,2,76,58,1,5,1,ECE,1
6.57,3,77,0,1,58,94,6,3,3,ECE,1
9.44,7,66,2,0,70,21,7,1,1,ECE,1
8.01,8,55,6,1,65,22,1,5,1,EE,1
9.13,5,47,1,2,100,40,3,4,1,IT,1
9.92,10,32,6,2,59,21,2,4,3,CE,1
6.44,2,47,3,3,79,82,0,3,2,EE,1
9.81,6,56,5,2,69,90,4,4,2,ME,1
6.95,10,37,0,2,73,49,1,0,2,IT,1
6.93,10,53,4,2,74,85,5,2,1,ECE,1
6.7,2,36,1,3,85,25,5,2,1,ME,1
7.71,1,37,6,3,94,64,0,5,1,CSE,1
5.77,7,91,0,3,74,25,8,5,3,IT,1
7.77,2,76,1,2,60,28,4,5,1,EE,0
7.71,6,37,1,1,58,79,7,4,3,IT,1
8.81,6,88,5,2,97,74,3,4,2,EE,1
9.17,8,32,4,3,88,20,7,5,2,CE,1
7.2,5,59,6,1,64,24,1,2,2,IT,1
6.51,5,62,5,0,64,37,5,3,3,CE,1
6.3,3,30,2,1,61,56,4,1,3,CSE,1
5.97,7,66,3,2,69,55,5,2,2,CE,1
5.29,2,41,6,1,55,74,5,4,2,CE,0
6.71,7,77,1,2,89,53,8,5,2,ME,1
6.35,1,83,3,0,100,66,4,2,3,ECE,1
9.83,4,94,2,3,59,64,6,4,3,EE,1
7.79,10,41,1,3,68,34,4,4,3,ME,1
6.74,2,51,5,0,89,37,6,1,3,ECE,1
7.9,5,38,3,3,70,54,1,1,2,EE,1
5.7,2,70,2,1,97,66,8,2,2,CSE,1
7.22,4,37,2,1,85,62,1,1,1,ME,1
8.13,5,94,2,3,94,74,5,5,2,EE,1
7.44,3,49,1,0,62,23,7,1,3,EE,1
7.01,7,76,2,1,62,55,4,1,1,CE,1
9.97,8,38,6,0,99,86,2,0,1,ME,1
9.4,8,38,5,3,96,99,2,2,2,ECE,1
8.12,1,66,0,2,91,26,4,1,2,IT,1
7.85,5,77,6,1,68,67,4,1,3,CE,1
8.1,4,41,0,2,95,21,8,5,2,CE,0
6.01,6,62,6,3,75,45,3,2,1,ECE,1
6.98,7,35,1,0,83,56,6,1,2,IT,1
5.2,2,46,3,1,83,92,8,4,1,CE,1
7.38,6,65,2,2,74,45,6,3,1,ECE,1
7.72,7,87,2,0,93,53,7,5,1,IT,1
6.14,3,41,4,2,89,89,3,0,1,EE,1
9.82,4,85,1,0,63,33,2,4,3,CE,1
9.55,2,67,6,0,83,60,8,2,3,CE,1
8.61,1,55,1,2,90,82,6,1,3,CSE,1
7.67,3,69,1,2,64,67,4,2,3,CSE,1
9.35,3,80,5,2,61,89,8,1,1,ECE,1
5.65,1,95,6,2,94,88,8,1,2,EE,1
8.95,3,89,5,2,67,100,7,0,2,ME,1
5.62,3,55,1,0,85,76,4,4,1,ECE,0
8.97,9,46,2,2,85,69,4,2,2,ECE,1
6.38,4,86,1,0,71,29,1,1,2,CSE,1
9.39,6,75,4,1,82,37,3,4,2,CSE,1
9.72,2,76,4,3,73,34,8,4,1,IT,1
5.74,7,33,4,0,63,87,7,2,1,IT,1
7.31,1,94,0,1,69,51,8,3,3,CSE,1
9.9,4,45,5,3,83,86,2,5,2,ECE,1
7.42,3,80,4,1,94,35,4,4,1,CE,1
9.32,5,51,3,2,66,67,6,5,1,CSE,1
7.94,10,32,1,2,84,62,6,5,2,IT,1
6.88,7,64,1,0,65,85,6,2,2,IT,1
6.43,10,97,3,2,95,86,6,1,2,CE,1
6.02,10,69,4,1,66,87,3,4,1,ECE,1
8.81,1,88,0,3,72,62,6,0,3,IT,1
6.93,10,84,0,3,82,75,1,5,1,EE,1
7.56,6,90,3,1,82,74,6,5,3,CE,1
7.46,2,82,5,0,60,90,8,1,1,ME,1
7.89,9,35,2,2,97,44,8,3,3,EE,1
9.33,2,76,5,1,59,44,3,4,1,CSE,1
9.9,8,41,4,0,69,25,3,5,1,EE,1
7.04,6,35,4,3,92,47,6,1,1,EE,1
9.14,10,87,0,1,86,23,8,1,3,ME,1
8.82,8,44,6,1,69,92,3,3,2,CSE,1
7.87,7,83,4,3,89,69,0,5,1,IT,1
9.78,1,34,2,3,72,93,4,0,1,CSE,1
6.0,6,54,0,1,79,25,7,3,2,EE,0
5.55,9,70,2,0,55,76,5,1,2,ME,1
9.27,1,87,4,3,99,47,7,5,3,EE,1
7.2,3,85,3,3,77,62,4,2,2,CE,1
9.23,2,41,2,3,82,58,6,3,3,ECE,1
9.47,1,34,5,1,84,49,8,1,3,CSE,1
5.31,4,94,2,1,91,69,0,1,3,CE,1
9.42,1,42,2,3,89,21,3,4,2,ME,1
7.24,2,90,4,0,67,65,0,3,1,ECE,1
7.55,2,56,2,2,75,21,0,0,2,CE,1
8.13,10,72,2,2,96,71,5,5,2,CSE,1
9.63,9,87,6,2,70,47,7,0,1,CSE,1
5.1,6,93,3,1,75,36,7,5,3,EE,0
7.38,4,53,5,3,61,33,4,3,1,EE,1
8.44,5,90,2,0,99,53,2,2,1,EE,1
8.61,1,69,3,3,87,51,1,2,1,CSE,1
8.46,7,78,1,3,65,87,0,5,1,CE,1
5.67,9,94,3,3,78,77,5,0,2,IT,1
6.5,7,42,2,0,67,54,1,5,2,CSE,0
6.79,8,89,3,1,95,93,6,3,1,ECE,1
9.02,7,94,5,2,67,93,1,1,1,ECE,1
6.39,1,84,1,3,78,62,7,2,1,CE,1
6.05,3,30,2,1,67,83,6,5,1,IT,0
9.79,5,65,2,3,75,25,2,5,2,IT,1
5.04,4,80,4,2,60,69,4,2,2,EE,1
9.99,4,47,5,3,74,37,2,3,1,ME,1
8.38,4,78,3,3,97,30,2,0,2,IT,1
9.14,10,99,5,3,58,88,8,4,2,CE,1
6.47,1,95,0,2,100,43,3,5,3,ECE,0
5.07,1,36,2,1,80,53,6,4,3,ME,0
8.69,3,32,1,3,56,89,0,4,2,ECE,1
9.17,8,54,3,3,96,75,3,5,3,CSE,1
8.7,3,49,5,3,84,59,1,5,2,EE,1
5.71,5,69,6,2,68,88,7,0,2,IT,1
8.77,4,62,4,0,89,30,7,0,3,CE,1
8.84,1,51,3,2,71,76,5,1,3,ECE,1
8.29,10,36,1,2,91,49,8,3,1,ME,1
8.83,7,75,5,2,61,85,8,0,1,ECE,1
9.23,1,71,4,3,92,74,2,5,3,EE,1
8.07,7,89,4,1,56,43,5,1,1,EE,1
5.44,3,83,0,0,76,29,6,2,2,CE,0
7.44,1,34,1,0,90,76,3,0,1,CE,1
5.39,6,41,2,0,96,50,6,2,1,CE,1
7.04,6,92,6,3,73,52,7,5,2,CE,1
7.04,4,87,2,3,55,66,2,2,1,EE,1
5.33,10,83,2,0,90,52,0,0,1,ECE,1
6.74,7,36,6,0,96,32,0,2,2,CSE,1
5.55,7,46,5,2,83,70,5,1,2,ECE,1
9.04,9,61,1,3,97,86,7,0,2,ECE,1
9.74,4,44,4,2,81,31,6,4,1,ECE,1
5.36,7,48,3,3,87,23,8,4,2,CSE,1
9.78,10,61,3,3,74,30,5,0,1,ME,1
7.61,6,47,6,1,90,96,2,2,1,CSE,1
6.5,7,62,1,0,68,72,8,4,2,EE,1
5.38,8,36,1,3,66,87,4,5,1,CE,1
7.5,4,67,3,2,67,77,6,3,2,ECE,1
8.97,2,76,4,2,85,82,8,0,2,CE,1
8.54,6,61,2,0,99,74,4,0,3,CSE,1
5.25,1,69,6,1,69,64,7,1,1,ECE,1
5.36,7,55,5,1,79,77,5,0,3,CSE,1
7.01,8,66,2,2,66,35,5,5,3,ECE,1
6.48,3,69,5,2,59,23,7,1,2,EE,1
6.16,3,66,0,3,93,49,0,5,1,CE,0
6.41,10,97,6,2,69,58,2,3,3,EE,1
9.02,9,51,5,0,55,50,6,2,2,CSE,1
9.65,1,78,5,1,71,65,2,3,1,IT,1
7.03,1,69,0,3,91,98,7,5,1,CSE,1
9.53,7,75,4,1,56,24,0,4,3,IT,1
6.61,10,54,1,3,78,41,5,3,1,CE,1
7.38,1,91,0,1,64,91,1,2,1,CE,1
6.13,7,56,5,3,62,73,3,4,1,IT,1
8.2,9,100,6,0,96,30,1,0,2,ECE,1
9.89,7,90,2,2,99,67,7,2,2,ME,1
8.02,9,43,6,3,96,33,2,4,2,CE,1
6.79,10,46,1,3,94,34,7,0,3,CSE,1
8.24,1,32,3,0,59,42,1,4,2,IT,0
5.61,9,48,6,3,72,75,0,4,2,CE,1
9.44,10,83,4,1,92,77,3,4,3,EE,1
7.52,4,96,1,2,98,70,7,2,2,EE,1
7.25,2,88,0,1,57,59,5,2,2,CE,1
7.93,3,35,3,3,55,70,4,3,1,IT,1
8.12,9,83,4,2,91,71,2,4,2,CE,1
5.36,7,93,2,3,67,48,1,4,1,IT,1
8.41,4,87,2,2,60,64,5,5,2,EE,1
6.21,8,59,1,3,77,71,7,4,1,ECE,1
8.57,6,49,1,1,70,67,6,3,2,CE,1
9.11,8,93,3,3,95,92,0,3,3,EE,1
9.02,1,52,3,1,56,99,7,2,2,CSE,1
7.76,6,74,2,1,100,42,3,3,3,EE,1
7.6,7,53,1,3,60,55,0,3,3,ME,1
5.71,8,64,0,3,70,56,8,1,3,IT,1
8.88,1,63,2,1,94,33,4,0,2,CSE,1
6.36,3,45,1,1,85,27,4,2,3,ECE,0
7.48,10,38,6,1,67,66,3,0,1,ECE,1
6.42,7,89,1,3,77,28,6,4,2,ECE,1
5.67,3,95,5,2,99,99,7,2,1,IT,1
8.15,2,61,3,3,55,24,2,3,3,EE,1
5.27,2,39,0,2,81,76,4,2,1,CSE,0
8.74,5,98,1,3,60,54,4,5,2,CSE,1
6.59,5,32,4,2,74,75,0,1,3,ECE,1
5.0,8,75,6,3,60,24,3,2,2,CSE,1
7.56,1,79,1,2,63,76,2,1,1,ECE,1
5.23,9,57,1,0,57,34,5,4,1,ME,0
6.38,3,67,4,0,99,49,6,5,2,CSE,0
8.53,9,39,6,0,70,87,0,4,2,CSE,1
5.31,9,92,2,2,82,88,0,5,1,IT,1
9.2,9,59,4,3,87,99,3,1,3,EE,1
5.02,1,39,0,3,81,69,4,3,1,IT,0
6.23,6,48,4,1,68,91,3,2,1,ECE,1
8.7,6,64,4,3,72,20,0,5,2,CE,1
6.58,7,43,5,1,57,100,8,5,2,EE,1
5.51,7,76,0,1,85,45,6,1,3,IT,1
6.8,8,71,0,1,70,47,2,2,1,ME,1
6.35,4,44,0,0,59,64,7,4,2,CE,0
9.21,5,37,6,3,100,28,3,2,2,CSE,1
6.57,10,65,1,3,84,95,1,3,1,ECE,1
8.94,9,61,2,3,97,32,1,0,3,CSE,1
9.46,1,46,6,1,65,51,8,4,3,CE,1
7.17,8,30,4,2,80,36,5,0,3,IT,1
9.55,2,84,0,0,97,34,3,5,1,ECE,1
6.89,5,95,3,1,99,85,5,1,1,CSE,1
9.82,10,94,5,0,100,96,2,1,3,CSE,1
5.45,9,51,2,3,95,74,6,2,1,CSE,1
8.44,2,67,4,0,86,87,0,0,3,IT,1
7.47,10,83,6,0,99,90,2,0,1,IT,1
6.94,3,41,2,3,93,55,5,0,1,ME,1
8.16,3,68,2,1,90,96,3,2,1,ECE,1
8.52,2,83,2,0,86,39,3,3,1,EE,1
5.02,2,58,0,2,67,52,8,5,3,CSE,0
5.83,2,85,2,1,78,63,7,3,1,CE,1
8.57,1,100,6,3,77,47,4,0,1,CSE,1
8.33,9,69,6,1,56,59,3,4,1,CSE,1
9.83,3,92,4,0,86,92,1,1,1,CSE,1
8.81,2,60,4,3,69,46,7,3,1,ECE,1
9.75,1,51,2,0,86,31,4,1,2,ECE,1
8.51,8,81,4,3,80,38,4,3,2,IT,1
6.49,2,86,5,3,100,32,5,3,1,EE,1
5.53,7,62,6,0,94,49,4,3,3,IT,1
8.91,8,68,4,3,93,57,4,2,3,CSE,1
8.22,3,37,6,1,75,35,2,3,1,ME,1
5.24,4,95,3,1,57,58,6,5,3,ME,0
6.8,6,98,0,3,83,74,0,4,2,EE,1
9.78,1,77,2,0,79,49,8,3,1,EE,1
7.5,1,41,0,0,80,41,6,2,1,EE,0
7.16,5,94,3,3,83,77,4,4,2,EE,1
7.29,7,74,0,2,94,60,7,0,3,ECE,1
6.04,5,91,3,0,59,47,0,3,3,IT,0
6.84,10,88,2,2,82,45,0,2,3,ECE,1
6.85,7,87,4,2,62,43,3,1,2,ECE,1
5.26,6,90,1,0,80,50,6,1,1,ME,1
8.84,4,35,2,3,78,60,2,0,2,ECE,1
7.08,9,41,1,1,88,95,3,5,2,CE,1
9.11,9,42,1,2,91,38,6,0,2,CSE,1
9.25,3,98,2,2,95,58,7,3,1,ECE,1
6.06,7,74,0,0,73,76,0,0,2,CE,1
8.29,1,68,0,2,93,21,8,5,3,EE,0
7.36,8,73,2,0,56,84,8,3,1,ECE,1
9.4,5,71,0,2,68,32,0,0,3,EE,1
6.08,1,90,6,3,59,26,1,1,2,ME,1
8.39,10,92,0,3,66,73,6,2,3,CSE,1
8.04,1,48,6,1,68,53,6,3,1,CE,1
6.48,3,37,0,1,58,66,7,5,2,ME,0
5.68,5,31,0,1,55,54,4,4,1,IT,0
8.26,9,78,0,0,65,68,4,5,1,CSE,1
8.69,9,63,3,1,77,95,7,3,1,EE,1
6.58,9,32,4,1,79,58,5,2,2,ME,1
8.22,7,43,4,3,75,28,5,5,1,ECE,1
6.98,3,74,6,3,98,68,8,4,2,CSE,1
8.57,10,85,4,0,98,84,8,5,1,CSE,1
6.0,4,75,0,3,89,93,0,2,2,CE,1
9.45,4,51,1,2,80,75,2,0,1,ECE,1
6.44,1,87,5,1,82,46,6,5,3,CSE,0
6.84,4,83,3,3,100,57,2,5,2,ME,1
5.29,7,95,2,3,82,44,3,3,1,CSE,1
5.56,2,41,3,1,74,21,7,1,1,ME,1
7.58,2,88,3,3,99,94,7,5,1,CE,1
6.34,5,53,2,3,87,75,0,3,3,IT,1
9.18,4,89,1,2,56,22,7,5,1,IT,1
5.07,4,78,3,2,67,57,7,0,3,IT,1
6.9,4,86,6,0,68,73,6,1,2,IT,1
6.69,4,39,1,3,96,76,1,3,1,EE,1
5.1,9,42,0,3,90,55,8,1,2,CSE,1
5.62,5,54,1,0,80,89,4,3,1,ME,1
7.07,2,32,5,3,81,90,7,1,1,CE,1
7.46,8,55,3,2,68,90,2,5,2,CSE,1
7.02,2,35,0,0,75,95,4,1,2,IT,1
7.65,1,69,6,0,76,24,8,2,2,ME,1
7.98,9,83,1,1,72,87,0,4,3,ME,1
5.05,8,80,0,3,74,23,4,5,1,CE,0
7.32,5,90,1,2,65,55,7,1,3,ME,1
9.82,3,89,3,3,55,98,3,3,3,ME,1
7.6,7,57,6,3,65,96,0,0,3,CSE,1
8.39,3,85,5,1,67,29,6,0,2,CSE,1
6.56,9,44,1,0,78,32,7,1,3,EE,1
8.87,5,71,5,0,83,97,8,3,3,ME,1
8.86,10,97,6,1,85,59,0,1,2,ECE,1
7.61,4,32,1,3,55,31,0,4,3,EE,0
9.88,9,46,6,3,82,60,8,4,1,CSE,1
5.63,10,59,4,1,95,39,1,4,3,CSE,1
5.08,8,44,2,1,90,30,5,2,1,IT,1
8.85,8,97,3,0,55,50,2,4,1,ME,1
9.04,9,95,5,1,83,88,8,2,1,CSE,1
5.6,2,41,3,0,67,41,0,0,3,ECE,0
6.33,5,49,0,0,90,92,6,0,2,IT,1
5.09,6,73,5,1,67,83,1,2,1,CE,1
6.47,2,78,1,2,73,67,3,3,2,EE,1
8.87,3,71,0,1,73,57,7,1,1,CE,1
7.59,5,50,3,1,71,36,5,1,3,CE,1
6.74,9,32,6,3,75,91,8,2,1,CE,1
6.86,2,81,0,1,59,99,2,2,3,CE,1
5.01,4,37,5,0,93,29,2,1,3,CE,0
6.5,4,58,2,1,75,88,0,4,3,CE,0
8.23,6,41,1,1,64,77,8,5,2,IT,1
9.87,2,43,5,1,56,35,4,4,1,ECE,1
9.24,9,99,1,1,72,46,2,4,3,IT,1
5.12,9,98,5,2,85,79,4,5,1,CE,1
9.49,2,87,6,2,87,84,6,4,3,CE,1
8.92,1,92,1,2,81,71,6,1,1,IT,1
8.9,5,86,6,2,78,86,4,5,3,CE,1
7.29,3,85,1,2,81,58,2,3,3,ME,1
6.99,5,46,3,1,89,48,1,3,2,CE,1
6.51,9,41,1,3,98,79,6,2,3,CSE,1
5.33,7,69,2,0,83,30,2,1,3,CSE,1
6.14,1,60,1,0,73,77,5,0,2,CE,1
6.23,3,51,5,3,65,48,2,2,3,ECE,1
7.42,10,42,2,2,61,36,4,3,3,CE,1
8.74,3,91,4,0,72,87,8,2,1,ME,1
7.37,2,64,1,0,80,53,5,3,2,CSE,0
5.29,2,82,1,2,69,26,4,4,1,IT,0
9.79,8,43,0,2,71,88,6,2,1,IT,1
9.71,8,34,6,1,77,82,3,4,3,CSE,1
8.93,1,33,3,0,65,99,5,5,2,ME,0
9.96,7,95,2,3,63,53,3,1,3,CE,1
7.72,7,58,2,3,70,99,6,2,2,CE,1
9.81,9,81,1,1,96,65,0,5,1,ME,1
5.38,10,66,3,2,98,82,1,4,1,IT,1
6.83,10,31,6,2,60,72,0,4,2,EE,1
6.13,5,84,0,3,89,24,2,5,3,ECE,0
5.98,6,65,2,2,98,100,1,1,1,EE,1
5.7,10,65,2,2,77,98,2,2,2,IT,1
8.11,1,97,6,3,83,55,3,2,2,ECE,1
8.91,10,100,4,3,81,75,3,3,1,CE,1
7.89,3,30,2,1,70,47,3,4,1,CE,0
5.73,10,94,4,2,63,91,6,0,3,CE,1
9.06,10,99,3,2,92,57,6,4,3,EE,1
8.18,5,86,6,1,94,74,1,0,3,EE,1
6.94,10,33,2,3,80,53,1,5,3,ME,1
8.37,10,32,3,1,94,26,5,0,2,CE,1
6.3,10,95,5,1,77,22,1,3,1,CE,1
6.73,5,66,5,2,82,91,7,3,2,CE,1
9.59,3,93,2,1,92,61,4,4,3,ECE,1
6.45,3,47,2,1,74,45,5,2,2,CE,1
7.35,8,59,6,0,95,33,4,0,1,IT,1
9.45,4,34,4,1,89,69,7,0,3,ECE,1
8.54,1,33,1,3,65,21,3,4,2,CSE,0
5.31,3,43,3,1,62,68,0,0,1,CSE,1
5.74,10,94,0,1,67,32,7,5,3,CSE,1
5.04,10,61,2,1,64,22,7,5,1,CE,0
8.15,10,51,6,0,98,60,4,2,2,ECE,1
7.24,3,91,3,2,69,62,6,3,1,EE,1
5.67,6,31,1,2,59,26,2,0,3,ME,1
9.79,1,44,1,2,80,29,5,5,1,ME,1
7.65,4,47,3,1,89,29,6,0,2,CSE,1
6.21,7,51,2,2,96,80,5,5,1,ECE,1
7.5,5,67,4,3,87,57,2,3,3,ME,1
8.4,10,41,3,1,100,100,2,3,1,ECE,1
5.38,8,65,5,3,98,26,8,1,3,ECE,1
6.37,10,36,5,0,89,85,5,0,1,EE,1
9.03,3,40,6,3,83,34,1,3,1,ME,1
7.3,7,32,6,3,67,28,4,5,3,EE,1
7.73,3,60,6,0,82,48,0,4,2,IT,1
7.16,5,38,2,3,69,26,2,0,2,CE,1
5.22,4,85,6,3,79,32,8,0,3,ECE,1
5.83,8,63,5,2,100,41,2,3,2,CE,1
7.23,2,33,3,0,85,52,2,5,3,CE,0
6.05,2,99,2,3,99,66,1,0,1,EE,1
5.25,8,64,4,3,94,67,4,5,3,ECE,1
9.22,9,65,1,1,81,22,7,2,2,IT,1
9.91,8,61,6,0,79,40,2,1,1,ECE,1
8.97,1,67,3,3,88,100,2,5,2,IT,1
9.27,7,83,4,2,72,88,3,0,2,IT,1
6.21,3,64,6,2,55,74,7,5,1,CE,1
9.8,8,62,4,3,87,66,5,1,2,CSE,1
5.98,7,48,4,1,57,24,0,3,3,ECE,0
9.76,5,98,4,2,89,25,5,2,2,ECE,1
9.97,3,46,3,1,93,43,3,1,1,IT,1
8.56,2,69,5,0,67,30,5,3,1,IT,1
9.91,1,75,1,3,63,62,8,3,1,ME,1
7.85,4,73,1,0,59,20,8,0,3,CSE,1
6.3,7,44,3,1,62,47,1,5,2,EE,0
7.18,8,81,1,2,78,52,2,1,1,IT,1
7.97,7,55,6,3,82,82,8,0,3,IT,1
5.37,5,71,0,0,58,45,5,3,3,ME,0
8.11,1,84,6,0,83,20,3,5,2,CSE,1
9.91,8,40,6,1,62,56,2,2,1,ME,1
5.95,9,63,6,1,75,74,8,2,2,ME,1
8.96,6,88,6,0,91,97,8,5,3,CSE,1
9.54,6,58,1,0,86,59,5,5,1,ECE,1
9.72,3,88,4,1,92,46,8,1,2,ME,1
9.8,5,74,5,1,76,79,0,2,3,CE,1
7.61,7,82,1,2,72,90,3,2,3,ME,1
9.89,9,74,1,2,80,28,1,2,1,EE,1
8.79,8,91,6,0,56,52,2,2,2,ME,1
5.81,5,71,3,0,58,55,2,0,1,IT,1
7.38,7,89,3,1,69,86,8,5,3,IT,1
8.59,8,59,4,1,67,38,7,3,1,CE,1
6.24,6,49,5,3,65,56,4,0,1,CSE,1
8.2,6,45,4,0,68,78,2,0,1,ME,1
8.33,7,80,1,3,74,35,6,5,1,CE,1
5.81,5,83,2,2,83,84,7,3,3,EE,1
7.83,7,84,2,3,78,56,0,3,1,CSE,1
8.86,3,70,6,3,87,87,3,1,3,EE,1
7.49,8,54,5,2,79,38,6,5,2,CE,1
5.06,5,65,3,3,92,66,2,0,1,CE,1
5.05,9,48,3,0,94,99,6,4,1,EE,1
6.79,10,97,6,2,99,90,6,1,2,IT,1
9.63,7,48,5,0,74,55,4,4,1,IT,1
6.14,8,65,3,1,99,60,4,0,2,CSE,1
8.17,6,66,6,0,69,79,8,1,2,CSE,1
6.11,8,60,6,0,100,56,5,5,2,CE,1
6.61,7,85,5,3,72,74,5,3,2,CSE,1
9.24,6,62,1,0,96,63,0,3,2,ME,1
8.64,1,91,0,2,59,80,3,1,3,CE,1
5.48,2,99,0,3,58,92,1,0,1,ME,1
7.14,9,37,2,1,81,38,8,5,3,ME,1
5.15,1,35,1,2,67,87,4,3,3,EE,0
7.4,1,94,4,0,93,25,2,3,2,CE,1
8.31,3,95,5,0,83,51,1,2,1,ME,1
5.59,6,74,5,2,92,82,4,3,2,ECE,1
6.44,2,79,5,3,90,38,2,3,3,IT,1
6.99,7,78,6,1,75,63,4,1,1,IT,1
9.6,9,41,0,3,95,73,8,4,2,EE,1
9.97,3,95,3,2,63,49,3,2,1,CSE,1
5.22,9,30,1,1,86,70,8,4,2,CSE,1
8.81,4,69,6,2,83,84,1,3,3,CE,1
6.86,7,51,3,1,78,80,1,3,1,ME,1
6.96,1,37,0,1,63,42,8,0,3,ME,1
8.77,9,88,5,0,71,78,8,2,2,ECE,1
9.59,2,81,6,1,79,68,5,0,1,CE,1
9.75,5,97,2,0,68,60,0,1,3,CE,1
7.89,2,68,6,3,92,98,3,4,2,CSE,1
6.79,4,62,3,2,61,29,6,3,2,CE,1
8.94,7,94,4,0,92,54,7,2,1,ME,1
6.26,5,76,2,2,66,32,1,5,3,ME,0
7.82,2,90,3,2,70,42,1,0,1,EE,1
6.79,4,39,4,1,83,70,6,5,3,ECE,0
8.28,10,56,6,3,96,21,5,3,1,IT,1
6.2,1,96,3,1,60,95,3,0,2,IT,1
5.96,3,78,0,2,81,41,7,0,3,ME,1
9.59,2,34,4,1,56,36,0,4,3,CE,0
5.51,8,96,4,0,100,39,3,5,3,CSE,1
7.53,10,35,0,1,55,29,8,2,1,ME,1
6.1,4,96,0,2,86,72,5,4,1,IT,1
5.19,7,44,4,0,80,84,8,5,1,CE,1
5.18,3,50,3,3,73,53,1,5,2,CE,0
5.88,4,45,0,0,93,79,5,0,2,EE,1
9.33,9,72,2,2,100,21,6,4,3,ME,1
6.41,8,59,0,2,87,62,3,2,1,CSE,1
9.75,2,71,3,1,81,31,5,1,3,CE,1
7.91,10,63,6,2,81,63,7,3,2,IT,1
7.18,4,47,6,2,100,88,0,5,3,IT,1
7.9,5,69,4,1,75,25,4,1,1,ECE,1
7.58,8,49,0,2,82,37,1,4,3,CSE,0
8.79,4,50,1,0,66,58,7,1,2,ME,1
6.41,1,32,2,2,65,38,4,4,3,ME,0
6.77,6,31,5,1,76,87,1,3,3,ECE,1
9.47,6,70,6,3,65,56,7,2,3,ME,1
9.73,2,67,0,0,81,45,5,2,1,ME,1
9.46,7,52,4,3,64,65,0,5,2,ME,1
7.1,3,31,5,1,84,30,4,4,1,ME,1
8.9,9,47,5,1,99,94,0,3,1,CSE,1
7.38,2,91,1,1,55,68,6,1,1,IT,1
7.49,3,47,5,3,73,86,0,4,1,CSE,1
6.02,9,72,3,0,92,83,5,0,3,CSE,1
7.96,3,45,6,1,61,20,6,3,1,CE,1
5.93,6,65,1,3,58,21,6,2,2,EE,1
6.66,1,77,3,3,97,93,4,3,3,IT,1
9.28,9,46,0,2,57,65,4,4,3,CSE,1
6.04,2,94,4,0,61,53,7,0,2,CE,1
5.36,6,54,6,1,57,43,3,4,3,IT,0
5.35,4,38,1,3,68,20,1,1,3,ECE,0
9.7,9,97,0,3,90,94,0,5,3,EE,1
7.53,7,53,5,2,93,88,2,2,2,ECE,1
7.05,8,73,4,3,80,23,3,1,2,ECE,1
9.05,5,46,4,2,84,62,4,2,3,ECE,1
9.18,1,85,1,1,83,59,0,2,1,IT,1
6.66,2,77,1,0,89,29,0,4,1,EE,0
8.47,8,61,0,1,65,60,4,5,2,ME,1
8.86,6,52,2,2,86,92,8,2,2,ME,1
8.27,9,40,5,3,91,24,3,1,1,CE,1
5.76,10,56,1,2,89,81,5,2,1,ME,1
9.38,9,71,5,3,85,93,3,4,2,CSE,1
7.7,8,56,0,2,66,60,4,0,2,ECE,1
6.41,10,35,1,0,99,75,8,5,1,EE,1
7.13,4,69,4,3,86,61,2,4,3,EE,1
5.19,9,80,6,2,76,73,8,0,2,EE,1
5.64,8,81,0,3,91,30,7,5,2,IT,1
8.83,6,80,6,0,59,56,1,2,2,ECE,1
5.0,9,73,3,3,57,34,2,5,3,CSE,0
7.08,8,91,0,2,83,42,6,2,2,ME,1
7.61,5,44,3,3,70,24,6,4,2,EE,1
5.27,9,64,0,3,73,55,0,2,2,ME,1
9.87,1,71,0,1,59,21,5,5,3,EE,0
6.13,5,75,0,3,75,87,3,1,3,ME,1
6.52,3,41,1,3,81,70,5,1,3,ME,1
6.52,2,39,5,2,61,54,0,0,2,ME,1
6.15,9,90,3,0,55,60,5,5,2,ME,1
5.01,3,70,3,2,82,93,7,0,2,CSE,1
8.65,2,69,5,2,80,63,8,3,1,ME,1
9.83,3,32,3,1,57,67,7,2,1,IT,1
6.12,9,56,5,2,66,34,1,4,3,CE,1
8.32,2,30,5,2,62,90,8,1,2,IT,1
8.71,10,77,0,2,55,69,5,1,2,CE,1
9.24,5,80,1,3,99,37,0,2,3,IT,1
7.11,7,76,2,2,73,48,7,3,3,ECE,1
6.51,9,67,3,2,70,22,1,5,3,CE,0
6.63,9,77,1,3,58,97,7,2,2,EE,1
8.56,2,86,0,1,92,67,2,2,3,EE,1
9.08,8,85,2,3,85,52,1,1,1,CE,1
5.91,5,30,3,2,55,91,0,0,2,ME,1
6.85,7,33,1,0,69,38,4,2,3,ECE,0
9.51,3,57,1,2,90,88,3,5,1,IT,1
9.03,3,77,2,0,72,72,5,4,1,CE,1
9.92,10,37,1,2,96,97,5,3,3,ECE,1
8.77,6,47,6,0,66,86,2,3,3,EE,1
6.97,2,56,1,1,100,36,6,2,3,IT,1
7.95,2,48,4,0,100,36,7,1,3,CSE,1
8.31,10,100,6,2,96,67,8,0,3,CE,1
5.39,1,41,1,3,100,20,7,3,2,CSE,0
7.72,5,76,0,3,66,100,7,5,2,IT,1
8.55,2,40,6,1,89,59,1,5,2,ECE,1
5.84,9,44,5,3,70,54,6,4,1,ME,1
8.9,3,81,6,0,83,73,4,1,3,EE,1
7.92,2,96,3,2,56,36,2,0,1,IT,1
9.76,10,50,4,3,69,94,6,5,2,CSE,1
5.21,6,76,6,0,79,51,5,4,3,CE,1
6.33,9,50,6,3,63,28,6,1,3,EE,1
8.01,8,100,1,1,62,92,3,2,1,IT,1
6.48,1,52,2,0,83,59,0,5,2,CSE,0
8.57,8,66,1,2,88,52,4,2,3,CSE,1
8.8,9,89,4,2,64,94,7,2,2,IT,1
5.51,10,65,5,3,56,29,7,5,3,IT,1
7.57,9,64,1,1,72,59,2,1,1,EE,1
7.54,7,43,4,1,67,52,1,2,1,IT,1
6.85,7,49,1,2,58,42,8,3,3,IT,1
9.66,8,41,4,3,98,66,6,5,1,IT,1
9.14,7,48,1,0,74,56,7,2,3,CE,1
8.49,6,72,3,1,94,37,7,2,3,IT,1
8.57,7,54,5,3,93,46,4,2,1,IT,1
7.31,5,98,0,0,75,44,7,1,3,ECE,1
9.6,10,45,0,2,77,61,2,4,1,CSE,1
8.47,7,86,4,2,91,68,2,4,1,IT,1
8.64,5,81,0,1,79,87,1,3,2,CE,1
9.31,1,43,5,1,75,61,4,4,3,IT,1
6.37,10,72,3,2,64,29,3,1,3,CSE,1
9.04,1,71,0,1,57,24,7,0,2,CE,1
5.98,5,70,1,1,67,20,8,1,3,CSE,1
6.73,8,80,4,3,80,28,3,0,1,IT,1
6.68,5,79,0,1,84,93,0,0,1,EE,1
9.89,3,61,0,0,86,55,3,1,2,CSE,1
9.28,3,81,4,3,56,70,8,5,3,EE,1
8.51,8,47,1,1,67,92,5,2,3,IT,1
8.64,1,46,4,3,69,88,2,0,3,ME,1
7.81,9,96,5,3,87,80,4,3,2,ECE,1
9.74,10,95,3,2,73,82,8,5,2,IT,1
7.48,3,46,0,2,81,46,1,2,3,EE,0
6.9,3,69,5,0,89,85,8,2,2,EE,1
5.82,5,46,3,3,64,80,4,0,3,ME,1
8.93,7,83,0,0,77,27,7,2,1,ME,1
8.67,7,94,5,0,60,26,1,1,2,ECE,1
6.92,2,73,2,0,64,26,1,2,3,ME,0
5.13,10,59,0,1,94,26,8,1,3,ECE,1
9.19,5,67,0,2,86,50,8,4,2,CSE,1
5.06,4,90,6,0,85,78,5,0,1,CSE,1
8.52,3,34,2,3,67,66,6,0,1,ME,1
9.85,1,83,4,0,75,31,2,4,1,ECE,1
7.19,5,54,3,3,66,63,0,5,2,EE,1
6.17,2,41,0,3,92,83,5,3,1,ME,1
8.52,5,43,4,2,91,72,0,1,2,CE,1
9.09,8,75,4,3,77,53,4,1,1,EE,1
7.73,8,31,5,0,66,90,0,4,3,CE,1
9.84,8,36,4,1,93,97,8,4,1,CSE,1
5.26,8,65,2,3,92,76,1,2,2,IT,1
7.52,2,79,0,2,55,99,0,0,3,IT,1
8.59,3,89,6,0,78,82,6,2,1,CSE,1
9.31,1,62,3,2,78,35,3,2,1,IT,1
5.9,2,48,5,1,60,76,7,4,3,CE,0
9.0,2,32,5,2,68,47,8,3,2,IT,1
7.76,9,38,6,2,66,59,3,1,1,ME,1
6.98,5,33,3,3,92,21,6,5,1,CE,1
5.66,2,72,6,3,55,21,8,5,2,ECE,1
9.33,9,90,4,2,70,95,6,1,3,IT,1
5.79,3,76,3,2,89,92,2,3,1,CSE,1
6.55,3,100,6,0,68,55,2,0,2,ECE,1
6.45,4,88,1,3,61,86,0,1,1,EE,1
9.36,5,77,6,2,83,93,1,3,2,EE,1
8.36,2,72,2,0,84,98,4,4,3,IT,1
8.98,1,76,5,0,100,46,8,5,1,CSE,1
6.25,10,81,4,1,85,69,6,1,2,CSE,1
8.12,7,36,2,2,71,58,5,1,2,ECE,1
7.86,1,48,2,0,95,26,2,2,2,ME,0
9.16,9,86,5,1,80,70,1,5,2,ECE,1
9.53,4,78,4,1,60,43,6,0,1,CSE,1
5.06,10,41,5,0,66,20,1,1,2,IT,1
8.37,5,98,4,1,60,26,4,3,1,ECE,1
5.26,10,73,0,1,84,93,2,2,2,CSE,1
7.74,1,89,2,3,57,63,2,5,1,CE,1
6.44,7,82,5,0,55,88,1,1,2,CSE,1
6.53,2,50,5,0,57,52,0,4,2,ME,0
6.76,9,44,1,2,93,86,0,2,2,IT,1
8.11,8,41,3,0,73,71,8,4,3,ME,1
6.67,9,89,1,0,55,70,8,3,2,ME,1
8.66,3,89,1,1,71,96,1,5,3,ECE,1
7.02,2,63,0,1,59,44,2,5,3,CSE,0
5.34,9,47,6,2,70,29,2,0,2,CSE,1
8.92,10,97,3,2,80,71,2,4,2,ECE,1
6.43,9,70,2,1,99,91,8,3,2,ME,1
7.16,5,69,2,1,84,60,0,3,2,ME,1
8.43,8,30,4,3,66,83,8,3,3,ME,1
6.66,6,40,1,3,93,86,2,5,3,CSE,1
5.28,10,76,0,0,91,89,1,4,1,IT,1
6.87,4,54,3,2,65,87,0,1,3,ME,1
9.72,7,84,0,1,79,84,8,4,1,CSE,1
8.21,4,42,0,0,75,34,5,3,1,EE,1
8.36,5,100,3,2,83,84,4,0,3,EE,1
8.16,7,75,3,1,93,69,2,4,2,EE,1
5.99,5,34,4,1,68,53,3,5,2,CSE,0
7.09,3,47,2,2,70,91,2,4,1,ME,1
8.75,2,31,6,1,86,54,8,4,3,EE,1
5.51,2,60,2,2,97,35,5,4,3,EE,0
6.39,5,43,4,0,94,98,1,2,2,ME,1
6.38,1,90,0,2,71,74,5,0,1,CE,1
7.16,8,94,6,0,58,90,8,4,1,ECE,1
9.9,1,54,6,2,92,92,4,2,2,ME,1
5.34,3,64,0,0,81,87,2,5,1,CSE,0
7.59,7,84,4,1,60,89,5,2,3,IT,1
5.9,3,45,5,1,61,59,7,4,1,CSE,1
9.85,1,69,4,1,72,33,5,2,1,IT,1
5.57,7,52,3,0,79,70,7,4,2,ECE,1
7.02,2,49,4,2,59,37,8,1,1,IT,1
8.69,1,59,3,0,57,29,8,2,3,CSE,1
8.52,8,96,2,3,63,60,8,5,1,ECE,1
7.11,9,88,2,0,65,61,8,2,3,CSE,1
6.73,8,51,5,2,64,48,2,4,1,IT,1
6.99,1,91,4,1,63,45,2,3,3,IT,1
6.32,10,82,3,3,85,49,5,0,1,ECE,1
6.03,5,40,0,3,87,27,8,5,1,CE,0
7.42,2,59,0,0,55,62,8,1,2,CSE,1
6.34,9,37,6,3,63,94,5,1,3,ME,1
6.44,6,79,6,2,83,84,4,2,2,EE,1
8.28,4,76,3,2,84,47,2,0,1,ECE,1
9.84,8,73,0,1,98,37,4,5,3,CE,1
8.02,8,61,5,1,93,66,3,4,1,IT,1
5.38,10,47,6,1,84,98,3,4,2,ECE,1
5.38,4,70,4,2,63,89,3,4,1,ME,1
9.76,3,52,2,1,78,53,7,2,2,EE,1
6.49,9,76,1,2,84,24,1,3,2,ME,1
5.46,7,94,0,3,61,74,1,4,3,EE,1
8.0,10,35,2,0,97,54,7,5,2,ME,1
8.12,4,93,3,1,63,75,8,5,3,EE,1
8.24,5,71,5,0,74,80,6,5,3,CSE,1
6.34,8,79,0,3,78,82,4,0,3,CSE,1
5.08,9,100,5,1,87,97,5,5,1,CE,1
9.83,7,45,5,2,59,93,4,5,3,ECE,1
6.25,6,53,2,0,61,31,7,0,1,CE,1
8.38,8,77,6,1,100,31,6,3,3,ECE,1
8.53,5,30,4,2,72,40,7,5,3,IT,1
8.05,7,47,2,2,87,54,2,1,3,ME,1
6.56,2,74,3,3,71,28,6,5,1,IT,1
6.36,1,37,4,1,93,86,7,2,3,ME,1
7.99,3,98,0,0,93,70,2,0,1,CE,1
9.33,2,68,1,0,96,46,3,3,1,ME,1
9.73,3,68,5,1,63,73,8,0,2,IT,1
5.53,1,70,2,2,80,38,6,2,1,EE,1
5.77,10,75,0,1,72,98,1,2,3,ECE,1
9.72,4,78,1,2,100,85,4,5,3,CSE,1
8.68,7,37,6,3,72,82,5,4,1,CSE,1
9.41,4,98,5,2,64,26,1,0,3,CE,1
6.01,1,67,4,1,65,73,8,0,2,ME,1
7.94,3,85,1,2,76,67,8,4,1,EE,1
8.51,5,33,1,0,89,91,1,3,2,EE,1
8.4,2,89,6,1,63,53,4,4,3,CE,1
7.04,5,59,0,3,97,50,7,4,2,IT,1
5.08,3,98,4,0,69,39,4,1,1,CSE,1
7.91,7,64,1,0,85,74,1,2,2,CE,1
6.27,9,82,1,3,97,46,4,4,3,CSE,1
7.25,3,42,1,2,55,67,6,4,3,IT,0
9.79,8,62,2,0,59,77,0,1,1,CE,1
7.0,2,45,2,2,78,21,5,1,3,IT,1
9.2,5,86,0,3,59,44,3,1,1,CE,1
5.94,6,81,2,3,94,78,3,3,2,CE,1
8.36,9,96,1,3,67,95,2,1,3,ECE,1
9.89,7,100,0,1,65,86,1,0,1,IT,1
5.51,5,33,6,1,83,76,5,3,1,CE,1
5.04,5,99,1,2,74,41,0,2,2,CE,1
7.17,5,42,4,0,71,96,8,2,1,CSE,1
5.46,8,63,6,0,96,26,5,4,3,CE,1
8.74,1,97,6,3,84,83,5,4,2,CE,1
9.57,6,53,1,0,76,49,1,5,1,ECE,1
7.17,8,57,4,3,100,54,5,4,3,IT,1
6.29,1,50,6,3,85,25,3,2,2,ME,1
7.17,2,77,1,2,96,95,4,5,3,EE,1
8.62,2,45,3,0,64,74,1,1,1,IT,1
5.05,7,66,1,3,56,67,0,4,1,IT,1
7.95,7,34,3,3,64,54,2,2,1,ME,1
8.07,3,64,0,2,82,31,8,1,2,CE,1
8.19,7,38,3,3,68,94,3,3,2,IT,1
6.21,1,38,6,1,60,70,1,2,2,EE,1
8.57,8,88,3,0,92,25,8,3,1,CSE,1
5.46,6,73,3,2,88,94,0,4,2,ECE,1
6.0,7,74,3,2,70,83,7,2,3,CE,1
9.39,6,33,1,3,75,72,0,2,3,CE,1
8.69,9,46,5,0,57,39,1,0,3,ECE,1
5.07,2,41,2,2,96,66,6,1,3,CE,1
6.24,7,96,5,0,99,50,4,1,1,IT,1
6.07,8,68,5,3,58,56,6,5,3,ECE,1
6.35,8,42,0,3,86,44,4,4,1,IT,1
6.24,3,72,5,1,78,63,4,1,2,CSE,1
5.31,5,100,1,2,75,63,5,2,1,CSE,1
7.29,1,100,1,3,67,67,7,2,2,IT,1
8.66,3,81,2,0,78,82,8,5,2,CE,1
8.03,9,91,1,3,94,34,8,5,1,ECE,1
8.36,7,62,4,2,65,60,7,1,1,ECE,1
5.41,7,98,6,1,84,73,2,4,1,CSE,1
9.76,7,80,0,1,90,78,2,2,2,CSE,1
9.19,9,87,4,1,70,70,4,2,1,EE,1
9.03,1,84,6,1,86,67,6,2,3,CE,1
9.11,5,77,1,3,81,89,5,2,2,ECE,1
9.66,2,91,4,3,84,79,4,2,1,IT,1
7.72,9,30,6,0,88,73,5,2,2,EE,1
6.0,1,47,6,0,67,77,1,0,1,EE,1
8.08,3,30,3,3,88,63,8,2,3,ME,1
8.71,7,80,6,3,69,58,7,5,2,CSE,1
8.69,3,46,6,2,99,48,4,5,2,IT,1
7.61,5,54,4,2,95,87,0,5,2,IT,1
5.34,9,67,2,3,97,74,8,1,2,CE,1
6.86,4,100,0,3,85,28,8,3,3,EE,1
9.6,2,43,6,2,90,98,7,3,2,CE,1
7.92,8,63,0,0,93,79,0,4,3,ECE,1
7.69,2,35,5,1,76,37,3,5,2,CE,0
6.34,6,47,6,3,67,100,5,3,3,IT,1
6.84,6,100,3,1,69,32,3,1,1,ME,1
9.48,9,50,0,2,76,61,5,0,1,IT,1
8.33,6,78,1,2,79,26,6,1,3,EE,1
8.94,1,97,5,2,59,90,7,5,1,EE,1
7.27,5,47,6,1,84,49,3,5,1,IT,1
8.15,8,51,4,0,74,56,2,4,1,CE,1
6.24,1,55,1,1,87,58,5,3,3,ME,0
8.53,4,63,3,0,82,56,6,1,2,CE,1
7.14,3,66,2,1,99,40,7,4,2,ME,1
7.21,4,69,5,1,69,85,1,0,3,CSE,1
8.25,1,87,6,0,74,100,7,1,3,IT,1
9.68,4,80,3,1,98,76,7,5,3,CE,1
5.32,5,43,2,1,81,56,4,3,1,ME,0
9.12,6,49,6,1,87,99,1,4,2,ECE,1
6.46,7,31,1,1,62,68,1,5,2,ECE,0
7.22,3,70,1,2,86,89,2,3,1,ME,1
5.11,3,74,5,2,64,96,5,5,1,CSE,1
6.51,3,74,4,3,65,88,7,5,1,EE,1
7.51,5,75,4,0,97,50,4,4,2,ME,1
5.28,1,66,2,0,82,98,1,5,1,ECE,0
7.46,8,71,1,0,64,41,7,3,2,EE,1
9.64,2,61,2,3,68,41,1,0,2,ME,1
5.53,2,74,0,0,92,84,1,3,3,CSE,0
8.82,6,50,0,2,68,85,3,3,1,CE,1
7.05,1,35,5,2,92,78,1,3,3,IT,1
8.28,2,38,3,1,66,39,6,0,2,CSE,1
6.3,9,64,3,2,59,88,0,1,1,EE,1
5.8,1,58,3,2,55,99,6,4,2,IT,1
5.8,8,50,0,0,90,74,3,2,2,CSE,1
5.35,5,73,3,0,89,61,7,4,2,CE,1
5.93,7,84,5,3,96,41,8,1,2,ECE,1
8.32,9,59,5,1,68,64,5,5,2,ME,1
9.41,7,80,6,1,64,41,4,4,3,ME,1
9.07,4,96,0,3,83,84,1,1,1,CSE,1
8.43,2,89,4,0,74,97,4,4,3,CSE,1
5.55,9,95,2,1,59,89,2,2,3,CE,1
6.45,7,60,6,1,88,31,0,4,2,IT,1
6.55,7,42,0,3,73,30,0,4,1,ECE,0
6.25,5,63,4,1,83,50,5,1,2,ECE,1
7.58,6,89,0,2,98,24,5,0,2,IT,1
7.68,4,34,0,3,84,21,4,4,1,EE,1
6.78,7,53,2,3,66,61,5,3,1,IT,1
6.77,5,62,2,0,67,83,1,4,3,ECE,0
9.14,5,44,0,1,65,53,0,1,2,CE,1
8.95,9,92,5,3,87,79,8,1,3,CE,1
6.54,4,84,3,2,78,55,0,1,2,ME,1
9.57,7,78,0,3,91,38,6,0,1,ECE,1
9.76,5,57,6,3,71,63,5,5,3,CSE,1
6.63,9,67,1,0,83,49,2,2,3,CSE,1
6.77,9,49,3,1,99,49,4,3,3,ECE,1
7.53,10,42,0,3,63,40,4,5,1,ECE,1
9.71,7,51,2,1,88,69,7,4,3,EE,1
9.38,7,57,4,1,59,48,0,3,1,IT,1
5.51,4,33,6,2,89,86,2,1,1,IT,1
6.96,3,67,6,3,61,58,7,2,3,CE,1
7.77,7,81,5,2,62,27,1,4,1,EE,1
7.52,9,47,3,2,98,66,1,2,1,IT,1
5.97,2,49,1,3,63,25,4,5,2,EE,0
9.29,4,71,1,0,63,94,2,1,1,IT,1
8.38,1,68,5,2,55,22,0,4,1,IT,1
9.19,7,42,2,0,56,77,3,2,3,EE,1
9.29,5,36,4,1,80,74,8,2,1,ECE,1
8.74,6,89,0,0,86,44,5,1,1,IT,1
7.2,5,71,3,3,86,100,1,5,3,EE,1
8.05,9,36,4,1,69,29,5,5,3,EE,1
5.8,10,81,0,1,99,70,1,0,2,EE,1
8.37,2,62,4,2,94,30,1,0,3,ME,1
5.9,5,92,1,0,86,47,4,3,2,ME,1
8.47,6,93,4,3,88,94,0,0,3,CE,1
6.15,7,80,4,2,77,28,5,0,1,IT,1
5.59,9,59,5,0,60,35,8,1,1,CE,1
5.83,9,88,2,1,82,39,2,3,1,ME,1
5.01,5,77,5,0,91,54,2,2,3,ECE,1
8.59,5,54,2,0,71,42,7,5,3,IT,1
8.66,6,41,4,1,78,52,7,4,1,CE,1
7.57,3,45,5,3,83,30,3,5,1,ME,1
5.81,10,37,0,1,80,33,0,1,2,ME,1
5.42,6,43,5,0,76,29,7,1,3,CE,1
5.1,7,92,2,3,91,64,5,2,3,ME,1
5.83,5,51,1,2,60,99,3,3,3,ME,1
9.45,4,51,4,1,91,85,7,4,2,CE,1
6.21,10,87,0,3,85,74,1,0,3,IT,1
6.77,7,67,5,2,70,61,3,1,1,CE,1
5.53,2,37,0,2,73,59,1,2,1,EE,0
6.11,7,92,4,2,74,54,7,5,3,CE,1
7.6,3,86,6,2,93,38,3,0,2,CE,1
8.04,6,75,6,1,75,59,6,2,2,CE,1
6.23,10,99,6,3,66,59,3,4,2,CE,1
5.29,6,52,2,3,85,89,7,3,1,IT,1
6.96,5,42,3,2,60,79,7,2,2,ECE,1
6.17,2,95,2,1,71,95,6,0,3,EE,1
6.1,2,84,1,1,70,38,8,5,3,CE,0
9.8,3,70,2,0,72,100,8,2,2,EE,1
8.08,5,45,2,3,87,99,6,5,1,ME,1
7.78,8,90,6,0,80,98,4,3,1,ME,1
7.08,6,65,3,2,100,32,0,3,3,ME,1
7.14,6,64,3,2,87,38,3,5,2,IT,1
7.7,10,57,2,1,85,30,7,3,2,EE,1
8.48,8,51,4,0,60,91,1,3,3,EE,1
8.51,4,75,4,3,81,49,2,5,2,CSE,1
5.86,8,84,0,0,93,48,7,2,3,IT,1
7.5,8,46,0,2,74,99,3,2,3,IT,1
7.06,8,31,6,2,68,67,6,1,3,EE,1
9.35,8,92,0,0,93,36,5,3,1,CSE,1
8.16,1,62,6,0,90,55,1,2,1,ECE,1
7.66,5,84,5,1,97,42,8,5,3,ME,1
5.58,6,48,2,2,78,95,8,4,3,IT,1
8.03,10,30,1,0,81,83,4,0,1,ECE,1
5.59,2,86,2,0,72,75,8,3,3,IT,1
6.69,9,32,2,0,66,52,0,4,3,ECE,0
5.71,2,47,5,2,81,58,5,3,2,ME,1
8.46,5,69,0,2,74,72,3,5,1,ECE,1
6.03,1,44,5,1,83,28,8,2,3,CSE,1
6.96,8,86,3,2,97,90,6,1,3,EE,1
9.48,10,97,3,3,96,70,4,0,2,ME,1
6.02,6,81,3,0,70,96,1,3,2,ME,1
7.54,7,57,5,3,78,34,6,2,1,CSE,1
7.1,8,93,4,2,66,87,3,4,2,ME,1
5.09,7,87,3,3,99,83,1,3,3,IT,1
8.96,4,99,1,1,99,92,4,2,1,ME,1
5.35,2,69,4,0,92,92,8,0,3,CE,1
7.37,3,76,2,3,89,47,1,0,3,EE,1
7.8,5,34,6,0,78,49,5,4,2,CSE,1
8.14,7,78,4,2,57,44,2,5,1,CSE,1
8.44,4,55,6,3,97,71,4,3,3,CSE,1
6.27,9,36,2,1,69,39,5,1,1,ECE,1
5.05,10,78,0,1,60,88,3,2,3,EE,1
8.62,10,98,5,0,66,32,8,2,2,IT,1
7.68,3,60,0,3,72,24,8,5,3,EE,0
9.18,6,56,4,3,100,20,1,5,3,IT,1
9.11,8,39,2,3,56,42,6,1,2,EE,1
9.22,4,44,3,0,68,26,2,5,3,IT,0
7.43,2,33,0,1,74,73,7,4,2,CE,0
6.67,10,53,0,0,92,80,5,0,1,CE,1
8.96,5,39,0,2,56,83,8,1,1,ME,1
7.26,2,62,2,2,92,92,0,5,3,IT,0
5.92,8,48,5,3,73,27,5,5,3,CSE,1
9.27,10,82,4,2,66,89,3,4,3,ECE,1
9.41,1,49,4,2,99,53,6,5,1,CE,1
7.33,6,100,5,1,61,44,0,2,3,CE,1
5.38,1,96,2,2,89,60,8,3,3,CE,1
6.94,7,32,2,2,100,100,2,0,1,IT,1
9.02,6,30,2,1,82,52,2,2,1,CE,1
9.51,10,40,3,1,92,33,1,0,3,EE,1
6.02,7,77,5,3,83,70,5,2,2,IT,1
5.33,3,40,6,1,86,67,2,2,2,CSE,1
9.39,4,100,5,2,90,82,0,0,3,CE,1
6.95,9,80,6,3,70,46,3,2,2,EE,1
7.71,7,94,6,2,59,100,2,4,2,ME,1
9.84,4,89,5,2,65,24,0,3,1,IT,1
5.33,3,38,4,0,67,75,3,0,1,CSE,1
8.24,6,49,6,2,98,27,5,0,2,ECE,1
5.37,9,83,5,1,94,22,8,5,1,ME,1
6.88,3,67,3,2,68,84,4,3,1,CSE,1
9.02,4,58,1,1,79,94,5,1,3,CSE,1
7.17,8,100,1,2,68,73,1,5,2,EE,1
9.99,6,51,0,2,67,26,4,3,3,IT,1
7.8,1,99,6,3,86,55,1,5,2,ME,1
6.61,3,73,2,3,62,67,5,3,1,IT,1
6.1,8,99,2,3,86,61,6,0,1,ME,1
6.75,2,99,3,0,94,72,0,3,3,CE,1
6.86,10,88,0,0,78,67,7,4,1,ME,1
5.34,3,78,5,1,65,45,2,5,1,ME,0
6.85,9,88,5,1,81,65,5,4,2,CSE,1
7.32,10,50,2,0,97,71,8,5,2,ME,1
8.61,10,92,6,2,59,27,5,2,2,EE,1
8.28,3,61,4,2,82,53,0,1,1,CE,1
8.54,4,48,3,3,60,36,2,4,1,CE,1
5.04,8,88,1,3,82,40,7,0,3,ECE,1
6.09,7,65,2,1,90,29,4,1,3,ME,1
8.31,1,31,3,0,94,67,0,1,2,ECE,1
7.42,1,43,5,2,82,62,7,5,2,CSE,1
5.03,8,68,4,2,66,22,6,5,3,CE,0
9.02,10,57,0,2,96,74,4,3,3,CE,1
8.86,9,81,3,3,77,83,6,3,3,CE,1
7.74,10,71,1,1,80,91,2,4,3,EE,1
5.33,9,49,2,1,79,81,8,2,3,CSE,1
8.83,2,64,0,2,84,74,2,5,2,CE,1
7.92,2,65,2,2,70,41,4,1,3,IT,1
8.91,9,40,6,2,69,72,0,3,3,ECE,1
8.76,5,89,6,3,100,78,7,0,2,CSE,1
9.02,10,37,6,0,85,52,8,0,2,CE,1
7.59,9,80,3,0,78,24,6,5,3,CE,1
5.7,2,85,2,0,95,63,5,4,1,ME,0
8.36,6,71,4,3,74,92,7,5,1,CSE,1
8.1,9,74,3,0,73,66,7,0,1,CE,1
8.71,8,55,5,0,63,63,4,2,3,CE,1
5.85,3,90,4,1,85,63,2,4,1,CE,1
5.97,5,84,2,2,91,42,2,3,3,ME,1
9.45,9,34,0,2,61,54,3,4,1,CE,1
8.75,7,81,6,2,65,32,1,0,3,IT,1
9.54,5,97,1,1,91,63,6,4,3,IT,1
8.79,9,94,2,1,88,33,7,0,1,ME,1
7.99,7,90,4,3,96,41,4,3,2,CSE,1
8.27,8,81,3,0,97,81,0,3,2,CE,1
9.45,1,88,0,0,78,41,4,1,2,EE,1
7.89,1,58,5,1,90,45,3,3,3,CSE,1
8.16,6,92,5,1,72,64,4,3,1,ME,1
5.78,4,39,6,0,59,66,3,2,2,EE,1
7.37,6,77,3,0,76,69,5,1,1,ECE,1
8.58,8,31,1,3,77,89,1,4,3,IT,1
6.35,3,38,5,0,65,73,7,5,1,IT,0
6.01,7,51,2,1,99,91,4,2,2,ECE,1
6.57,8,53,1,1,86,58,0,4,2,CSE,0
6.21,6,53,0,0,68,45,2,2,3,CE,0
6.07,4,30,1,2,59,21,3,0,3,CE,1
7.12,10,95,2,0,81,52,3,4,2,CE,1
9.54,4,44,6,2,84,92,7,3,2,ME,1
7.54,7,66,5,1,97,21,6,2,3,ECE,1
5.94,3,97,4,2,90,72,1,2,3,CE,1
5.38,4,31,6,3,60,93,8,5,3,IT,1
8.48,9,86,6,1,86,89,5,0,1,ECE,1
6.91,4,53,6,1,97,55,5,3,3,EE,1
9.11,2,97,2,3,90,88,5,4,3,IT,1
8.3,7,41,4,1,68,34,0,4,2,IT,1
8.98,7,85,4,1,87,60,2,1,1,ME,1
6.36,8,56,1,2,86,88,1,4,3,ECE,1
8.46,10,64,2,0,72,47,5,4,3,ME,1
6.32,8,74,1,1,85,83,0,3,3,CSE,1
9.7,5,71,6,0,95,65,7,1,2,ECE,1
8.18,6,68,4,2,74,35,3,0,2,ME,1
6.62,1,97,1,0,93,71,5,5,1,CSE,0
6.35,10,92,6,1,84,34,5,3,1,ME,1
5.95,1,79,0,0,95,65,0,2,3,CSE,0
8.47,2,72,4,3,93,82,3,2,1,CE,1
6.09,6,81,0,0,93,61,0,5,3,IT,0
7.98,3,90,1,3,93,80,8,2,3,ME,1
6.32,9,59,2,3,95,90,3,0,2,EE,1
8.31,9,38,5,2,90,97,4,0,2,CSE,1
9.07,7,68,2,3,71,52,5,1,2,ME,1
8.89,2,57,3,3,82,25,8,3,2,EE,1
8.8,3,81,2,2,77,57,5,0,2,CE,1
5.94,4,87,1,0,62,70,7,0,1,ME,1
5.44,2,64,2,3,98,34,2,0,1,CSE,1
8.49,7,76,1,0,72,50,5,4,2,IT,1
6.84,3,71,6,2,94,70,4,4,1,ECE,1
7.16,5,51,5,1,83,39,4,4,2,CSE,1
5.16,4,63,5,3,78,79,1,0,2,CSE,1
6.3,7,46,1,1,83,44,1,3,1,CSE,1
5.17,2,83,5,3,55,87,2,4,2,ECE,1
9.4,10,41,3,2,71,75,8,0,3,CE,1
6.22,3,32,5,1,100,65,5,0,3,CSE,1
7.79,9,66,0,2,80,24,4,5,2,EE,1
5.19,2,94,2,2,71,53,3,4,2,ME,0
8.33,5,87,0,2,76,25,3,5,2,ECE,1
6.62,4,95,6,2,73,97,1,5,1,CE,1
9.49,10,41,1,2,100,92,3,2,1,EE,1
9.44,10,51,1,1,75,36,3,4,1,IT,1
6.63,7,84,0,1,68,73,7,5,3,CE,1
9.5,6,91,5,2,56,42,3,2,2,ECE,1
9.98,4,54,0,1,74,22,2,0,1,CE,1
9.13,3,54,1,1,76,35,6,1,3,ME,1
9.22,4,84,1,0,68,38,5,2,1,CSE,1
6.25,9,77,4,3,69,28,4,5,2,IT,1
7.88,9,72,6,0,58,95,7,2,3,ME,1
5.34,8,50,1,1,100,93,4,5,2,ECE,0
5.47,1,58,6,1,91,33,0,5,1,ECE,0
9.99,6,67,0,1,75,34,3,2,2,CSE,1
6.63,4,39,0,1,55,68,0,3,1,EE,0
8.74,5,31,0,3,67,79,6,3,3,EE,1
9.03,7,44,4,0,92,78,7,2,2,ME,1
9.29,4,59,4,0,62,37,7,3,2,IT,1
9.99,6,79,1,2,81,89,7,2,3,CE,1
6.21,7,53,0,2,58,42,1,5,2,IT,0
5.2,5,54,5,0,100,72,3,2,1,EE,1
7.06,7,48,4,2,63,95,2,2,2,ME,1
5.65,2,65,3,0,85,30,0,2,1,CE,0
5.11,8,66,6,0,95,67,4,1,1,EE,1
6.8,7,65,0,0,77,95,2,1,1,IT,1
8.92,1,93,5,0,94,69,7,1,2,CE,1
7.83,1,66,5,3,69,68,6,1,2,EE,1
6.56,10,62,0,3,59,57,5,5,2,CE,1
8.27,4,41,3,2,79,41,3,0,2,CE,1
6.16,4,55,1,3,98,57,6,3,1,ECE,1
5.07,7,51,2,2,95,38,8,4,3,EE,1
8.82,7,89,5,0,85,24,6,3,1,EE,1
8.12,7,33,2,0,72,83,0,2,2,ECE,1
8.81,4,50,4,1,96,73,6,4,3,ECE,1
5.19,10,45,5,1,98,94,1,1,2,CE,1
9.19,2,75,6,0,72,74,2,2,3,ECE,1
8.1,3,91,2,0,70,93,0,2,2,IT,1
7.82,8,91,3,0,68,45,8,5,1,ME,1
8.12,7,75,0,0,91,78,6,5,1,ME,1
9.32,5,79,5,3,73,75,4,0,2,CSE,1
7.93,7,39,4,0,95,20,7,5,2,CSE,1
7.9,8,36,4,0,68,53,8,2,2,CE,1
9.95,1,64,6,3,97,51,6,2,2,EE,1
8.78,10,79,5,1,72,98,5,1,2,CE,1
7.21,1,55,2,2,79,27,7,4,1,ME,1
8.54,9,37,4,3,100,41,7,0,3,EE,1
6.95,9,30,0,2,71,58,7,1,2,IT,1
6.14,6,46,2,1,72,44,2,5,3,IT,0
7.98,9,48,0,3,72,68,5,0,2,EE,1
9.64,3,77,2,3,67,51,3,2,2,EE,1
9.65,5,30,1,2,62,68,0,2,2,ECE,1
6.71,9,76,6,3,86,78,2,4,3,ME,1
7.64,9,95,4,3,66,31,4,3,2,IT,1
6.06,9,92,6,0,56,59,5,5,3,ME,1
9.98,5,68,4,3,74,50,0,1,3,ME,1
9.91,4,85,4,3,70,20,1,1,1,CE,1
8.25,3,50,4,0,67,36,4,2,3,ME,1
9.02,1,66,0,3,70,95,0,0,1,CSE,1
8.58,1,37,0,1,77,66,3,1,1,CE,1
7.97,6,91,4,0,70,45,5,3,3,ECE,1
5.27,9,41,2,0,65,30,8,4,1,CSE,0
7.27,10,88,3,0,71,74,2,0,2,CE,1
8.37,3,84,1,2,80,33,0,0,1,CSE,1
8.39,3,48,0,1,76,44,1,2,2,ECE,1
6.87,6,99,2,0,92,68,7,5,3,CE,1
9.71,5,93,4,0,71,24,7,0,1,EE,1
5.84,10,91,4,2,69,28,3,5,1,ECE,1
7.5,2,69,0,2,73,84,0,2,3,CSE,1
8.45,5,66,0,3,87,48,3,1,1,IT,1
8.49,8,81,5,3,65,81,8,1,3,CSE,1
8.24,8,97,2,0,94,82,7,5,3,CE,1
6.38,9,34,4,2,68,22,2,2,2,ECE,1
5.78,1,97,0,1,58,28,3,4,1,EE,0
8.18,4,80,6,2,63,89,7,0,1,ME,1
8.0,3,60,4,0,82,60,5,4,2,ECE,1
5.9,10,32,6,0,85,75,6,1,3,CE,1
8.53,8,30,6,1,97,55,0,3,3,ECE,1
7.28,3,76,2,1,100,33,2,2,1,ECE,1
8.34,2,89,4,0,67,68,5,1,2,IT,1
9.19,10,89,5,1,64,25,8,0,1,IT,1
5.85,2,78,4,0,62,69,7,4,1,IT,1
5.1,7,57,5,3,86,26,1,2,1,CE,1
8.9,6,87,5,1,79,42,1,4,2,CSE,1
8.05,10,80,3,1,62,28,3,1,1,ECE,1
8.5,10,48,6,1,58,40,4,3,3,CE,1
9.19,1,57,5,3,71,71,8,0,2,IT,1
9.01,10,71,6,0,93,58,3,3,1,ME,1
9.8,4,76,5,0,64,79,4,0,1,EE,1
7.68,3,49,1,2,55,70,1,2,3,ECE,1
7.44,5,65,4,1,55,41,6,5,1,CE,1
7.01,6,88,6,3,94,64,5,0,1,IT,1
5.77,8,98,1,3,57,66,4,0,2,IT,1
7.86,9,76,2,1,80,74,8,4,1,ECE,1
6.39,10,31,5,3,71,39,0,5,3,CSE,1
9.61,1,85,6,1,75,93,4,1,3,EE,1
7.92,3,56,1,3,89,62,2,0,2,CE,1
7.96,2,40,0,0,91,79,0,0,2,IT,1
6.77,4,82,2,2,62,43,2,5,3,EE,0
5.26,1,65,3,0,71,49,2,2,2,ME,0
5.16,7,71,5,2,86,51,0,0,1,CE,1
7.12,2,49,3,0,56,51,2,4,1,EE,0
5.42,9,84,3,1,91,92,2,5,1,ME,1
8.03,6,37,4,0,58,63,5,4,1,EE,1
9.4,4,67,5,0,65,88,5,3,2,EE,1
9.41,1,44,4,0,56,40,2,3,1,EE,1
8.3,7,56,1,2,85,74,7,2,1,IT,1
6.06,3,30,5,0,67,91,7,0,3,ME,1
9.31,6,71,0,3,98,28,5,1,2,IT,1
9.43,9,87,4,0,88,96,2,2,2,ME,1
5.98,2,32,4,2,71,96,5,4,3,EE,0
8.69,5,61,4,0,84,51,7,3,1,CE,1
6.43,9,78,6,3,64,35,4,0,1,ECE,1
9.01,10,66,2,2,83,25,5,0,1,ECE,1
9.99,2,91,3,1,93,71,8,2,2,ME,1
5.15,8,49,0,2,80,22,4,0,2,CE,1
9.49,4,99,6,3,98,40,5,3,2,ME,1
8.11,4,53,2,1,77,49,3,0,2,CE,1
9.87,10,36,2,3,88,85,6,4,2,EE,1
7.33,6,66,3,3,59,42,7,2,2,CSE,1
9.24,6,38,4,0,98,98,2,2,1,IT,1
5.31,6,35,1,2,61,96,6,0,2,EE,1
6.68,4,42,4,0,74,68,8,1,3,IT,1
5.34,5,34,2,3,59,77,6,0,1,ME,1
9.88,9,72,4,2,69,30,0,3,1,ME,1
9.08,8,55,2,2,69,73,8,1,3,CSE,1
9.26,6,69,0,3,93,20,8,5,3,CSE,1
9.69,3,93,4,1,100,36,2,2,1,EE,1
5.43,3,54,0,1,64,33,7,1,1,IT,1
6.93,4,47,0,3,81,44,1,2,2,IT,1
5.36,3,49,2,0,81,71,2,2,2,CE,0
6.05,1,72,0,1,76,65,1,1,1,ME,1
6.15,4,58,4,0,79,91,6,4,1,EE,1
7.35,7,46,4,2,74,58,2,0,3,CE,1
6.34,10,61,1,2,83,78,7,0,2,EE,1
5.5,4,61,6,3,84,43,4,1,2,ME,1
5.84,2,66,5,2,91,27,1,2,2,CE,1
5.74,5,78,4,3,56,79,5,2,1,CE,1
9.87,9,98,2,0,58,43,2,1,2,EE,1
8.8,7,50,5,0,68,100,5,4,1,CSE,1
9.84,3,51,5,3,83,80,6,0,1,CE,1
7.2,6,62,5,3,55,92,2,5,1,ME,1
6.39,8,40,4,0,79,21,6,0,2,CE,1
8.99,2,38,1,0,70,68,2,3,2,CE,0
6.63,3,30,4,2,89,23,2,2,3,CE,1
6.5,7,85,0,1,93,54,6,1,2,CE,1
6.16,8,66,5,1,69,57,8,0,3,CSE,1
5.65,6,46,4,2,55,81,2,1,3,ME,1
6.28,10,54,2,1,81,76,4,2,2,CSE,1
6.78,7,100,6,0,93,74,4,0,2,CSE,1
8.37,8,38,3,0,84,78,1,3,1,IT,1
5.31,7,97,4,3,73,22,3,5,3,CE,1
6.05,1,55,6,3,63,52,2,0,3,EE,1
9.05,5,61,5,2,61,80,4,2,3,EE,1
5.73,7,64,1,2,93,37,4,5,2,EE,0
6.71,4,31,3,3,69,21,1,0,1,ME,1
9.32,1,33,6,2,72,86,3,5,2,ME,1
5.77,6,73,5,2,67,56,0,5,1,CSE,1
5.41,9,39,5,2,94,45,1,4,2,ME,1
7.42,9,68,1,2,96,72,7,2,2,EE,1
6.51,4,54,3,3,56,40,1,4,3,CE,0
7.82,3,73,4,1,77,66,6,0,3,IT,1
9.02,7,66,3,2,72,87,0,2,3,EE,1
5.69,2,55,0,0,68,27,0,4,1,ECE,0
7.9,8,86,0,2,68,63,0,1,2,ECE,1
7.53,7,77,2,2,59,93,3,3,1,EE,1
5.72,9,63,2,3,95,62,8,3,1,EE,1
8.12,5,81,0,3,60,77,4,5,1,ME,1
6.37,6,82,6,1,98,33,7,5,1,EE,1
7.44,9,54,6,3,63,42,4,3,1,ECE,1
5.41,3,65,0,1,57,29,1,3,1,EE,0
7.3,10,74,4,3,99,48,4,0,3,ECE,1
6.53,5,87,0,3,69,97,8,2,3,CSE,1
9.11,1,31,3,1,66,53,6,3,2,EE,1
5.28,2,79,3,2,76,50,5,5,3,CSE,0
7.09,3,46,0,3,83,82,0,5,2,EE,0
7.29,5,54,3,1,87,78,6,2,3,CSE,1
8.63,8,35,0,2,76,75,6,1,2,CSE,1
7.87,6,88,6,2,85,79,8,4,1,ECE,1
8.34,6,51,6,2,96,97,3,4,2,EE,1
8.89,1,91,2,1,93,91,3,3,2,ECE,1
9.31,1,65,6,1,79,56,5,3,2,EE,1
6.57,4,74,2,3,61,66,1,5,3,EE,0
7.69,3,77,2,3,100,37,6,5,3,IT,1
9.2,8,85,1,0,80,90,0,2,3,CSE,1
9.95,4,35,5,3,78,91,0,5,3,IT,1
9.45,2,46,4,0,64,76,3,1,1,CSE,1
6.86,8,93,1,1,55,48,6,4,2,EE,1
5.98,10,91,5,3,66,73,7,4,3,EE,1
7.45,10,50,2,1,87,50,6,3,2,ECE,1
8.71,5,55,5,1,92,41,3,4,2,CSE,1
7.46,4,47,6,3,55,87,2,5,3,EE,1
7.42,3,32,0,2,61,68,4,2,1,CSE,1
9.19,9,48,1,1,80,52,5,1,3,CE,1
6.81,5,100,5,2,66,81,2,5,1,EE,1
9.3,4,84,1,3,79,94,5,4,3,IT,1
7.03,1,35,3,2,56,61,7,2,2,IT,1
6.64,3,79,4,3,86,69,6,4,2,ME,1
7.27,7,90,3,3,59,82,6,3,2,ME,1
8.81,2,39,4,0,94,25,1,5,1,CSE,0
5.63,6,77,4,0,91,94,7,2,1,ECE,1
5.98,7,49,4,0,58,97,0,4,3,CE,0
9.76,2,49,4,2,61,86,1,3,3,IT,1
5.88,7,43,4,0,84,27,3,1,2,CE,1
7.84,7,61,3,0,76,74,8,4,2,ME,1
7.9,10,94,5,1,70,41,8,4,3,IT,1
7.45,6,100,2,1,63,49,5,3,3,CSE,1
8.22,9,69,1,2,67,96,6,2,2,CSE,1
6.15,1,31,3,0,88,93,5,5,2,EE,0
7.76,1,52,6,2,94,36,5,2,3,CE,1
6.86,6,44,5,1,70,95,3,2,2,IT,1
8.31,5,82,2,3,94,53,1,3,2,IT,1
5.71,2,37,3,3,88,88,1,3,2,ECE,1
7.85,9,80,6,0,83,28,6,4,1,CSE,1
5.93,1,70,0,3,94,76,2,2,2,CE,1
6.39,6,68,6,3,60,26,8,4,1,CE,1
6.09,1,89,5,1,62,88,7,5,1,CE,1
5.91,3,36,4,1,100,99,1,0,3,IT,1
9.13,9,85,5,1,68,74,0,0,2,ECE,1
6.43,3,73,0,3,79,89,4,4,1,CSE,1
9.64,4,56,3,1,74,65,5,2,1,ME,1
9.85,8,75,4,0,77,97,4,1,1,ECE,1
7.86,1,100,0,2,56,87,5,3,3,EE,1
5.72,10,52,0,0,73,22,0,2,3,EE,0
6.87,7,79,6,1,98,25,8,2,2,CSE,1
8.99,3,83,5,2,62,73,7,5,3,CE,1
6.84,1,79,5,3,79,96,4,0,1,ECE,1
5.44,9,34,6,0,86,26,4,1,2,ECE,1
7.78,9,31,5,0,59,97,1,0,2,CSE,1
9.23,5,49,6,3,94,34,0,0,2,ME,1
8.98,1,35,1,3,100,91,3,5,1,CE,1
5.88,3,36,6,0,85,94,2,2,2,ECE,1
8.36,8,90,6,0,97,28,0,0,1,IT,1
6.1,2,68,3,1,61,36,8,0,2,ME,1
6.09,4,56,2,2,73,70,6,0,3,EE,1
9.37,5,54,4,2,68,80,3,4,2,CE,1
6.25,9,37,3,1,66,48,3,4,1,ECE,1
6.32,6,89,5,3,70,37,6,3,2,CE,1
5.0,10,64,5,2,63,99,2,4,3,CE,1
9.35,7,32,4,3,75,36,7,2,1,CSE,1
8.96,1,55,3,1,95,49,5,4,1,CE,1
8.14,8,50,2,0,57,66,3,5,2,IT,1
8.75,7,64,3,2,99,48,3,3,2,CSE,1
5.76,10,62,2,3,73,91,1,1,1,IT,1
7.29,3,51,1,3,91,47,0,3,2,CSE,1
6.76,3,88,0,1,68,34,5,4,2,IT,0
5.47,5,91,6,0,70,34,1,5,1,EE,0
7.43,9,72,4,2,62,75,7,5,1,CSE,1
9.6,2,34,2,0,70,87,0,3,1,IT,1
5.2,7,73,1,1,65,42,6,1,1,CE,1
6.46,7,71,0,2,99,20,3,1,1,EE,1
6.04,8,37,4,0,97,75,1,5,2,CSE,0
6.19,1,71,2,1,62,56,7,3,3,IT,0
9.54,8,44,2,0,78,41,1,3,2,ME,1
7.34,7,40,5,0,94,32,8,3,1,CSE,1
7.33,3,92,0,0,60,43,8,1,3,CE,1
8.8,2,64,5,1,60,31,6,4,1,CSE,1
5.77,6,31,2,2,74,41,4,0,2,CSE,1
7.44,9,56,0,3,77,40,7,1,1,ME,1
7.15,3,32,6,2,89,85,7,0,1,IT,1
7.98,2,53,2,0,84,95,3,0,2,CSE,1
10.0,9,40,0,2,61,20,5,1,1,EE,1
8.85,2,52,5,3,64,32,8,4,1,EE,1
6.99,5,84,0,2,55,29,1,5,3,ME,0
9.14,6,70,4,1,88,83,5,4,3,ME,1
5.85,7,97,0,3,77,43,8,1,3,EE,1
5.15,2,46,3,2,56,72,1,1,2,CE,1
6.02,7,98,1,3,95,85,6,3,2,IT,1
6.7,4,83,5,1,64,24,0,1,3,ECE,1
7.55,2,76,3,3,95,93,2,2,3,IT,1
8.08,6,81,5,1,60,84,3,2,3,ME,1
9.55,8,34,4,0,76,73,5,0,2,ME,1
7.55,6,59,3,0,95,100,5,0,1,EE,1
7.51,1,51,5,1,90,78,8,2,3,IT,1
5.25,9,33,2,1,62,42,3,1,1,EE,1
5.17,8,37,5,1,75,86,2,1,1,CE,1
7.76,1,32,0,2,59,56,8,0,3,CE,1
7.19,4,94,3,3,77,35,3,5,1,EE,1
9.2,7,36,1,0,78,75,0,2,1,ECE,1
5.8,3,68,0,3,61,22,2,3,1,IT,0
5.12,4,67,1,3,79,64,6,3,2,ECE,1
7.25,3,69,4,2,62,81,6,4,2,ME,1
6.19,2,97,4,3,87,61,2,4,3,IT,1
5.25,6,46,0,2,55,39,3,0,2,IT,1
8.62,8,97,0,0,68,47,2,2,2,IT,1
5.56,8,91,0,0,73,45,8,4,3,CE,1
8.04,1,76,6,1,85,67,8,1,3,IT,1
6.41,2,82,4,1,92,24,0,1,1,ECE,1
5.87,2,76,6,0,94,34,4,1,3,ME,1
6.9,9,98,1,3,66,26,2,0,2,EE,1
9.01,7,31,4,3,88,60,5,2,3,ME,1
6.96,7,69,3,0,76,72,6,3,2,ECE,1
8.75,1,98,6,1,82,49,8,1,2,ME,1
5.63,1,61,0,0,63,97,3,3,3,ME,0
8.86,6,57,3,3,72,36,1,0,1,CSE,1
6.18,7,66,0,3,75,36,7,5,2,EE,1
8.39,7,69,3,1,78,33,1,4,1,IT,1
7.83,2,35,3,3,59,52,7,2,1,ME,1
9.65,7,81,0,1,100,37,8,0,1,CSE,1
6.94,5,71,0,1,80,66,0,3,2,ECE,1
5.33,1,34,4,1,83,54,0,1,2,ME,0
5.1,6,74,2,1,65,54,4,0,2,ME,1
9.13,10,79,1,3,100,22,7,1,2,CSE,1
7.62,2,67,0,2,71,33,8,0,2,CE,1
8.88,6,84,5,0,62,67,8,5,1,IT,1
6.17,3,55,3,0,100,74,2,2,3,IT,1
6.73,8,48,1,2,72,62,2,3,3,CSE,1
5.15,7,40,6,0,76,30,2,2,1,CSE,1
9.81,1,80,5,2,69,25,6,4,3,ECE,1
8.34,4,41,5,2,99,100,4,5,2,EE,1
9.67,8,38,1,0,88,44,0,5,1,CE,1
6.33,8,41,2,1,61,90,3,2,3,ECE,1
8.06,3,60,5,3,86,54,8,4,1,IT,1
8.39,4,64,4,3,96,61,3,5,2,EE,1
6.59,2,98,1,2,86,22,7,1,1,EE,1
9.24,4,63,4,0,91,52,4,2,1,IT,1
9.74,1,78,1,1,89,21,5,3,1,ME,1
9.42,1,66,5,0,64,55,2,5,3,ECE,0
8.7,7,91,6,2,75,42,5,0,2,ME,1
6.39,9,89,4,0,99,23,0,3,2,ME,1
6.41,5,40,0,0,63,39,6,2,3,ME,0
9.82,10,57,6,2,78,77,3,1,3,EE,1
5.05,5,65,6,0,61,92,4,0,2,CSE,1
8.58,8,39,0,1,87,100,7,3,1,ME,1
8.53,6,85,1,0,94,90,4,0,1,IT,1
8.11,3,78,6,2,55,80,7,3,3,IT,1
9.95,4,43,1,1,67,36,6,1,1,ECE,1
6.56,7,48,4,1,90,63,2,1,1,CSE,1
6.7,4,40,0,3,82,88,2,0,2,ME,1
5.39,5,34,0,1,96,82,5,0,1,EE,1
7.21,3,31,2,2,71,45,1,4,1,CE,0
6.31,6,71,2,2,86,92,3,3,3,EE,1
6.72,3,81,6,0,56,97,3,5,3,ECE,1
9.17,1,62,4,2,78,59,4,2,3,CSE,1
9.68,8,44,0,0,70,89,8,4,3,EE,1
5.93,7,99,4,2,81,79,5,2,3,EE,1
6.86,3,48,3,3,92,50,4,3,3,ME,1
9.64,4,44,1,0,96,49,5,3,2,EE,1
5.31,9,93,3,0,91,93,6,1,3,CE,1
5.46,8,59,3,0,97,59,8,5,3,CSE,1
5.81,6,92,0,3,67,90,6,3,1,CE,1
7.98,3,63,2,1,58,56,6,0,2,IT,1
5.75,10,58,5,1,90,69,4,0,2,CSE,1
9.84,6,83,1,1,87,92,4,5,1,ECE,1
7.23,7,80,1,0,67,56,4,1,2,ECE,1
7.51,10,31,5,3,99,57,7,2,1,ME,1
6.23,1,93,1,1,84,80,1,2,1,ECE,1
7.35,5,96,4,2,68,21,6,4,2,ME,1
8.31,10,46,4,0,62,50,0,2,2,IT,1
8.76,1,78,3,0,98,47,0,2,3,EE,1
8.77,9,63,4,2,86,58,3,0,1,ECE,1
7.89,7,84,1,2,93,40,6,3,1,CE,1
9.52,6,46,0,1,73,44,6,3,2,ME,1
9.09,6,83,1,3,55,88,4,2,3,IT,1
8.79,9,93,1,1,68,81,0,3,3,CSE,1
5.28,3,54,4,1,89,81,6,5,2,ECE,0
5.03,10,85,3,0,97,33,7,2,2,EE,1
6.06,9,79,0,1,56,71,5,1,1,CSE,1
8.32,5,55,6,1,90,73,4,4,1,ECE,1
7.06,10,61,4,3,76,20,5,5,2,CE,1
7.01,7,55,3,3,60,72,3,3,1,CE,1
9.42,2,44,5,2,62,99,3,1,2,IT,1
9.48,9,58,4,3,86,23,6,3,1,ME,1
9.55,10,84,2,0,98,84,5,3,1,IT,1
6.57,10,71,5,3,70,83,7,0,3,ME,1
8.46,8,87,4,1,87,34,7,1,2,ECE,1
6.36,5,55,6,2,97,53,5,0,1,IT,1
5.95,3,54,4,0,66,33,3,0,2,ECE,1
5.92,1,46,5,0,62,83,5,0,2,IT,1
6.71,7,71,2,3,78,31,3,5,2,ME,1
7.15,1,97,5,3,91,44,0,4,1,CE,1
9.15,4,85,5,1,66,52,0,5,3,ECE,1
5.6,6,34,6,0,99,70,7,4,2,ECE,1
8.67,4,96,1,0,97,68,6,0,2,IT,1
7.66,5,70,5,2,95,71,5,0,3,ME,1
6.44,10,45,6,2,90,31,0,3,1,ME,1
7.46,7,73,6,0,97,65,7,0,1,ECE,1
6.5,4,51,6,1,86,25,0,3,3,ME,0
7.98,8,45,4,1,87,29,4,0,2,IT,1
7.17,1,81,5,0,82,78,7,1,2,EE,1
5.82,9,87,5,1,94,36,6,1,3,CE,1
5.58,9,47,3,3,73,62,1,1,3,ECE,1
7.73,6,36,6,0,91,29,6,4,3,CSE,1
9.51,9,86,2,0,95,98,3,4,2,ECE,1
6.72,9,62,4,0,94,43,5,4,2,IT,1
8.67,10,52,6,2,93,49,6,1,1,ME,1
8.29,3,55,2,3,90,67,0,2,1,EE,1
9.66,10,57,4,1,86,85,2,3,1,EE,1
9.1,3,44,5,0,72,48,2,2,2,IT,1
7.83,4,54,2,2,87,77,4,1,3,ECE,1
8.29,5,63,4,2,65,81,0,1,3,IT,1
9.49,3,80,5,1,63,79,5,3,1,CE,1
7.0,3,35,6,2,58,63,8,5,2,ECE,1
6.63,3,80,3,1,95,91,6,2,1,EE,1
5.05,2,30,2,0,62,97,6,0,3,EE,1
9.13,9,70,6,2,91,76,8,3,2,EE,1
9.0,8,46,1,3,72,52,0,3,2,CE,1
5.52,7,86,6,0,71,33,0,3,3,CSE,1
7.88,5,66,4,0,68,59,8,2,3,IT,1
7.32,8,87,1,2,99,58,6,2,2,IT,1
5.59,7,86,2,1,88,33,0,3,2,CE,1
9.9,9,100,2,3,56,40,8,3,2,CSE,1
6.07,10,50,2,0,79,40,3,0,2,CSE,1
5.34,5,92,6,1,58,71,4,2,3,IT,1
7.97,1,40,5,3,90,42,4,4,1,CSE,1
8.69,2,42,4,2,64,85,0,3,2,CE,1
5.16,1,90,0,3,68,40,7,2,3,CE,1
8.29,5,98,2,2,68,66,7,2,3,ME,1
7.66,4,41,0,2,70,58,3,2,2,CSE,1
5.52,4,32,3,1,55,43,4,2,1,CSE,0
5.86,7,30,0,3,55,28,3,3,1,CE,0
7.84,7,60,5,3,64,29,1,3,3,CE,1
6.48,1,46,2,0,93,50,2,5,1,CE,0
9.69,6,100,3,2,77,67,2,5,1,ME,1
9.09,5,100,1,2,86,61,4,4,1,CE,1
9.92,6,74,0,0,66,52,4,4,2,ECE,1
6.3,9,77,5,3,70,74,5,2,1,EE,1
9.85,5,41,5,3,77,22,4,3,3,IT,1
7.16,6,87,2,1,80,38,7,4,3,IT,1
6.74,5,87,5,2,83,28,5,4,3,ME,1
5.25,9,35,6,2,68,89,2,3,3,CSE,1
5.26,7,62,4,3,94,31,1,5,2,ME,1
8.46,8,55,5,1,57,93,6,0,1,IT,1
7.29,1,32,5,1,77,88,1,1,2,ECE,1
6.13,4,39,4,2,93,78,3,2,3,CE,1
8.07,5,50,0,0,80,28,6,1,1,ECE,1
6.26,4,88,4,0,81,100,7,2,3,ECE,1
7.89,9,67,0,2,67,33,8,5,2,CE,1
6.8,5,46,0,3,65,66,1,5,3,EE,0
9.12,5,38,1,2,74,24,8,4,2,EE,1
9.1,7,100,0,1,97,20,5,1,1,IT,1
7.39,4,93,4,2,67,90,5,2,1,CE,1
6.75,8,79,2,1,82,80,6,0,3,CSE,1
6.81,7,31,5,0,91,80,0,2,3,ME,1
9.03,10,45,6,0,100,42,2,4,1,ME,1
6.64,7,31,0,0,94,89,5,5,3,CE,0
6.05,6,88,5,1,99,48,1,4,3,IT,1
5.42,3,55,0,3,78,62,7,3,1,ME,1
7.33,1,37,2,0,71,78,3,4,3,CSE,0
7.41,6,100,1,1,66,29,8,4,3,CSE,1
9.2,1,58,6,2,63,89,3,5,2,CSE,1
6.11,8,58,6,1,99,84,4,1,3,EE,1
6.9,9,61,6,3,80,68,6,4,3,EE,1
9.04,2,49,2,0,55,74,2,4,2,ECE,0
9.12,3,96,0,2,100,28,6,1,2,ME,1
6.92,1,31,3,0,76,44,4,2,2,EE,0
7.3,3,37,4,2,85,84,8,4,1,EE,1
6.52,5,96,0,3,68,93,3,3,3,IT,1
9.66,8,60,4,0,87,67,1,5,2,EE,1
5.59,7,66,3,3,85,47,2,3,1,IT,1
9.67,8,98,5,1,66,88,4,4,3,ECE,1
8.42,6,80,6,2,74,24,5,3,2,ECE,1
7.66,2,99,5,2,64,38,3,1,3,CE,1
5.16,7,43,1,1,93,46,6,3,1,ECE,1
7.38,4,94,1,3,81,88,5,3,3,ME,1
7.04,5,87,6,3,77,30,0,3,1,EE,1
5.81,1,85,2,2,75,86,6,2,1,ECE,1
8.28,2,64,0,3,62,24,6,0,1,ECE,1
9.86,5,41,0,2,89,52,6,5,2,ECE,1
7.81,1,83,1,3,98,80,4,0,2,CE,1
8.57,9,100,3,3,64,33,4,2,2,IT,1
5.34,2,51,5,0,70,47,7,0,3,ECE,1
7.09,6,32,5,2,67,47,8,5,2,EE,1
5.58,8,97,1,3,90,33,4,5,3,EE,1
8.06,1,47,1,3,84,100,1,3,3,ECE,1
9.69,4,32,4,1,55,75,4,2,3,ECE,1
8.31,7,89,4,2,82,33,3,5,1,ME,1
5.38,4,96,6,0,73,20,1,3,1,ECE,1
6.77,6,77,5,3,67,54,2,1,1,CE,1
7.75,8,92,4,2,79,61,6,0,3,CSE,1
7.02,10,50,6,3,63,64,6,2,2,ME,1
9.17,9,62,3,1,77,44,4,2,2,IT,1
9.07,7,31,3,2,72,25,8,4,3,IT,1
8.06,10,61,3,2,67,21,6,4,3,EE,1
6.87,2,33,4,1,91,95,5,4,1,CE,1
6.28,10,79,5,2,64,35,5,4,1,ECE,1
5.53,2,94,2,2,94,90,4,3,3,EE,1
6.77,1,57,5,0,71,98,7,4,2,EE,1
7.07,2,51,5,2,75,30,6,3,1,ECE,1
8.38,9,42,3,2,81,45,4,0,3,EE,1
8.29,6,63,1,3,67,68,6,0,3,IT,1
5.35,3,95,6,3,92,67,0,5,3,CSE,1
6.98,7,77,3,2,75,50,8,1,2,IT,1
5.91,10,87,5,0,78,78,7,5,3,CSE,1
5.78,10,62,5,2,79,83,6,5,1,CE,1
9.14,8,86,3,0,58,67,8,4,3,EE,1
5.21,2,63,3,2,55,37,1,1,1,EE,1
7.1,4,49,5,1,82,94,5,0,3,EE,1
5.84,6,84,0,1,99,87,5,5,3,IT,0
9.4,7,82,6,3,68,84,4,3,2,EE,1
7.79,8,88,4,0,69,22,0,4,2,IT,1
6.16,1,100,2,2,96,93,1,2,2,IT,1
7.51,7,69,4,3,62,60,1,3,2,CSE,1
8.66,10,31,1,2,78,32,3,0,3,CE,1
9.79,9,75,5,2,88,80,0,1,3,CSE,1
6.1,5,54,4,3,83,29,2,5,1,IT,1
9.43,8,80,1,2,55,35,3,5,3,IT,1
9.67,1,56,2,0,98,30,7,1,2,CE,1
9.58,6,33,2,1,71,58,4,4,3,ME,1
8.18,5,58,0,3,77,74,5,3,2,ECE,1
8.15,8,46,6,3,74,54,2,0,3,CSE,1
7.02,8,59,1,0,77,28,7,5,3,ECE,0
8.76,10,99,6,0,93,67,1,0,1,CE,1
7.66,6,77,1,2,100,68,1,1,1,CSE,1
8.39,8,39,3,3,90,99,7,2,2,EE,1
7.14,8,74,3,1,55,76,2,5,2,IT,1
8.66,5,55,1,2,93,50,8,2,2,ECE,1
9.12,9,99,5,0,63,74,0,1,2,ECE,1
5.73,8,72,3,0,84,28,1,0,2,EE,1
9.16,6,87,1,3,74,28,6,5,1,ME,1
7.7,2,65,4,1,98,90,6,1,1,CE,1
9.22,6,64,4,0,72,42,4,3,3,ECE,1
7.16,1,83,3,1,96,22,4,2,3,IT,1
6.9,9,70,4,3,63,53,7,2,3,IT,1
9.58,10,33,0,1,91,49,6,4,2,ECE,1
6.26,6,35,4,2,81,20,6,0,2,ECE,1
9.22,6,63,0,3,76,77,0,5,2,ME,1
7.42,7,56,0,2,88,38,5,2,1,EE,1
7.57,5,89,1,3,86,78,2,3,3,ME,1
6.54,8,55,0,0,91,32,0,4,1,ECE,0
7.87,8,89,3,1,68,85,0,0,1,ME,1
6.63,5,59,0,2,64,100,3,1,2,EE,1
5.2,2,35,6,0,73,37,5,1,2,ME,1
6.36,1,85,4,2,78,46,6,5,3,CSE,0
5.03,5,95,0,2,92,49,0,0,1,ME,1
9.89,4,42,4,0,88,29,3,1,2,CSE,1
9.83,9,36,4,3,96,76,2,5,3,EE,1
6.98,10,94,5,1,85,84,5,3,3,ECE,1
8.64,5,71,5,0,98,27,5,0,2,CSE,1
6.73,10,41,5,1,97,24,0,3,2,IT,1
8.36,2,31,5,0,90,72,5,3,3,CSE,1
9.03,7,58,3,1,85,80,7,3,2,IT,1
9.73,8,70,1,2,67,83,2,3,1,EE,1
7.0,5,86,4,0,69,93,0,3,2,CSE,1
8.92,1,64,4,3,91,52,0,2,3,CE,1
6.33,2,71,3,0,78,50,8,4,3,ECE,0
9.95,7,71,5,3,64,86,6,2,2,CE,1
5.13,7,66,4,1,68,89,5,4,2,CSE,1
8.02,8,92,6,1,95,26,2,2,2,CSE,1
8.3,7,100,1,0,91,84,4,0,1,CE,1
8.44,2,69,0,0,82,78,2,4,1,ECE,1
5.6,8,70,5,3,81,85,1,2,2,EE,1
9.69,1,78,2,3,64,28,7,5,3,CSE,1
5.91,2,56,3,2,68,75,0,0,2,ECE,1
8.11,5,86,4,3,55,88,6,2,2,ECE,1
6.11,1,43,2,1,60,65,2,4,2,CSE,0
6.54,4,94,0,1,78,86,1,5,1,EE,0
7.73,5,32,2,1,64,20,1,0,1,EE,1
7.09,2,92,3,1,77,47,0,5,2,ME,0
5.8,1,38,1,3,56,82,5,5,3,CSE,0
5.85,2,79,1,3,62,84,8,3,2,ECE,1
7.09,1,50,0,1,89,45,5,3,2,EE,0
8.79,3,73,3,2,90,54,5,5,2,EE,1
9.49,6,66,0,2,88,85,4,3,1,CSE,1
5.42,1,82,5,1,85,65,6,0,2,CSE,1
6.97,8,60,3,3,76,44,1,3,1,EE,1
5.5,5,56,0,0,76,52,2,2,1,EE,0
5.08,4,48,6,0,55,88,7,1,2,CSE,1
8.31,9,60,0,3,86,37,0,1,1,IT,1
8.01,5,81,5,1,81,96,0,1,3,CE,1
5.82,4,83,6,1,56,81,3,1,1,CE,1
6.17,4,97,4,3,65,88,5,1,1,ECE,1
5.12,2,52,0,3,94,29,5,5,1,CSE,0
9.17,9,91,1,2,71,65,6,3,1,CE,1
9.87,6,98,3,1,93,98,7,2,3,CE,1
5.68,8,93,6,2,61,80,5,3,2,EE,1
6.16,7,49,5,3,96,36,2,4,3,EE,1
9.34,3,57,4,0,69,99,0,0,1,ECE,1
9.63,4,38,1,3,87,88,8,0,1,ECE,1
7.1,3,49,0,1,100,63,3,1,2,CE,1
5.25,8,87,2,0,61,49,8,1,1,CSE,1
5.2,4,68,2,3,90,87,6,1,1,ME,1
7.87,3,80,6,2,61,49,6,1,1,ME,1
6.96,7,54,1,0,67,91,6,3,3,CSE,1
5.14,1,89,0,1,56,53,3,4,3,IT,0
7.92,5,50,3,2,72,65,4,1,2,EE,1
5.06,6,51,2,3,86,81,3,5,2,ECE,0
8.94,10,75,3,2,73,64,4,3,1,ECE,1
6.53,2,69,0,0,59,70,0,3,2,IT,0
5.2,10,91,0,3,87,100,7,0,3,EE,1
7.94,4,73,3,3,66,28,1,1,1,EE,1
6.99,10,85,1,0,87,85,7,2,2,ECE,1
9.87,6,82,0,3,67,67,3,2,3,ECE,1
7.72,3,85,1,0,67,66,0,5,1,CE,0
6.38,6,76,2,3,86,52,5,0,3,ME,1
8.55,6,55,5,3,79,86,3,0,1,CE,1
6.36,10,94,3,0,57,88,4,3,3,ME,1
9.52,7,51,1,0,86,31,6,4,3,IT,1
6.87,9,65,6,1,85,79,3,0,1,CSE,1
7.75,3,80,3,3,62,64,5,3,1,EE,1
5.25,9,66,6,0,62,50,0,2,1,CE,1
7.13,3,69,2,1,67,84,0,5,1,ECE,0
9.16,6,38,6,3,76,43,8,0,3,CSE,1
9.03,1,55,1,2,99,75,1,5,3,CSE,0
6.12,2,52,0,1,66,81,4,0,1,ME,1
6.13,9,39,4,1,78,68,2,2,3,IT,1
9.09,7,93,1,1,64,43,0,5,2,CSE,1
9.65,8,68,3,2,55,99,4,2,2,IT,1
5.48,2,47,5,0,73,48,4,5,1,CE,0
7.25,10,46,4,3,68,45,2,0,3,ECE,1
6.69,8,72,2,1,62,37,2,5,1,ME,1
9.35,7,41,4,1,78,88,0,2,1,ME,1
5.42,5,45,0,3,77,77,4,2,1,EE,1
6.06,9,82,4,1,56,56,4,1,1,CE,1
8.76,6,98,3,2,57,28,7,3,2,CSE,1
5.26,7,41,1,2,91,93,7,5,2,ME,1
7.46,4,60,3,0,80,31,6,5,2,EE,0
7.21,8,80,1,3,71,81,6,3,2,ME,1
6.67,4,42,0,1,56,90,8,1,1,ECE,1
6.97,10,42,1,1,71,60,8,4,2,ECE,1
7.65,1,90,1,1,78,44,0,3,3,IT,0
5.81,3,31,3,2,80,35,0,4,2,ECE,0
7.86,10,36,1,3,87,66,2,2,1,ME,1
9.03,2,58,2,0,65,34,2,0,1,EE,1
8.8,10,38,4,0,68,54,3,0,1,ME,1
5.77,9,61,1,1,75,92,8,0,2,CSE,1
5.75,6,58,5,0,82,49,8,1,1,CSE,1
6.34,5,81,2,2,77,34,6,2,2,CE,1
6.81,3,68,1,1,90,47,6,3,1,ECE,1
7.04,2,67,6,1,65,29,6,2,3,ECE,1
8.4,8,53,3,0,92,93,8,5,3,IT,1
5.28,3,93,3,2,71,82,6,1,1,CE,1
5.17,2,94,0,2,70,92,0,5,3,IT,0
6.96,7,75,0,1,83,79,8,3,3,EE,1
8.49,1,80,5,0,91,97,5,1,1,CE,1
5.97,8,65,1,0,96,40,1,0,1,CE,1
8.21,4,87,6,0,80,89,2,4,1,CE,1
6.3,10,53,3,1,99,45,2,0,2,ECE,1
9.43,10,88,4,3,78,89,3,2,2,ME,1
9.48,3,31,1,3,83,70,6,4,1,ECE,1
6.49,2,49,2,3,99,87,0,3,1,ME,1
6.15,2,86,1,3,82,89,0,0,3,CE,1
7.06,3,69,2,1,100,50,5,1,2,CE,1
6.2,7,60,0,2,89,91,0,5,1,CE,1
8.36,10,72,4,2,62,59,7,3,3,CSE,1
9.13,3,97,4,2,62,93,5,4,1,ECE,1
8.37,7,87,4,2,82,58,8,4,2,CSE,1
9.12,3,37,5,0,66,85,0,3,1,ECE,1
6.98,3,45,3,3,61,25,7,0,3,ECE,1
5.78,6,89,1,1,73,100,8,1,2,CSE,1
8.69,2,99,3,3,83,96,2,2,1,CSE,1
6.8,8,41,3,1,92,69,7,1,3,ME,1
8.36,9,69,0,2,72,62,8,2,1,CSE,1
6.35,2,64,4,2,60,70,2,5,3,CSE,0
5.41,10,89,1,1,98,66,6,3,1,EE,1
9.96,6,72,3,3,64,71,8,3,2,CSE,1
5.78,9,79,0,1,73,28,2,1,2,ME,1
9.94,2,100,2,0,92,30,3,1,3,ME,1
9.89,6,61,4,0,74,89,3,3,1,EE,1
8.97,7,89,2,0,68,64,0,2,1,IT,1
8.3,2,49,1,3,78,56,7,0,3,ME,1
7.89,10,87,1,2,71,53,3,3,1,EE,1
9.33,9,71,3,2,59,91,5,5,3,IT,1
6.45,3,64,3,1,64,82,5,3,1,EE,1
7.34,9,77,0,1,85,84,5,3,2,ECE,1
8.1,3,76,4,2,64,27,8,0,3,ECE,1
7.06,10,52,5,2,96,42,7,1,1,ECE,1
7.14,3,95,6,2,66,56,4,3,3,IT,1
6.65,6,64,6,2,62,94,2,0,2,CSE,1
7.82,10,87,2,2,81,95,0,1,1,CE,1
9.25,5,56,5,0,72,55,4,3,2,ME,1
6.01,5,77,5,2,94,75,2,0,1,ME,1
9.67,3,90,4,0,78,58,0,5,3,IT,1
8.45,9,94,4,2,73,56,2,3,2,EE,1
9.12,1,40,3,2,80,99,0,3,2,EE,1
7.78,8,46,2,1,98,88,3,4,1,CSE,1
8.9,4,54,6,3,96,36,5,1,3,CSE,1
5.08,8,45,2,2,92,95,4,3,2,CSE,1
9.09,5,85,2,3,78,58,3,0,1,CSE,1
5.2,3,62,6,1,85,20,2,0,3,IT,1
9.45,4,72,6,0,84,60,0,1,3,ME,1
9.96,8,50,6,2,99,95,5,2,2,ME,1
6.47,9,44,6,0,55,76,3,1,3,EE,1
6.05,5,79,1,1,93,53,2,2,1,ECE,1
8.83,6,48,0,1,96,66,0,1,2,ME,1
6.27,5,78,0,2,62,62,8,5,3,ECE,0
9.33,10,72,0,3,82,89,0,3,1,ECE,1
5.51,3,89,2,3,82,41,4,2,1,CSE,1
5.63,6,33,0,3,71,74,2,3,1,CSE,1
9.9,5,97,0,0,63,64,8,3,2,IT,1
8.37,9,93,3,1,90,42,5,2,3,ECE,1
9.23,8,77,2,3,88,96,8,1,3,IT,1
6.62,9,79,4,1,91,94,8,4,1,ME,1
8.38,3,39,0,2,65,37,0,4,3,IT,0
7.97,1,58,0,0,61,77,8,4,2,CE,0
8.02,9,32,6,0,93,33,2,4,1,IT,1
8.41,8,61,0,1,92,74,5,4,1,IT,1
7.88,6,66,1,1,70,46,5,0,2,EE,1
7.15,4,33,1,0,76,60,6,0,3,ECE,1
6.38,8,97,2,3,62,69,0,3,3,ECE,1
8.84,2,63,1,3,63,81,3,0,3,IT,1
6.13,1,87,3,2,56,81,5,4,3,ECE,1
8.46,5,34,2,1,63,59,0,4,3,IT,0
6.17,8,56,3,1,84,44,1,4,2,IT,1
8.13,1,38,5,3,55,76,7,2,1,IT,1
8.74,8,76,4,2,61,74,6,0,1,IT,1
6.09,1,97,0,0,67,23,1,1,1,IT,0
5.3,5,68,0,0,100,27,3,3,3,ECE,0
5.65,10,89,4,1,78,72,3,4,3,EE,1
8.03,6,92,6,2,76,52,1,2,3,EE,1
9.25,7,52,1,2,77,30,8,2,3,IT,1
5.22,9,55,0,1,69,43,2,3,3,ME,0
8.67,6,36,1,0,94,41,5,5,3,CE,0
6.71,3,46,6,2,83,83,6,2,2,CSE,1
7.39,10,99,3,2,77,67,4,1,1,EE,1
9.64,7,38,2,1,61,82,4,5,3,EE,1
6.66,3,69,3,3,57,28,3,3,3,ME,1
7.33,10,58,4,1,58,33,2,5,2,CE,1
5.07,4,91,2,1,88,32,5,3,2,IT,1
5.41,8,99,2,1,89,73,3,3,2,CE,1
6.29,9,34,1,3,72,95,6,5,1,CSE,1
5.14,6,30,5,3,81,65,6,3,2,ME,1
8.16,3,62,2,1,64,72,6,4,3,EE,1
7.13,9,70,3,1,71,44,0,1,1,EE,1
7.74,6,30,1,3,80,38,3,1,3,ME,1
5.87,2,83,4,3,57,64,1,1,3,ECE,1
6.48,10,42,2,0,98,46,0,0,2,IT,1
8.32,9,40,3,0,55,74,1,1,3,ECE,1
9.83,1,83,5,3,57,53,6,2,2,CE,1
5.25,9,53,0,1,79,26,0,1,3,ME,0
9.45,2,67,6,2,100,79,8,5,2,ECE,1
7.88,1,68,3,0,74,29,8,3,2,ME,1
7.82,1,85,3,3,89,21,8,5,3,IT,1
7.5,4,89,6,3,76,99,3,5,2,IT,1
5.35,5,40,4,3,56,74,5,5,1,CE,1
5.45,9,43,0,1,56,54,5,2,1,ME,1
8.0,3,62,2,0,69,30,8,1,3,IT,1
6.7,3,37,0,0,82,76,5,3,3,ME,0
9.59,1,91,2,2,63,99,5,3,3,EE,1
7.03,9,86,4,3,77,44,4,2,2,ECE,1
5.72,3,64,0,1,69,81,4,4,3,ME,0
8.57,1,60,5,3,61,89,5,5,1,CSE,1
6.47,2,65,5,3,76,76,6,2,3,EE,1
7.63,2,62,6,3,74,29,0,2,3,EE,1
8.49,7,78,5,3,95,78,1,3,1,CE,1
9.5,1,37,2,3,77,29,4,3,2,ME,1
8.96,6,42,1,3,83,31,4,1,3,CE,1
8.38,6,75,0,3,78,22,3,4,3,CSE,1
8.4,2,93,0,2,75,62,3,5,3,CE,1
9.73,5,68,4,2,78,54,7,1,3,EE,1
6.48,8,33,0,3,67,55,7,2,2,EE,1
5.01,1,62,2,0,85,38,2,1,1,ECE,0
6.36,9,89,1,3,99,69,0,2,3,IT,1
6.09,10,33,0,0,59,33,7,2,1,EE,1
8.31,9,49,1,1,78,38,8,0,3,CSE,1
8.17,9,61,5,1,70,28,4,3,1,ME,1
7.97,1,96,0,0,78,85,4,5,3,IT,0
5.08,1,63,2,2,85,37,2,4,3,ECE,0
8.64,8,97,1,3,92,92,5,1,1,EE,1
6.62,2,53,4,0,95,41,2,1,1,ME,1
8.33,5,40,6,1,66,66,1,1,1,CSE,1
7.78,4,87,2,2,100,53,5,4,2,CE,1
6.71,8,48,3,3,88,85,0,3,1,ECE,1
5.67,4,50,2,2,93,97,1,0,3,CE,1
5.47,3,86,1,3,65,36,3,3,1,CSE,1
9.16,2,33,4,3,90,49,2,1,2,ECE,1
9.59,5,69,2,2,61,97,0,1,3,ECE,1
8.25,8,85,2,1,66,54,8,5,3,ME,1
5.52,6,43,5,0,82,67,3,0,2,EE,1
7.01,7,79,2,3,84,68,0,1,3,EE,1
8.64,10,68,3,0,67,35,1,4,2,CSE,1
8.9,4,95,3,2,65,89,0,4,1,CE,1
5.59,9,34,2,2,100,67,3,4,1,CE,1
5.0,4,54,5,1,89,93,5,4,2,IT,1
8.56,6,66,4,0,75,71,7,1,3,IT,1
6.78,10,81,4,0,57,75,2,4,1,CE,1
6.27,7,48,0,0,78,84,6,4,1,CSE,1
5.06,6,72,4,1,76,100,6,0,3,EE,1
7.7,8,83,6,0,89,66,8,3,1,CSE,1
9.26,4,86,2,2,71,92,3,5,2,IT,1
9.79,1,95,0,0,85,80,4,2,1,ME,1
7.83,3,53,5,0,93,81,5,1,2,ME,1
7.57,6,46,1,3,84,90,5,4,1,CSE,1
5.43,3,83,4,2,62,75,2,1,3,ECE,1
7.74,6,68,5,0,81,89,3,2,1,ME,1
6.9,8,40,2,0,62,59,3,2,2,ECE,1
8.04,9,37,6,0,56,33,7,5,1,CSE,1
6.94,9,93,6,1,95,74,2,3,3,CSE,1
6.2,4,69,2,2,78,40,8,5,2,ME,1
5.47,1,59,0,0,100,77,3,5,3,ECE,0
6.57,2,85,5,0,76,74,5,1,1,CSE,1
5.48,5,30,6,1,64,26,5,1,2,CE,1
5.88,1,99,2,1,72,50,5,1,2,ME,1
9.94,6,86,2,2,76,33,0,0,2,ECE,1
7.22,9,90,5,1,62,61,5,0,3,IT,1
7.66,5,93,4,2,96,63,7,5,3,CSE,1
9.37,4,92,6,0,62,49,5,2,1,IT,1
9.98,5,86,5,2,65,83,3,3,3,CE,1
7.91,1,33,4,1,64,77,2,0,2,ECE,1
9.06,5,76,5,0,65,84,4,1,1,EE,1
6.63,1,61,3,0,78,23,0,3,2,CSE,0
6.53,10,94,2,2,83,64,2,3,1,IT,1
7.01,8,37,1,0,76,55,7,0,1,CSE,1
8.36,3,97,1,0,56,44,1,2,2,CSE,1
8.41,2,51,1,3,71,86,3,0,2,CSE,1
6.58,10,91,5,1,68,86,0,0,3,EE,1
5.67,7,48,3,0,70,97,0,4,1,EE,0
8.16,1,59,6,2,70,62,0,3,2,IT,1
5.64,1,34,1,2,87,40,2,3,3,ECE,0
7.89,8,60,6,1,66,81,8,3,2,CE,1
8.47,2,47,0,3,59,47,2,0,3,ME,1
8.5,4,36,2,0,100,26,5,3,2,EE,1
8.77,8,39,4,3,94,53,4,4,3,ME,1
9.36,3,62,3,2,89,77,7,4,1,ME,1
7.5,5,63,5,3,80,73,4,4,3,ECE,1
8.65,1,95,4,3,86,79,5,0,2,ME,1
8.1,9,97,1,1,99,53,1,1,1,CSE,1
5.93,7,76,0,3,86,40,7,0,2,CSE,1
5.13,3,90,5,0,86,96,4,4,2,IT,1
6.42,3,78,6,2,61,55,7,3,1,IT,1
7.22,9,45,2,1,64,67,1,0,2,ME,1
8.09,3,62,2,2,83,72,7,3,1,ME,1
9.25,10,78,2,2,64,46,0,5,1,EE,1
5.98,7,81,2,3,92,21,5,0,2,CSE,1
5.63,8,87,0,0,97,46,8,2,3,EE,1
9.82,3,35,6,1,92,98,3,0,1,EE,1
5.54,6,78,6,1,57,31,7,1,3,EE,1
7.39,9,98,3,3,94,61,4,0,2,ECE,1
7.93,7,89,2,3,64,76,4,2,1,EE,1
7.71,2,81,1,0,64,81,0,0,1,EE,1
5.43,9,36,5,3,59,81,1,4,1,IT,1
5.29,8,70,3,0,63,53,6,4,3,ME,0
5.53,4,31,4,0,88,82,0,1,1,EE,1
7.93,6,84,3,3,88,21,8,5,3,ECE,1
7.72,10,59,6,3,91,73,0,2,1,ECE,1
6.17,4,36,4,0,57,47,2,4,2,CE,0
8.19,4,62,1,3,82,47,4,0,1,EE,1
9.1,5,83,0,0,86,40,1,4,1,ECE,1
5.21,9,78,5,2,61,99,5,2,3,ME,1
7.49,9,68,0,1,67,39,1,0,1,IT,1
8.45,3,92,1,1,69,38,4,1,1,ECE,1
6.26,10,49,5,3,100,47,0,1,3,CE,1
6.54,7,90,5,3,73,32,6,4,2,IT,1
8.07,4,86,1,2,59,67,6,2,3,ME,1
9.49,10,31,4,1,55,54,7,3,3,CSE,1
9.05,4,50,5,0,79,88,0,4,1,CE,1
7.92,5,56,0,1,83,46,8,1,3,EE,1
8.65,9,53,4,1,90,25,1,2,2,CE,1
6.82,9,85,6,1,68,71,6,4,2,ECE,1
8.2,1,37,2,0,92,49,8,0,2,CSE,1
7.33,5,31,5,2,77,39,6,4,2,IT,1
5.95,1,31,1,2,75,99,0,0,2,EE,1
8.51,5,41,6,2,77,98,8,1,2,ECE,1
7.78,4,30,3,0,64,45,2,1,3,ECE,1
6.79,3,59,0,2,60,61,8,4,2,CSE,1
9.56,5,44,6,2,98,92,3,2,2,EE,1
5.1,5,58,0,1,81,34,7,2,1,CE,1
6.58,4,76,1,3,78,39,3,0,3,ME,1
5.28,7,48,6,3,95,66,1,0,3,ECE,1
8.83,10,80,2,3,78,28,2,0,3,CSE,1
8.51,1,35,1,2,92,52,7,4,3,ME,1
6.66,7,36,5,2,72,68,6,0,1,IT,1
8.38,6,41,4,1,84,65,5,1,2,IT,1
6.98,10,67,2,1,93,78,0,0,2,ME,1
8.78,5,62,0,3,93,62,3,0,2,ECE,1
7.27,1,38,4,1,61,74,5,5,2,CE,0
7.06,9,69,2,0,66,81,4,2,1,ECE,1
9.67,10,45,6,1,98,28,4,5,2,EE,1
6.25,3,49,4,3,75,27,4,3,2,EE,1
5.6,8,84,5,3,70,66,3,5,2,CSE,1
7.92,2,62,1,2,56,63,8,4,3,CSE,1
9.85,1,70,5,3,86,20,6,4,2,ME,1
6.89,3,40,1,0,91,62,8,4,3,CSE,0
5.31,2,41,1,2,86,97,6,4,1,CE,0
6.7,3,85,6,2,85,80,4,0,1,EE,1
7.53,10,41,5,0,91,57,4,0,2,ECE,1
5.81,9,47,2,3,82,51,5,4,3,ECE,1
8.29,8,81,3,1,74,81,1,1,1,CE,1
9.99,7,73,6,1,66,71,3,5,1,CE,1
7.26,6,45,2,2,56,61,5,5,3,ME,1
6.77,4,80,2,1,99,46,8,2,1,EE,1
7.0,1,38,0,2,97,100,5,5,2,ME,0
5.58,9,86,4,3,84,95,2,2,1,CE,1
9.42,1,100,4,2,81,45,0,2,1,EE,1
7.07,6,56,5,3,98,90,1,1,3,ECE,1
6.94,9,57,1,1,55,41,6,1,2,IT,1
8.3,5,56,5,0,100,54,4,0,1,IT,1
7.21,4,52,6,2,98,47,4,4,1,CSE,1
8.24,7,97,4,0,88,88,3,3,3,CSE,1
5.31,9,41,6,1,85,28,4,5,3,CSE,0
9.07,7,90,2,1,79,88,1,1,1,EE,1
9.7,3,94,5,0,88,100,3,2,3,CE,1
8.24,1,43,0,1,68,41,8,1,1,CSE,1
9.77,6,63,0,3,82,72,0,4,3,IT,1
5.76,5,88,4,2,91,32,1,3,1,CE,1
7.39,10,68,0,2,61,60,0,3,2,ECE,1
8.01,3,52,3,3,75,20,3,0,3,CE,1
7.91,2,48,1,1,59,100,4,3,1,ECE,1
7.01,8,42,2,3,81,46,8,0,2,IT,1
6.69,6,52,1,1,66,90,0,1,2,IT,1
5.63,5,44,0,0,100,73,4,3,2,ECE,0
6.96,2,33,5,1,64,35,2,2,2,ME,1
5.81,9,58,3,1,63,41,7,5,1,ECE,1
8.67,4,92,4,0,55,93,0,2,1,CSE,1
6.04,10,77,6,3,63,92,7,1,2,ME,1
5.29,6,67,3,0,69,70,5,5,3,CE,0
7.76,7,98,4,2,60,79,7,3,2,CSE,1
7.98,3,70,4,1,86,32,7,0,1,CE,1
9.36,7,62,1,3,84,89,4,2,3,IT,1
7.88,4,53,6,2,66,36,6,5,3,CE,1
6.73,4,63,3,1,96,78,3,2,1,IT,1
9.02,3,68,0,2,62,44,3,0,2,CSE,1
7.7,8,92,1,1,91,44,5,1,2,IT,1
5.4,5,70,6,2,87,28,1,2,2,ME,1
7.83,5,54,6,2,56,62,5,5,3,ME,1
9.54,9,64,6,1,60,50,7,0,2,EE,1
6.98,5,38,0,0,81,61,1,3,1,IT,0
6.48,7,81,4,0,82,87,6,3,3,ME,1
5.72,2,53,1,3,100,74,6,0,3,CSE,1
5.76,4,85,1,3,81,45,6,2,1,CE,1
7.16,1,40,0,0,92,34,8,5,1,ECE,0
7.98,2,77,2,1,68,47,1,3,2,CSE,1
5.4,10,43,1,2,65,40,3,5,3,ME,0
9.7,10,89,5,3,64,88,0,3,2,ECE,1
8.78,3,51,5,0,91,86,7,2,3,CE,1
7.93,2,78,4,3,75,41,5,0,1,EE,1
9.14,1,43,2,1,85,79,5,4,2,ECE,1
5.4,4,32,3,0,72,65,1,0,2,ECE,1
7.38,10,84,4,1,61,89,0,0,2,ME,1
8.15,9,54,5,2,89,86,4,3,3,CE,1
9.14,5,50,2,3,71,52,7,0,2,ME,1
8.92,7,60,5,2,93,67,7,1,3,EE,1
6.39,8,62,6,2,95,41,7,5,2,ECE,1
9.7,5,79,6,3,65,74,7,0,3,ME,1
5.62,9,41,3,3,61,69,1,4,3,EE,1
9.38,8,51,4,3,56,42,7,5,2,IT,1
9.85,4,64,0,0,65,52,1,4,1,ME,1
5.89,9,39,3,3,58,78,7,1,2,EE,1
8.61,8,41,4,3,71,40,6,5,1,ECE,1
5.2,6,83,2,0,81,34,5,0,1,ECE,1
7.03,9,95,4,0,98,40,5,5,3,ME,1
7.58,3,54,6,3,58,45,5,5,1,IT,1
7.9,5,57,3,2,59,25,3,4,3,ECE,1
9.68,8,91,0,3,73,39,5,0,3,ECE,1
8.36,4,41,2,2,66,33,3,2,2,IT,1
7.41,3,57,3,1,98,46,0,5,3,CSE,0
9.05,10,83,1,2,55,32,8,3,1,ECE,1
9.75,8,43,0,0,86,25,8,0,2,IT,1
5.11,7,96,2,1,58,49,1,4,2,ECE,0
9.91,6,58,3,1,74,72,3,4,2,ECE,1
5.43,10,83,6,0,88,66,2,0,3,ECE,1
9.07,5,40,0,1,58,27,7,2,1,ECE,1
6.4,8,92,4,0,87,36,5,2,1,ME,1
5.66,10,74,5,0,70,76,3,0,1,EE,1
7.2,3,33,5,0,99,34,3,2,1,CSE,1
8.22,5,57,2,1,89,92,4,3,2,ME,1
6.9,3,76,0,0,68,80,3,2,2,CSE,1
5.27,5,35,1,3,77,47,7,1,3,CSE,1
8.0,9,85,6,3,64,55,1,4,1,IT,1
9.51,3,30,6,1,92,27,8,5,3,IT,1
6.92,1,75,0,0,83,69,8,0,1,CSE,1
6.08,6,41,3,3,95,27,2,4,1,EE,1
7.21,6,39,5,0,87,55,2,2,2,IT,1
5.24,3,61,5,0,69,58,1,2,2,CSE,0
9.1,6,99,2,0,76,69,7,4,2,CE,1
9.13,10,44,4,0,96,34,0,3,3,ME,1
7.94,9,40,3,2,82,68,8,4,1,EE,1
6.77,7,78,6,0,55,59,2,3,3,EE,1
9.0,1,69,0,1,58,44,2,1,1,EE,1
7.77,10,61,4,0,62,20,6,2,1,CSE,1
9.13,3,55,6,3,80,39,5,5,2,EE,1
8.16,4,56,4,1,84,40,1,4,1,CSE,1
8.92,1,69,3,3,58,96,8,2,3,CE,1
7.99,9,34,4,3,68,65,7,2,3,EE,1
7.07,9,32,3,3,88,96,6,5,2,CE,1
9.79,5,42,2,3,62,35,5,2,1,EE,1
7.71,3,45,5,1,59,90,4,4,3,IT,1
8.03,9,72,6,3,79,68,6,5,2,CSE,1
6.1,5,88,5,1,73,51,2,5,1,CE,1
8.13,2,62,6,2,57,83,3,2,3,IT,1
7.86,1,58,1,3,72,70,7,4,3,ECE,1
5.92,2,32,3,1,56,62,1,3,2,CSE,0
5.3,5,58,6,0,61,38,0,0,1,CE,1
8.02,6,84,6,0,74,42,1,1,1,EE,1
8.82,1,36,6,3,98,30,3,2,3,ME,1
7.62,2,37,4,0,72,27,1,3,2,IT,0
6.13,3,58,0,2,82,20,1,1,1,CE,1
8.33,10,84,3,2,82,45,6,0,2,IT,1
5.4,3,64,3,0,75,43,0,5,2,ECE,0
7.21,6,91,5,3,73,88,1,0,3,EE,1
5.82,5,68,3,2,65,96,4,2,3,CE,1
5.92,5,34,5,0,82,92,6,3,1,ECE,1
6.01,10,91,1,0,89,41,6,4,3,CE,1
6.93,7,58,3,3,81,65,0,4,1,ME,1
5.26,10,76,4,0,88,42,8,4,1,ECE,1
6.99,7,35,5,1,68,85,4,2,1,IT,1
7.56,7,67,3,3,55,94,8,2,2,ME,1
7.42,10,54,1,0,99,36,8,2,1,ME,1
6.91,3,68,1,1,70,45,3,2,1,ECE,1
9.2,8,84,6,1,68,29,4,3,1,EE,1
5.73,6,52,1,3,61,43,6,5,1,EE,0
7.53,10,96,0,2,58,25,8,4,1,IT,1
5.31,2,30,0,1,89,89,8,5,1,ME,0
5.36,8,36,3,1,68,35,7,5,3,IT,0
7.87,10,97,5,1,79,74,2,1,3,EE,1
7.83,10,47,1,0,59,37,0,2,3,ECE,1
9.39,3,72,1,1,78,69,6,1,1,CE,1
7.79,4,82,0,0,88,95,4,5,3,CSE,0
9.8,10,41,3,1,56,63,1,2,1,CSE,1
5.24,4,34,1,2,58,68,6,5,3,ME,0
5.49,6,99,4,0,90,56,1,0,2,ECE,1
5.22,6,92,5,0,91,82,0,4,2,ECE,1
5.93,5,58,1,2,65,46,1,4,2,CSE,0
7.71,6,61,6,2,93,34,0,0,3,ECE,1
8.23,8,66,5,2,71,34,7,5,3,ME,1
5.23,7,92,5,0,77,25,8,4,1,ME,1
9.73,1,91,1,1,61,84,8,4,1,CSE,1
9.21,3,31,6,3,73,26,3,1,3,EE,1
6.48,6,61,3,1,60,96,8,3,3,ME,1
5.39,3,89,6,3,66,45,3,5,2,CE,1
5.85,6,58,6,3,85,99,3,4,1,CE,1
5.63,10,94,3,2,64,91,1,4,1,IT,1
5.62,8,31,3,2,86,89,2,3,1,ECE,1
7.59,2,47,0,2,74,40,6,2,2,ME,1
6.23,3,85,6,3,86,24,5,4,3,CSE,1
6.79,9,87,6,1,86,58,1,5,2,CE,1
9.95,5,49,5,3,64,54,7,0,1,ECE,1
8.42,4,35,6,3,76,80,8,0,2,CSE,1
9.74,10,75,3,3,66,56,5,2,2,CE,1
5.71,10,89,3,1,64,57,2,4,1,ME,1
6.91,3,44,1,1,83,44,6,3,1,IT,1
7.77,6,32,1,0,92,89,1,5,3,IT,0
5.38,5,44,1,2,58,68,0,0,1,IT,1
5.02,7,50,6,1,62,50,6,5,3,IT,0
8.35,7,72,2,1,72,34,5,2,1,EE,1
8.21,10,79,3,2,70,71,5,3,1,ME,1
7.05,3,79,0,1,91,54,6,4,2,EE,1
7.45,10,92,0,0,78,59,3,4,2,ECE,1
7.08,3,63,5,1,78,33,3,5,3,ME,0
5.12,7,66,5,1,77,22,4,2,1,CE,1
6.68,4,46,4,0,60,83,1,3,3,CE,0
5.89,4,87,0,2,69,65,2,3,1,IT,1
5.49,7,84,3,3,90,58,4,3,3,CSE,1
9.78,9,70,5,0,88,63,6,5,2,CSE,1
8.0,2,99,0,3,78,79,6,0,1,EE,1
8.64,3,56,3,1,89,67,1,1,1,CSE,1
6.58,1,71,2,2,74,77,3,2,3,ECE,1
6.97,7,51,1,2,56,68,4,0,3,ECE,1
6.18,2,87,3,0,95,29,1,5,1,EE,0
5.48,9,35,4,2,89,21,6,2,2,CE,1
5.9,6,48,6,1,72,78,6,5,2,EE,1
8.99,2,93,4,2,67,29,4,3,3,IT,1
8.39,7,53,1,2,75,32,2,5,3,CSE,0
7.73,4,84,3,2,73,85,6,1,3,ME,1
7.38,5,85,6,2,79,92,7,1,3,IT,1
9.61,5,57,4,3,58,66,1,2,3,EE,1
5.36,2,43,5,3,97,86,7,3,1,IT,1
6.4,4,91,3,1,84,62,0,5,2,CE,0
6.75,10,45,6,3,63,38,7,0,3,ECE,1
8.91,3,38,2,3,65,60,7,1,2,ME,1
9.96,1,100,0,1,77,97,4,0,1,EE,1
6.2,4,60,1,3,65,97,1,0,1,ECE,1
9.37,2,48,6,0,79,96,6,4,2,EE,1
9.15,4,61,2,2,70,45,5,0,1,CE,1
6.12,4,79,6,0,95,62,2,0,2,ECE,1
7.0,9,40,4,0,61,98,7,4,3,IT,1
7.05,7,65,5,1,57,95,3,2,2,EE,1
9.89,1,76,6,3,82,37,2,0,3,EE,1
5.9,2,71,0,0,86,99,3,1,3,CSE,1
9.0,3,49,4,0,80,61,2,5,1,EE,1
6.67,4,41,1,3,70,76,5,1,1,EE,1
8.65,3,52,1,2,80,49,8,5,1,ME,1
7.1,4,48,5,2,64,66,0,3,2,EE,1
7.89,7,58,5,2,59,87,5,1,3,ECE,1
9.16,10,84,4,3,72,68,5,5,1,ECE,1
9.02,1,76,2,3,64,77,7,5,1,ECE,1
9.33,5,35,3,0,99,61,5,5,2,ECE,1
5.3,1,99,6,0,59,52,6,4,2,CE,1
8.46,4,55,3,2,74,51,8,2,2,CSE,1
5.7,10,87,1,0,58,30,7,4,1,IT,1
7.08,7,71,2,3,99,38,4,0,3,CSE,1
7.74,5,34,3,0,77,45,4,3,2,EE,1
7.01,4,30,1,1,62,43,4,2,2,CSE,0
7.6,1,81,5,0,63,59,6,0,2,CSE,1
9.98,10,66,2,0,99,50,0,0,2,ECE,1
5.68,6,83,5,0,85,41,6,0,1,EE,1
8.38,7,86,4,0,98,60,6,3,1,ME,1
6.98,1,42,3,3,77,100,1,2,2,ECE,1
5.67,1,34,6,2,81,76,7,0,1,EE,1
5.79,1,38,2,3,82,36,3,3,1,EE,0
9.75,6,72,3,1,96,74,0,2,1,CSE,1
9.4,3,88,2,0,75,49,7,2,3,EE,1
9.54,2,100,2,1,90,80,2,3,3,EE,1
9.96,8,39,6,3,77,55,6,3,3,IT,1
6.04,5,89,3,3,97,67,6,5,1,ECE,1
6.78,3,57,5,0,70,31,3,4,2,IT,0
8.35,10,39,0,0,84,95,5,2,1,ECE,1
7.42,3,50,2,0,90,75,1,5,3,CSE,0
7.09,2,32,6,0,90,69,7,3,1,CE,1
6.79,8,38,3,3,80,20,0,0,3,ME,1
7.97,5,91,1,1,82,83,7,0,2,CSE,1
7.88,3,72,1,0,71,76,4,4,3,ECE,0
5.81,3,40,0,0,96,31,8,5,3,IT,0
7.36,4,70,2,2,77,39,1,2,1,CSE,1
7.77,10,54,3,2,80,36,3,0,3,EE,1
7.85,3,46,6,1,66,52,0,1,1,IT,1
6.05,6,74,4,0,99,49,6,5,2,CSE,1
8.71,1,86,3,2,67,59,7,2,3,CSE,1
5.13,1,40,4,2,73,20,1,0,3,CSE,0
6.77,8,82,1,2,82,53,2,5,3,CE,1
8.9,8,40,3,0,74,76,0,4,3,CSE,1
7.82,5,70,1,3,78,75,8,5,1,ECE,1
6.31,8,52,6,1,79,87,8,4,2,ECE,1
8.47,4,75,0,3,64,33,0,5,1,CE,1
7.84,7,63,1,3,72,60,8,0,1,ECE,1
8.98,4,55,0,3,71,30,5,5,1,EE,1
8.68,6,72,0,2,83,74,4,2,3,EE,1
8.05,2,55,6,1,90,63,4,0,3,CE,1
7.44,1,89,6,1,98,94,2,4,3,ECE,1
5.67,3,95,6,1,62,34,0,5,1,IT,0
6.31,3,78,5,1,89,66,1,1,3,ECE,1
7.1,1,73,3,2,82,67,4,1,2,CE,1
8.0,4,51,3,0,58,32,7,5,2,ME,0
7.57,6,79,4,2,73,40,0,2,3,CSE,1
6.44,4,62,4,0,69,26,8,1,1,IT,1
5.03,7,60,4,0,56,97,8,5,1,CE,1
7.48,9,43,4,0,73,56,8,2,1,ECE,1
6.43,3,31,6,2,85,29,3,2,1,CSE,1
8.67,10,97,1,1,60,59,2,3,1,IT,1
5.12,9,51,6,3,60,37,4,0,2,ECE,1
7.92,10,70,6,1,75,47,4,4,2,ECE,1
9.71,9,78,5,0,79,54,6,3,2,ME,1
5.87,1,39,2,1,60,83,5,2,2,ME,0
7.36,8,66,2,0,100,45,3,2,1,EE,1
5.46,3,63,2,0,89,91,0,4,3,ME,0
8.13,2,55,4,3,80,58,0,5,1,ME,1
7.75,5,83,4,1,88,85,0,4,2,CSE,1
7.04,8,75,0,0,98,71,3,3,1,EE,1
7.61,5,52,3,3,99,21,4,3,3,CSE,1
9.48,5,53,0,3,90,38,8,2,2,CSE,1
5.98,4,56,1,3,98,58,5,1,3,CE,1
5.11,10,93,5,2,62,94,1,2,2,EE,1
9.31,4,30,0,1,94,76,4,2,3,IT,1
7.89,2,54,6,3,66,35,8,2,3,ECE,1
9.45,10,46,5,1,76,57,2,5,2,EE,1
7.98,5,47,3,3,82,41,8,5,3,ECE,1
9.05,4,50,4,0,83,88,3,4,1,CSE,1
7.15,6,67,0,0,65,76,8,2,2,ECE,1
8.75,4,68,4,1,86,66,5,1,3,CSE,1
9.57,2,45,6,2,85,71,2,2,2,CSE,1
7.86,9,98,0,0,100,44,2,4,3,CSE,1
5.9,3,53,4,0,96,84,8,0,3,IT,1
6.34,2,50,5,0,100,52,4,5,1,IT,0
5.99,8,56,2,1,82,33,5,2,1,EE,1
6.23,7,72,3,2,61,90,5,1,1,ME,1
6.53,6,70,1,1,100,66,0,4,2,ME,1
7.78,1,66,0,3,98,57,8,2,3,CE,1
7.94,6,54,6,1,93,81,0,0,1,IT,1
7.13,10,90,1,0,85,41,1,1,2,EE,1
8.08,5,96,0,3,91,89,5,2,1,ECE,1
5.41,4,79,2,1,64,96,6,2,1,ME,1
5.44,7,84,4,1,68,75,8,0,1,IT,1
5.86,2,75,4,1,99,23,5,1,2,EE,1
7.59,1,51,0,3,89,82,7,3,2,ME,1
6.07,8,43,5,3,59,39,2,2,2,CE,1
6.42,2,81,2,2,61,21,2,0,1,ME,1
7.0,5,86,2,1,79,81,3,1,3,CSE,1
9.06,5,83,3,2,71,52,7,5,3,IT,1
5.07,10,51,2,3,72,81,7,2,1,CSE,1
8.25,6,57,3,1,97,94,6,3,1,EE,1
8.34,4,64,3,2,86,39,6,5,3,CE,1
8.99,5,72,4,2,80,95,3,4,3,EE,1
9.66,6,87,0,2,79,54,6,4,2,ME,1
5.1,5,74,2,2,73,22,8,2,1,CE,1
5.77,4,86,3,2,73,89,1,3,2,CE,1
9.43,1,95,1,3,95,30,7,2,2,IT,1
7.29,1,63,1,1,87,37,1,2,3,EE,0
7.82,3,54,1,1,94,58,6,5,1,IT,1
8.32,8,72,1,3,77,53,7,0,1,CE,1
8.4,6,63,6,3,84,54,4,2,3,ME,1
9.66,6,97,5,3,91,37,4,0,2,CSE,1
9.98,1,82,6,0,79,78,7,4,1,EE,1
8.6,1,88,4,2,75,66,0,4,3,ECE,1
6.44,1,30,6,1,65,25,3,0,2,EE,1
9.4,4,78,1,3,78,62,8,5,1,ECE,1
5.25,3,68,1,2,93,78,1,5,1,CSE,0
6.16,5,56,0,1,98,49,2,1,3,CSE,1
9.49,1,69,0,2,84,46,8,1,1,ECE,1
6.28,1,57,5,2,69,62,1,4,2,CSE,0
6.1,7,40,1,2,87,92,1,5,2,IT,0
5.69,6,60,1,3,63,86,4,2,3,CSE,1
9.3,9,37,0,3,61,64,7,2,2,ECE,1
7.5,4,89,0,3,100,59,7,1,3,EE,1
8.37,2,67,4,2,73,59,4,2,2,ME,1
6.2,6,30,2,2,95,39,0,0,1,EE,1
8.79,6,97,5,2,69,80,8,4,1,CE,1
8.8,8,53,6,1,93,58,6,3,3,CSE,1
6.56,7,41,3,2,68,83,1,1,3,IT,1
7.05,6,35,5,1,66,26,0,2,3,ECE,1
6.05,8,37,0,0,74,92,3,2,3,CE,1
9.88,7,61,4,1,71,30,7,3,3,EE,1
8.23,8,83,6,0,96,73,7,3,3,ECE,1
9.67,7,52,2,3,70,93,2,0,3,EE,1
6.52,9,92,6,1,80,75,5,4,3,ECE,1
8.91,1,69,4,0,57,70,5,5,3,IT,1
8.83,3,78,1,3,80,66,7,1,1,CSE,1
8.46,4,51,2,3,70,66,6,2,1,EE,1
9.83,9,69,1,3,76,68,5,0,3,ECE,1
6.97,1,76,3,1,85,86,0,3,3,EE,1
5.65,4,82,2,2,92,41,5,0,1,CE,1
8.36,7,53,4,1,65,51,7,5,2,ECE,1
8.65,5,93,1,2,62,50,8,5,2,ME,1
7.88,10,95,5,1,76,61,7,0,2,IT,1
6.03,1,87,5,2,90,48,1,4,2,ECE,1
7.52,1,83,1,1,87,75,4,0,2,CSE,1
6.56,1,61,1,2,60,73,1,1,1,ME,1
7.14,10,94,4,3,76,99,4,3,2,IT,1
8.23,4,95,6,0,95,44,6,2,1,CSE,1
8.73,1,55,6,3,62,87,5,1,3,CE,1
6.16,2,88,1,1,78,36,7,4,1,IT,1
7.03,9,45,2,0,93,85,1,1,2,CSE,1
6.35,6,50,0,0,59,39,5,5,1,CSE,0
5.99,8,92,6,2,73,29,0,1,2,ME,1
8.92,1,44,3,0,89,36,5,1,2,ECE,1
9.55,6,90,5,0,98,45,6,3,1,EE,1
6.85,8,89,6,1,77,54,5,5,1,IT,1
8.76,6,77,3,0,68,25,8,0,2,ECE,1
9.48,5,67,1,1,88,80,2,5,2,IT,1
9.23,2,63,4,2,83,21,6,0,2,EE,1
5.91,2,92,2,3,92,100,5,1,2,ME,1
9.78,3,56,1,3,60,21,5,0,3,CSE,1
6.88,2,61,4,1,90,57,2,3,2,CE,1
6.7,1,51,0,0,76,71,8,0,1,CE,1
5.31,6,85,5,0,74,24,5,4,2,CE,1
7.43,3,41,6,2,66,53,6,0,1,CSE,1
5.55,2,37,2,3,98,67,4,5,2,IT,0
6.24,6,66,5,3,61,59,8,5,2,CE,1
6.58,7,34,5,3,66,84,2,0,3,ME,1
9.04,5,65,4,0,70,61,7,3,3,ME,1
9.38,3,86,0,1,57,32,7,3,2,IT,1
6.51,2,52,1,3,60,73,1,2,1,EE,1
9.29,10,83,2,2,68,54,1,2,3,ME,1
9.29,2,44,1,1,56,41,7,4,1,CSE,1
8.82,1,71,5,2,85,74,1,2,1,EE,1
5.73,2,85,4,0,84,28,0,1,1,EE,1
8.45,9,37,5,3,78,90,1,0,3,EE,1
9.73,8,63,5,0,80,51,1,3,3,EE,1
8.41,2,48,5,1,73,52,7,2,3,EE,1
6.66,1,41,3,0,88,20,2,1,3,EE,0
7.5,9,58,0,1,65,72,1,2,1,IT,1
8.23,5,67,3,3,90,57,3,1,3,CE,1
7.55,9,57,4,2,81,99,2,2,2,CE,1
5.6,6,79,6,0,59,31,8,3,3,EE,1
6.56,1,85,1,2,97,53,8,3,3,ECE,1
9.01,7,55,0,3,72,66,2,0,3,ME,1
9.31,3,83,5,3,66,72,0,0,3,EE,1
5.69,8,90,5,3,55,52,0,3,1,ECE,1
9.76,3,78,4,2,70,54,2,3,1,CE,1
6.64,2,93,4,1,96,27,5,0,2,EE,1
8.31,9,78,4,3,55,84,1,0,1,IT,1
8.76,3,75,6,0,83,75,1,3,3,ECE,1
9.06,3,83,2,0,94,36,5,3,3,ME,1
9.73,8,88,4,2,95,44,0,1,1,EE,1
6.56,5,90,2,3,96,49,5,2,3,ME,1
9.29,2,33,6,3,88,70,7,5,3,EE,1
5.66,5,56,0,1,98,99,3,2,2,EE,1
8.53,1,69,3,1,92,89,8,5,1,ECE,1
8.71,10,47,1,2,86,45,6,3,2,CSE,1
8.39,7,36,4,3,97,81,0,1,3,CE,1
6.26,3,74,0,0,85,75,5,3,2,ME,0
9.37,7,56,5,2,99,68,7,5,2,CE,1
5.84,3,69,4,1,94,39,0,4,1,ECE,0
5.27,1,75,1,0,83,64,6,1,1,ME,1
8.59,3,74,4,0,57,46,6,3,3,IT,1
7.38,6,78,4,3,99,20,0,3,3,CE,1
9.25,4,77,3,3,72,36,5,3,2,EE,1
6.92,3,60,0,3,84,47,0,5,2,CE,0
5.84,4,60,1,1,57,29,4,3,1,ME,0
9.18,8,66,3,3,67,60,8,4,1,CE,1
7.74,6,60,1,3,79,69,1,2,3,CE,1
5.95,4,78,3,2,61,97,3,2,1,ECE,1
8.6,2,55,6,3,90,45,7,1,1,ECE,1
7.56,5,33,5,1,94,45,1,0,1,ECE,1
8.02,9,72,4,0,74,24,6,0,1,IT,1
7.3,9,79,3,2,57,61,3,5,2,CE,1
9.14,8,70,5,0,81,71,7,2,3,CE,1
9.15,2,57,6,1,96,81,7,1,1,ME,1
8.55,8,89,2,0,79,87,4,4,2,CE,1
5.53,5,94,6,2,56,70,3,3,3,CSE,1
9.19,5,50,3,0,89,30,8,2,2,CSE,1
8.36,8,65,0,2,75,22,4,3,3,EE,1
8.49,9,42,4,2,70,82,5,3,2,ME,1
6.81,2,40,1,2,98,89,7,2,1,ME,1
9.4,6,82,0,1,93,86,6,1,1,EE,1
8.63,1,34,6,1,60,50,0,5,1,CSE,0
5.56,5,43,1,3,97,61,3,0,2,IT,1
7.04,10,33,1,1,59,52,3,4,2,IT,1
9.43,7,61,1,1,73,98,3,3,2,CE,1
5.24,3,61,6,3,73,45,5,1,1,CSE,1
9.81,4,45,3,3,65,90,7,2,1,EE,1
8.4,10,80,0,2,62,87,4,3,2,ECE,1
8.16,9,87,1,0,86,100,3,3,1,ME,1
6.35,3,68,5,2,90,48,4,5,3,EE,1
6.24,7,49,0,2,70,25,5,3,1,EE,1
9.71,9,81,0,1,68,29,6,3,2,CE,1
6.49,7,37,1,3,89,24,1,5,3,CE,0
8.88,6,75,5,3,61,35,1,1,2,CE,1
6.97,10,52,2,3,74,20,5,0,2,ME,1
5.7,6,98,5,0,80,37,1,5,1,CSE,1
5.05,10,69,5,2,100,50,1,4,3,CSE,1
7.72,10,48,1,0,93,99,6,2,1,IT,1
9.88,9,54,2,1,92,33,6,2,3,CSE,1
6.85,7,92,2,3,61,77,3,4,1,CE,1
6.79,3,98,1,0,57,100,8,0,3,ECE,1
6.72,8,83,4,2,87,92,0,2,1,IT,1
7.6,4,56,2,0,95,59,1,0,1,CSE,1
7.2,2,85,3,0,92,67,0,5,1,ECE,0
9.4,9,83,3,1,72,90,2,2,3,ME,1
7.53,4,91,2,2,58,68,5,5,1,CSE,1
7.54,5,77,2,0,57,20,4,5,1,CSE,0
5.69,3,87,5,3,68,27,3,3,1,ME,1
9.91,9,43,0,1,65,48,4,0,3,IT,1
6.25,4,68,2,3,79,22,5,1,2,CSE,1
5.37,4,43,5,1,97,35,4,0,2,ME,1
8.32,10,72,1,2,55,98,3,3,2,ECE,1
7.98,10,47,3,3,84,30,2,1,2,EE,1
7.08,4,33,6,3,57,99,0,4,2,CE,1
7.11,5,81,5,1,67,65,8,3,2,CE,1
8.93,4,34,3,0,57,43,3,3,3,ME,1
5.98,5,36,6,3,77,25,0,3,1,EE,1
9.1,1,51,6,2,58,74,5,5,3,CE,1
8.24,4,68,4,3,85,72,4,3,2,CSE,1
7.09,5,62,4,2,93,39,5,3,1,CE,1
7.29,1,90,4,1,87,70,0,1,1,CSE,1
6.28,6,60,6,1,58,91,1,5,1,EE,1
8.76,4,72,1,2,96,69,5,1,1,ME,1
7.56,6,93,6,0,67,34,4,4,2,CE,1
6.6,2,78,5,2,75,51,7,4,3,ECE,1
7.98,4,68,6,3,97,61,2,4,2,ME,1
9.98,9,30,6,0,63,66,2,1,3,CE,1
7.18,6,37,3,3,58,62,3,1,1,CSE,1
9.6,3,41,1,3,88,21,6,4,3,CSE,1
6.73,7,53,4,1,80,20,0,1,2,ME,1
5.27,10,66,4,2,98,85,5,3,3,IT,1
6.02,10,35,4,3,92,28,3,0,1,CSE,1
7.09,5,34,3,2,76,57,3,2,1,EE,1
6.1,4,40,2,1,76,39,0,3,2,ECE,0
5.0,9,73,6,3,89,98,8,3,3,CE,1
9.58,3,33,5,2,81,54,2,2,3,EE,1
9.22,5,39,4,0,98,47,8,2,3,CE,1
8.71,2,97,2,2,71,70,6,4,3,ECE,1
5.84,10,68,3,3,96,30,1,3,1,EE,1
5.6,8,82,0,2,94,76,4,0,1,ECE,1
5.34,1,91,6,1,57,94,8,0,3,EE,1
8.62,7,99,4,3,85,84,8,2,1,IT,1
9.64,3,100,2,3,63,87,1,5,2,EE,1
7.15,1,98,0,1,86,79,2,5,1,IT,0
5.6,4,35,5,3,100,33,5,4,1,EE,1
7.56,10,94,4,3,58,67,7,3,3,CSE,1
6.74,4,51,4,3,100,100,6,3,3,ME,1
6.87,2,54,0,2,96,92,6,0,2,ECE,1
8.11,8,34,1,3,80,23,1,3,3,CE,1
8.59,1,45,0,2,100,29,6,4,1,CSE,1
5.55,1,76,4,2,55,95,0,3,1,EE,1
5.18,2,40,3,2,83,62,5,1,3,EE,1
9.97,6,87,5,1,97,76,5,2,1,ME,1
6.16,8,83,2,0,73,47,6,5,1,EE,1
5.27,2,95,3,2,97,78,3,4,2,ME,1
5.95,4,36,4,3,85,37,3,5,1,CSE,0
5.19,1,62,5,3,76,44,8,2,1,EE,1
6.96,4,51,2,0,60,38,6,0,3,ECE,1
9.01,6,96,0,2,66,95,1,4,2,CSE,1
6.71,5,43,6,1,76,30,8,5,2,IT,1
7.22,2,38,5,2,85,48,1,3,3,ME,1
8.38,1,45,3,0,66,73,6,0,3,ECE,1
7.54,3,33,1,3,71,41,8,1,2,IT,1
9.31,5,94,5,3,97,33,3,1,3,CE,1
9.33,4,39,3,0,84,36,4,1,3,ECE,1
5.05,7,37,0,1,65,49,2,5,2,CSE,0
8.89,10,87,5,2,87,94,8,2,3,IT,1
7.3,2,82,2,2,92,74,8,3,3,ME,1
9.94,7,60,4,2,74,39,7,4,1,CSE,1
7.42,2,37,4,3,62,30,7,0,2,CE,1
9.93,4,53,0,1,62,60,5,0,2,IT,1
8.77,4,52,6,2,61,30,4,2,2,ME,1
6.24,2,87,6,3,85,48,8,5,1,ECE,1
7.69,4,92,5,2,90,59,0,0,1,CSE,1
9.96,6,31,0,3,79,49,8,3,3,ECE,1
9.29,7,95,4,0,61,29,8,3,3,EE,1
5.49,1,43,0,1,66,83,3,0,3,ME,0
8.53,5,68,6,2,95,89,6,4,2,ECE,1
6.73,3,82,3,3,81,32,7,5,3,ECE,1
5.03,1,82,2,2,95,61,3,5,2,CSE,0
7.02,2,80,1,3,78,93,1,1,2,ME,1
6.17,9,46,3,0,58,100,4,1,1,IT,1
9.09,6,52,1,2,94,55,3,1,1,CSE,1
6.69,2,90,0,3,62,48,8,4,3,EE,1
9.14,2,49,2,3,98,22,6,5,2,CE,1
5.0,1,93,2,1,91,28,2,3,3,IT,0
6.54,7,87,1,3,96,54,3,4,2,CE,1
6.21,7,76,1,0,94,47,6,1,2,CE,1
6.17,8,70,1,1,74,55,7,5,1,ECE,1
5.34,10,92,1,1,65,56,1,3,1,IT,1
5.94,5,73,3,3,77,92,8,0,1,IT,1
7.78,7,99,6,3,93,35,1,2,1,ECE,1
6.46,4,36,3,3,81,82,0,1,2,IT,1
7.09,4,46,2,2,70,93,7,4,1,CE,1
6.88,2,84,5,3,86,83,2,1,2,CE,1
9.38,8,78,5,3,72,71,2,2,1,ME,1
9.53,1,32,3,0,89,39,7,0,1,ME,1
7.46,9,87,4,2,97,58,6,2,2,CSE,1
6.65,1,74,5,0,55,38,8,4,3,CE,0
5.53,8,86,0,2,100,35,7,5,1,ME,1
9.77,7,53,4,3,84,82,0,0,1,ME,1
5.3,8,85,5,0,98,87,7,2,1,IT,1
6.49,1,58,3,2,59,64,6,0,3,IT,1
6.49,3,81,6,3,76,59,0,5,2,IT,1
6.6,6,67,6,1,62,59,6,4,3,ME,1
5.82,5,38,4,0,58,29,0,1,2,EE,0
8.92,9,65,0,0,71,42,7,4,2,IT,1
5.61,5,98,2,0,86,60,5,5,1,ECE,1
8.17,9,85,6,1,96,39,5,1,2,CSE,1
5.62,10,85,4,3,97,98,7,2,2,ECE,1
5.35,9,52,6,2,61,82,8,5,3,CSE,1
9.55,6,65,0,2,82,96,0,1,3,CSE,1
5.95,4,90,0,1,68,29,6,0,2,IT,1
9.11,6,48,1,3,71,97,1,2,1,IT,1
7.72,9,59,1,2,90,68,6,3,1,IT,1
5.39,3,100,2,3,56,49,6,2,2,IT,1
9.78,9,59,3,2,80,70,0,2,3,CE,1
6.23,2,94,0,2,78,57,0,0,3,CSE,1
9.3,7,46,0,0,66,26,8,3,1,ME,1
5.84,2,98,6,1,67,88,2,2,1,CE,1
9.27,4,99,4,0,72,22,3,3,2,IT,1
5.07,7,48,6,1,81,25,8,2,3,ECE,1
7.56,1,65,6,1,97,47,8,1,3,ME,1
8.85,8,85,3,2,79,47,1,3,2,ECE,1
9.67,5,36,4,0,66,28,1,1,1,CE,1
9.55,10,30,3,0,67,89,5,0,2,CE,1
9.1,9,97,0,3,78,77,2,5,3,CSE,1
9.44,2,30,3,1,71,67,1,5,1,ME,0
6.0,2,39,6,3,73,34,4,3,2,ME,1
6.42,5,72,6,1,90,73,8,1,3,CSE,1
6.44,9,35,1,3,93,76,1,0,1,EE,1
6.89,7,76,0,0,70,85,0,4,1,ME,1
6.97,10,66,4,0,92,31,0,5,2,CSE,1
7.72,1,43,5,2,72,98,3,4,2,ECE,1
5.8,4,56,4,2,86,32,3,0,3,CSE,1
8.46,9,59,0,0,92,80,4,1,3,CSE,1
5.84,3,54,3,0,57,88,4,2,1,CSE,1
6.55,10,84,4,3,81,68,5,3,1,IT,1
7.52,8,56,2,3,71,76,2,0,3,IT,1
8.98,3,89,1,2,61,89,3,5,3,ME,1
8.7,9,58,3,0,88,51,4,5,2,IT,1
8.23,10,95,4,1,55,51,3,0,1,EE,1
5.78,1,79,1,2,95,80,6,3,1,ECE,1
7.74,10,82,6,0,70,98,1,3,1,IT,1
5.44,7,60,5,2,99,25,3,0,2,ECE,1
6.89,4,84,1,3,85,88,0,1,3,EE,1
7.07,9,69,0,3,100,33,6,2,2,CE,1
5.2,3,40,3,1,55,41,0,4,2,IT,0
6.37,9,94,3,0,67,91,6,5,2,CE,1
9.78,7,42,5,3,67,44,4,1,3,CSE,1
9.77,4,40,5,2,92,88,4,2,3,EE,1
6.76,9,94,1,1,93,58,7,5,3,CE,1
5.22,5,90,2,3,56,47,0,3,3,CSE,1
5.9,6,69,2,0,99,91,8,1,2,CE,1
6.96,1,69,3,1,62,65,0,1,3,ME,1
9.74,3,36,5,1,81,82,6,4,2,EE,1
5.71,5,31,5,0,78,79,4,3,2,EE,1
8.82,5,36,1,1,71,84,6,5,3,IT,1
5.54,2,97,0,1,72,21,3,2,1,CSE,0
9.91,1,35,1,3,91,20,3,2,3,CE,1
6.91,10,63,0,1,61,57,4,1,1,EE,1
8.88,8,92,4,3,57,47,7,3,3,CSE,1
6.71,9,94,4,3,89,32,1,4,3,CE,1
8.14,4,96,6,2,65,34,4,4,2,IT,1
5.96,8,36,5,0,58,94,6,4,3,EE,1
5.73,6,67,2,3,72,85,3,2,2,IT,1
9.69,4,89,0,1,92,53,0,0,3,CSE,1
9.59,2,70,4,2,55,52,1,0,2,EE,1
9.44,7,90,4,2,72,62,0,3,2,CE,1
8.13,1,55,1,1,58,93,1,1,1,CSE,1
9.04,10,54,5,3,100,41,8,2,1,ECE,1
5.35,2,65,3,0,93,56,8,3,3,CE,0
6.67,4,51,1,1,56,39,0,2,2,EE,0
6.57,10,78,1,0,98,92,1,5,3,ME,1
8.18,7,30,1,1,92,87,1,2,1,EE,1
6.78,2,99,3,2,55,71,8,4,3,IT,1
5.74,1,88,5,0,91,90,1,5,2,ME,0
7.98,2,83,4,3,96,26,0,2,2,ECE,1
9.07,3,34,5,0,59,89,2,4,1,EE,1
6.91,8,95,3,3,89,90,4,0,3,CE,1
5.66,4,49,6,3,85,95,6,3,1,EE,1
5.98,1,63,6,1,72,38,8,3,1,IT,1
6.19,7,35,4,2,98,31,6,0,2,IT,1
6.5,7,85,2,3,64,20,6,2,2,ECE,1
8.21,2,81,1,3,66,70,8,3,3,EE,1
8.0,10,45,3,2,91,69,2,0,1,IT,1
8.48,5,55,5,1,94,33,4,1,2,CSE,1
6.81,10,38,5,3,92,24,4,1,1,CSE,1
9.12,1,34,2,0,79,73,8,3,3,EE,1
6.02,5,50,2,3,57,67,7,2,2,IT,1
7.35,2,93,1,3,87,80,2,0,3,IT,1
9.0,9,31,4,3,83,50,1,5,1,ME,1
5.9,6,72,5,3,75,85,7,3,2,CSE,1
5.55,3,47,3,2,59,24,0,0,1,IT,1
9.42,4,35,2,2,84,99,4,0,1,IT,1
6.71,8,77,3,3,84,42,2,4,2,EE,1
8.42,5,65,1,3,92,91,2,2,3,ECE,1
5.13,5,53,4,2,63,91,5,0,1,ME,1
8.45,10,69,3,2,61,93,7,4,2,ME,1
6.58,7,100,2,1,82,69,8,5,2,IT,1
5.28,4,69,4,2,89,36,8,3,1,CSE,1
8.05,10,53,6,0,89,31,4,2,1,CSE,1
6.2,9,68,3,2,65,91,5,3,2,EE,1
6.93,6,98,6,3,56,56,2,1,3,CE,1
5.4,2,94,6,0,55,54,0,5,3,CSE,0
5.74,6,55,5,2,69,20,2,3,2,ME,1
6.49,2,30,2,2,63,95,2,4,3,ECE,0
5.45,9,81,5,2,87,85,8,1,3,EE,1
9.55,7,45,1,2,85,48,1,4,3,CE,1
5.03,5,42,2,0,79,52,3,5,2,CE,0
7.42,1,46,4,0,69,45,6,1,2,ME,1
5.62,2,78,5,1,91,93,6,5,3,ECE,1
6.54,2,44,1,3,94,68,2,0,2,ME,1
9.63,1,88,3,1,63,43,1,4,2,EE,1
5.81,5,52,2,2,88,63,0,5,2,EE,0
9.83,10,61,5,2,93,99,3,5,1,IT,1
6.03,5,98,1,3,96,37,1,3,3,EE,1
8.71,8,46,6,1,61,40,6,5,1,EE,1
7.73,9,83,2,2,84,75,0,5,2,CSE,1
9.42,9,62,4,2,88,31,3,4,2,CSE,1
7.77,5,73,5,2,56,84,8,5,3,EE,1
7.67,8,74,0,2,85,90,7,0,1,CE,1
5.98,7,82,6,3,74,72,0,1,2,CE,1
5.83,10,38,6,0,100,68,6,5,2,IT,1
9.58,6,54,3,3,85,32,7,3,1,IT,1
6.64,10,71,2,0,80,67,4,0,2,IT,1
6.86,6,49,0,1,89,43,3,2,2,CE,1
8.8,8,92,1,1,74,34,8,3,3,ME,1
6.69,2,48,6,1,79,83,1,0,3,ECE,1
9.76,1,82,5,1,79,74,7,1,1,ECE,1
8.69,8,42,2,3,92,85,1,2,3,EE,1
7.99,3,45,1,0,94,81,2,3,3,ECE,0
9.4,9,48,4,1,78,30,3,2,3,CSE,1
5.25,7,52,5,0,64,91,2,1,1,CSE,1
6.29,9,61,6,1,75,58,4,4,1,ME,1
7.33,6,92,4,0,70,43,4,2,3,ME,1
6.13,9,89,1,1,93,87,4,0,2,CSE,1
8.72,10,74,4,1,98,24,7,4,3,ECE,1
9.6,2,64,0,3,98,56,1,0,2,ME,1
7.12,3,76,3,0,60,31,8,0,1,EE,1
6.71,9,90,2,2,93,79,0,5,2,EE,1
9.81,10,37,6,3,73,44,0,0,2,ECE,1
7.22,9,56,0,0,91,22,3,0,2,ECE,1
7.45,10,68,4,3,92,47,4,0,2,ECE,1
6.76,5,64,6,2,88,32,3,2,2,CSE,1
9.55,2,97,1,1,87,22,2,4,2,ME,1
7.84,1,37,2,1,57,77,7,2,3,CE,1
8.81,10,81,4,3,79,86,6,2,2,CE,1
9.06,7,50,5,3,60,32,6,0,2,ME,1
6.71,7,48,1,2,95,90,2,0,1,CE,1
7.17,3,51,2,3,81,98,4,2,2,CE,1
9.24,8,52,4,1,73,97,2,3,3,CSE,1
6.82,8,38,2,3,86,46,0,2,3,EE,1
8.97,1,94,4,2,57,36,8,0,2,EE,1
9.7,6,54,6,0,65,66,5,3,2,CSE,1
8.12,2,60,4,3,99,48,5,1,1,CSE,1
8.71,1,48,2,0,81,52,6,2,2,ME,1
9.03,7,87,1,0,62,80,5,2,3,CSE,1
9.23,10,100,1,0,94,94,7,0,1,CE,1
6.98,5,88,2,2,59,62,0,1,1,CSE,1
5.26,5,66,3,2,66,26,3,5,3,CE,0
7.01,3,34,0,0,57,60,7,1,1,CSE,1
8.37,9,47,1,2,88,46,1,0,1,ME,1
7.25,4,64,2,0,63,98,5,4,2,CSE,1
8.74,7,63,3,0,81,40,6,5,2,ECE,1
6.78,2,96,6,3,98,44,2,3,2,IT,1
8.17,4,96,3,2,94,34,8,3,1,ME,1
5.93,9,33,1,2,75,63,8,5,3,ME,1
8.75,8,50,4,0,61,88,1,5,3,CSE,1
7.73,4,68,1,2,89,39,3,0,2,CSE,1
6.02,3,64,4,0,73,68,2,1,1,CSE,1
6.46,4,94,1,1,78,80,1,4,2,CE,1
8.74,5,62,5,2,75,76,1,3,1,ME,1
7.41,10,70,0,1,77,54,8,1,2,IT,1
6.08,3,42,6,2,82,96,7,3,1,CE,1
9.84,9,89,0,1,93,26,1,2,1,IT,1
8.58,6,63,2,3,65,32,4,4,1,ECE,1
9.79,1,78,0,1,74,86,0,3,3,ME,1
7.14,5,97,0,1,95,28,3,2,3,ME,1
7.38,5,69,6,0,99,54,8,1,2,IT,1
9.49,2,31,5,1,81,63,1,0,3,CE,1
7.63,8,70,0,0,93,63,2,0,2,IT,1
8.54,9,73,5,0,94,71,4,5,2,ME,1
6.26,9,56,5,0,82,82,3,5,2,EE,1
7.23,10,82,4,0,72,20,1,1,3,CSE,1
5.62,6,89,0,0,85,99,2,0,1,ME,1
6.03,6,91,6,1,67,31,1,1,3,CSE,1
5.0,8,94,5,1,59,55,0,3,3,CSE,1
5.2,5,50,4,0,69,89,4,1,1,CE,1
9.89,7,83,4,1,65,98,5,1,1,ME,1
6.21,2,90,6,0,65,46,5,1,2,ME,1
8.32,6,43,5,2,58,46,2,1,3,ME,1
9.2,7,49,4,1,92,37,0,1,1,ECE,1
7.75,6,56,6,1,93,97,7,4,3,ECE,1
5.77,9,86,4,0,77,34,6,5,3,CSE,1
8.64,2,47,5,0,92,40,0,2,3,ECE,1
8.0,5,92,5,3,81,22,3,0,1,ECE,1
8.66,2,80,5,0,87,40,1,1,1,CE,1
8.85,7,51,0,3,62,21,7,2,3,CSE,1
9.88,10,58,2,0,95,87,1,1,3,CE,1
7.87,9,71,5,1,99,47,1,2,3,ME,1
6.71,3,72,4,3,55,62,1,1,1,EE,1
8.24,1,34,0,2,67,43,1,3,1,CSE,0
5.34,1,79,4,1,100,39,3,4,3,CSE,0
9.49,5,51,2,1,88,66,2,0,2,CSE,1
5.6,1,88,4,1,96,84,8,4,3,ME,1
6.64,2,70,4,0,73,53,2,2,1,CE,1
9.08,10,53,2,0,83,68,3,1,3,ME,1
7.99,4,80,6,2,94,23,2,3,2,CE,1
6.97,6,93,3,3,71,83,7,1,2,EE,1
7.37,4,30,5,1,60,56,4,1,3,CE,1
9.27,6,95,1,0,70,46,1,1,2,CSE,1
6.7,6,85,0,3,98,32,8,2,1,ECE,1
9.35,1,76,0,0,63,83,7,4,2,EE,1
5.44,9,81,1,1,88,24,7,5,3,IT,0
8.88,5,78,2,0,76,89,8,1,1,IT,1
9.24,7,80,6,0,75,68,1,3,2,CE,1
5.91,5,95,1,3,91,33,3,4,2,ME,1
7.15,3,82,4,2,93,26,7,1,2,IT,1
5.83,2,48,1,2,58,38,3,0,1,CE,1
8.53,6,98,3,0,64,24,6,1,3,CE,1
7.68,5,62,6,2,93,46,5,2,1,ME,1
8.18,5,92,1,3,70,50,1,0,1,EE,1
5.98,5,44,1,0,59,95,5,5,2,CSE,0
6.06,6,61,2,0,100,53,2,3,2,EE,1
5.21,4,84,3,1,97,55,3,2,2,CE,1
6.61,6,98,6,2,93,28,5,5,2,EE,1
7.8,3,63,1,3,76,35,7,0,2,CSE,1
9.29,8,41,1,0,77,47,8,1,2,ECE,1
8.33,9,71,0,1,90,98,8,4,3,ME,1
7.18,5,86,5,3,59,69,2,5,3,IT,1
9.77,9,63,5,0,75,45,3,3,2,EE,1
8.6,3,59,3,0,89,99,7,3,1,CSE,1
9.65,5,39,0,0,85,59,0,2,3,EE,1
7.64,4,65,0,1,94,66,8,0,3,EE,1
6.29,3,48,0,0,90,97,0,3,3,IT,0
5.26,2,34,5,2,75,74,0,5,2,CE,0
8.63,7,82,5,2,63,38,3,2,1,IT,1
5.61,4,100,6,3,83,66,5,5,1,IT,1
6.51,5,78,0,3,100,74,2,5,2,CSE,1
7.66,2,72,5,1,85,24,3,1,2,EE,1
7.82,6,50,2,3,81,42,7,0,1,CE,1
8.0,1,52,6,0,80,82,0,4,1,ECE,1
5.83,6,35,3,1,82,24,0,4,3,ECE,0
6.9,5,34,1,2,87,87,7,5,2,ECE,1
8.09,7,64,4,0,74,77,6,5,1,EE,1
9.85,2,30,5,1,64,37,5,0,3,IT,1
8.64,7,91,0,2,98,85,7,0,2,ECE,1
9.61,9,51,6,1,80,53,0,2,2,ME,1
8.81,5,55,4,1,77,31,5,1,1,CSE,1
7.96,5,65,4,1,69,38,4,0,3,CSE,1
5.96,9,62,6,1,74,46,5,5,2,EE,1
8.33,2,76,4,0,86,96,5,3,1,IT,1
8.12,2,100,3,1,97,22,2,5,2,ECE,1
8.01,1,57,1,0,68,48,3,2,3,CE,0
7.45,2,95,1,0,94,20,8,2,1,ECE,1
7.64,1,54,5,2,77,65,4,2,1,ME,1
6.67,5,39,3,1,64,81,6,2,3,CSE,1
7.6,2,63,5,2,88,99,3,5,3,CE,1
5.99,6,33,2,0,59,95,5,2,2,CSE,1
9.03,9,61,4,0,56,34,0,2,2,IT,1
5.93,4,97,0,0,66,68,4,5,3,EE,0
5.42,5,58,2,2,77,36,2,5,1,CSE,0
7.18,3,59,6,2,71,45,3,0,2,ECE,1
8.29,1,90,4,3,67,76,1,5,2,IT,1
7.19,1,52,5,2,74,78,5,0,1,IT,1
6.38,5,58,1,3,57,65,8,1,3,EE,1
7.79,10,59,4,0,69,56,2,5,1,CSE,1
6.74,2,34,6,2,94,57,3,0,3,ME,1
9.66,2,98,0,0,55,88,2,3,3,ECE,1
9.61,7,53,0,1,69,23,4,0,1,EE,1
7.51,7,75,6,0,99,79,1,5,3,CE,1
6.64,1,52,1,1,76,91,3,1,2,CE,1
8.69,8,49,0,0,90,48,3,1,2,ME,1
5.18,1,65,4,3,67,76,0,0,3,EE,1
7.37,5,100,5,2,69,96,2,1,2,ME,1
6.68,2,72,6,1,99,73,2,2,3,CE,1
9.6,8,44,5,0,89,98,1,3,1,CE,1
5.06,6,78,1,1,84,59,5,1,2,ECE,1
7.76,5,64,4,2,81,51,8,3,1,ME,1
8.7,1,88,4,3,82,85,7,5,2,IT,1
7.43,6,40,5,2,69,90,1,2,2,CE,1
5.43,4,80,6,1,79,66,3,3,2,ME,1
9.86,4,35,2,0,80,84,7,0,1,ME,1
7.59,7,50,0,3,63,100,3,2,1,EE,1
8.07,3,85,3,2,71,20,2,5,3,IT,0
6.18,8,94,1,3,71,44,6,0,3,ME,1
7.42,9,78,6,0,87,96,2,1,3,CE,1
7.15,10,63,6,1,56,57,3,4,3,ECE,1
5.37,8,62,4,1,67,99,2,1,1,ECE,1
5.53,8,96,1,0,74,43,8,3,3,CSE,1
9.19,8,39,4,2,88,25,7,1,1,CE,1
6.2,8,90,5,1,94,72,1,5,2,EE,1
5.97,5,86,1,3,100,31,2,3,1,CE,1
7.52,3,94,0,2,97,28,6,0,3,IT,1
8.84,8,41,2,2,56,73,0,1,1,EE,1
5.31,5,93,5,0,56,87,3,1,1,CSE,1
7.88,7,57,0,3,70,79,7,3,3,EE,1
5.6,10,56,6,2,82,25,2,1,3,ME,1
5.18,10,98,3,3,89,60,7,2,1,ME,1
5.26,8,57,3,2,71,95,4,1,1,ME,1
9.17,4,72,4,1,94,98,4,2,3,ME,1
5.59,10,78,5,0,61,40,1,4,1,CE,1
5.23,7,30,6,1,93,63,5,1,3,CSE,1
7.19,5,38,2,2,70,72,4,5,2,IT,1
9.22,6,99,0,1,75,47,5,5,2,EE,1
6.31,1,63,3,1,99,52,5,5,1,CE,0
7.11,4,46,6,0,100,47,8,5,1,CSE,1
5.2,2,36,2,0,77,45,7,2,2,CSE,0
7.25,9,53,0,0,96,51,7,2,3,ECE,1
7.89,10,94,2,2,81,84,1,0,3,CSE,1
7.85,9,71,2,2,58,33,2,5,2,CSE,1
6.66,2,39,5,1,55,65,5,1,2,IT,1
6.58,4,67,5,1,56,32,7,1,1,ME,1
5.53,8,94,5,2,59,36,8,0,2,CSE,1
6.83,5,41,4,3,97,57,3,3,1,IT,1
5.5,6,73,2,0,82,83,5,3,2,ECE,1
8.83,1,73,1,3,64,84,0,5,2,ECE,1
9.83,4,36,4,3,74,78,2,2,3,IT,1
9.85,4,38,0,0,71,98,3,4,1,ECE,1
9.33,3,47,0,1,59,65,8,3,1,ME,1
8.0,9,47,0,2,65,77,6,3,1,CE,1
8.5,10,60,6,1,64,42,0,0,3,IT,1
6.43,3,93,3,3,99,28,8,4,1,EE,1
8.15,5,30,6,3,75,44,7,0,1,IT,1
7.28,9,85,5,3,78,68,4,2,3,ME,1
7.41,7,77,5,1,75,58,2,2,3,ECE,1
8.79,2,87,5,2,68,63,7,0,1,IT,1
6.41,4,32,5,0,83,22,8,2,1,CSE,1
6.59,4,55,3,1,84,36,1,5,3,EE,0
9.62,10,54,1,2,95,62,7,5,2,EE,1
5.28,3,98,5,2,94,72,7,3,1,CSE,1
7.43,1,45,0,1,98,56,3,4,2,CE,0
9.56,8,30,6,1,71,50,4,2,1,CE,1
8.05,10,46,6,3,70,22,8,3,3,CE,1
7.73,5,30,5,3,80,91,6,5,2,IT,1
6.25,9,70,6,2,93,69,1,1,2,ME,1
6.72,9,31,1,1,90,100,6,1,1,CE,1
9.26,6,86,1,3,82,79,8,5,3,CE,1
7.8,1,92,6,2,91,72,0,1,1,CSE,1
7.57,3,52,1,3,72,65,3,3,2,CSE,1
5.5,7,96,5,1,71,37,6,4,1,CE,1
5.08,7,35,4,3,87,45,0,4,2,CSE,0
9.82,9,40,2,3,63,76,6,5,1,ME,1
6.88,9,45,0,1,77,89,0,2,1,ECE,1
8.02,9,82,3,1,77,52,2,0,2,CE,1
5.4,6,33,2,0,99,97,4,1,1,ME,1
8.42,2,46,1,3,68,29,7,5,2,ME,1
9.66,7,80,0,0,67,38,7,1,2,ME,1
7.88,10,66,5,3,76,28,6,4,3,CE,1
5.63,1,32,5,2,98,87,7,0,3,CE,1
7.91,6,55,4,0,89,83,0,4,3,CSE,1
8.83,9,86,0,0,66,56,3,4,1,ME,1
7.03,4,41,2,3,63,51,5,4,3,ECE,1
9.4,4,51,0,0,61,21,7,1,2,IT,1
8.24,8,96,4,3,64,28,7,2,2,ME,1
9.5,1,52,3,1,87,100,2,2,1,CE,1
8.12,8,45,1,3,61,53,5,2,1,CE,1
5.66,6,61,2,2,92,84,1,4,3,CE,1
6.55,1,46,4,0,61,93,8,4,2,ECE,1
6.01,5,93,6,2,69,35,3,3,2,EE,1
9.54,6,48,2,0,57,82,2,4,1,EE,1
8.8,1,74,1,3,85,20,6,1,3,IT,1
8.38,1,93,2,3,67,78,4,5,1,ME,1
6.5,8,71,4,0,83,93,2,0,2,CSE,1
5.92,3,80,4,0,70,34,2,0,1,CSE,1
8.78,10,56,0,2,57,40,4,4,3,IT,1
7.37,3,61,1,0,59,31,0,5,2,IT,0
6.13,1,94,6,3,90,22,8,4,2,EE,1
8.08,5,44,1,1,94,73,4,1,3,IT,1
5.2,3,68,3,3,99,89,0,1,2,ME,1
6.63,9,32,6,3,70,46,7,0,2,CE,1
7.34,8,60,2,2,93,22,3,1,2,CE,1
5.74,2,65,5,0,92,27,2,5,1,ECE,0
9.92,2,46,3,0,98,89,7,1,3,EE,1
6.05,9,74,6,2,95,71,3,4,2,ECE,1
5.65,7,36,1,2,99,60,7,1,3,CSE,1
6.02,10,54,2,0,92,68,1,4,3,CSE,0
8.85,1,74,0,1,67,73,7,5,1,ECE,1
7.13,7,87,0,1,100,76,4,0,3,ECE,1
7.83,9,31,2,1,98,83,1,5,2,ECE,1
5.11,9,36,6,1,64,65,8,3,3,CSE,1
5.17,4,48,0,1,58,33,3,2,3,CE,0
7.23,10,30,3,1,69,37,2,2,3,IT,1
9.08,7,72,5,1,73,69,2,1,2,CE,1
9.43,2,34,4,3,83,97,4,2,3,CSE,1
5.43,9,46,3,3,67,47,3,0,3,CSE,1
7.69,3,99,4,1,71,97,1,5,1,CSE,1
9.57,9,57,5,3,81,97,5,3,1,IT,1
6.94,8,31,0,3,73,59,0,0,3,IT,1
9.15,10,42,0,2,74,71,0,1,2,EE,1
5.67,5,99,3,2,86,35,3,3,1,ME,1
9.68,6,34,0,0,59,62,1,0,1,ECE,1
8.76,7,45,0,2,81,100,4,5,3,ME,1
9.71,5,100,5,3,85,24,8,0,2,EE,1
8.38,8,64,2,2,81,60,8,4,2,ME,1
6.82,6,72,4,1,66,39,5,0,3,ME,1
9.69,3,61,0,3,66,42,3,2,2,IT,1
6.38,6,94,2,0,91,24,4,0,1,ECE,1
6.66,1,66,0,1,74,84,3,0,1,IT,1
8.5,10,60,0,3,84,90,3,0,3,CE,1
8.83,6,37,2,3,75,79,3,2,2,EE,1
9.65,5,36,0,0,75,44,6,5,2,ME,0
6.02,9,81,2,2,88,31,5,3,3,EE,1
8.99,1,88,1,0,95,31,2,4,1,EE,1
8.69,10,66,6,3,59,55,4,2,1,IT,1
5.32,5,47,5,0,66,77,2,3,2,IT,0
6.94,1,91,2,2,76,24,3,1,2,EE,1
6.41,6,49,6,3,64,46,5,2,2,CSE,1
6.52,10,79,2,2,94,44,5,3,2,ME,1
9.91,3,83,3,3,81,94,1,3,2,EE,1
8.21,10,82,6,0,82,91,2,0,2,ECE,1
8.59,1,87,5,1,68,60,2,0,2,ECE,1
9.88,3,66,1,0,81,22,1,0,1,ECE,1
6.89,2,32,0,1,79,23,2,0,3,IT,0
9.01,5,64,4,0,96,43,0,1,3,ME,1
7.17,6,70,3,3,79,66,4,0,3,CE,1
9.35,4,43,6,1,84,43,3,0,1,ME,1
5.9,8,89,3,2,55,87,5,3,1,IT,1
9.74,4,55,1,3,86,93,7,4,2,CE,1
6.09,3,71,3,3,65,49,7,2,3,CSE,1
6.63,4,67,2,2,75,96,6,1,3,IT,1
8.78,3,40,4,0,57,85,3,2,2,ECE,1
6.97,3,70,5,1,59,79,8,0,2,EE,1
8.04,8,76,6,2,87,91,1,5,1,CE,1
7.22,7,96,6,3,100,90,5,5,3,ME,1
8.71,5,36,2,2,87,99,2,2,3,IT,1
6.14,3,61,2,0,80,72,4,2,2,EE,1
5.29,3,74,6,1,73,38,4,0,3,EE,1
6.5,10,77,5,0,66,87,5,5,2,CE,1
7.37,7,83,2,0,98,75,7,5,1,ECE,1
5.84,8,42,5,0,99,61,0,5,3,ECE,0
6.77,6,42,5,1,89,94,0,1,3,EE,1
7.0,6,78,1,2,66,57,2,1,2,ECE,1
5.29,3,84,0,3,100,76,1,5,2,EE,0
7.92,1,63,4,2,98,29,1,0,1,CE,1
9.42,10,94,4,3,68,69,6,1,2,CSE,1
5.76,9,38,5,2,76,90,5,5,1,ECE,1
7.99,4,93,4,1,78,22,3,1,1,CSE,1
8.32,5,31,6,0,82,33,0,4,2,ECE,1
7.1,5,52,2,2,67,40,7,0,2,EE,1
8.51,3,37,3,3,74,97,2,3,2,ME,1
7.05,8,89,5,1,84,54,2,2,2,IT,1
7.52,5,88,0,0,70,38,6,0,1,CE,1
5.04,5,32,4,0,78,21,4,0,2,EE,1
8.46,4,50,1,1,78,85,5,2,3,IT,1
8.31,5,37,1,0,64,94,1,2,2,CE,1
5.19,3,31,0,3,69,60,1,4,1,CE,0
6.84,8,94,4,1,59,88,0,2,3,ECE,1
9.9,2,51,1,3,76,94,1,1,3,ME,1
7.1,9,99,1,1,88,62,5,3,3,ME,1
7.51,2,72,4,1,60,68,3,0,1,EE,1
9.55,10,84,5,3,73,69,8,5,1,CE,1
8.59,10,60,6,1,92,24,1,2,1,CE,1
7.91,8,31,1,0,81,92,1,1,1,EE,1
8.99,10,80,1,0,75,50,0,2,1,IT,1
9.32,6,82,5,1,85,35,2,0,2,ECE,1
7.28,4,94,4,2,59,41,3,1,3,CE,1
7.38,5,49,1,0,56,77,5,3,3,ECE,1
6.93,2,62,2,2,78,95,4,4,2,IT,1
9.83,1,91,0,1,59,54,0,0,2,IT,1
8.49,8,79,6,2,62,80,2,1,1,ECE,1
5.42,10,94,1,1,87,37,0,3,3,IT,1
9.31,7,79,3,3,97,20,3,2,2,CSE,1
7.4,7,44,4,3,57,86,7,1,3,CSE,1
5.34,3,30,4,3,85,93,5,0,1,CE,1
7.75,8,82,6,0,73,41,8,4,3,ME,1
7.09,5,48,2,3,100,42,2,0,2,CE,1
9.39,4,92,1,2,76,25,0,4,1,CSE,1
6.02,10,73,2,3,78,61,5,1,1,ECE,1
9.13,5,69,4,3,87,32,2,4,3,CE,1
7.79,2,42,6,3,80,98,7,4,2,IT,1
5.27,2,56,3,0,89,84,4,0,3,CSE,1
9.86,2,37,6,3,59,97,0,5,3,CE,1
7.56,4,73,1,3,96,100,0,3,2,CSE,1
6.45,9,86,5,2,75,35,5,2,1,CE,1
7.35,5,60,5,3,70,38,4,3,1,EE,1
9.29,4,47,1,1,94,38,1,1,3,CE,1
6.52,2,69,4,3,66,29,2,2,3,ME,1
5.96,5,56,1,3,99,59,3,3,3,EE,1
5.65,4,80,1,1,88,66,5,4,3,ME,0
6.49,2,87,4,2,60,73,5,0,1,IT,1
8.9,6,70,2,1,63,100,3,0,3,IT,1
7.36,9,89,5,1,71,83,4,5,3,CSE,1
6.14,8,94,4,2,86,96,3,4,1,EE,1
5.83,9,48,0,3,80,88,6,4,3,CSE,1
6.66,10,44,2,2,78,40,2,4,3,CE,1
9.7,3,56,1,2,69,88,5,5,2,EE,1
6.72,3,42,0,2,74,40,7,4,3,ME,0
9.94,3,46,0,1,76,34,2,2,1,ME,1
7.43,2,36,4,2,63,45,7,3,1,CSE,1
5.9,6,42,1,0,73,69,5,5,3,ECE,0
9.46,10,74,0,2,84,32,2,5,3,ME,1
7.3,2,69,3,0,59,26,0,1,2,ECE,1
8.55,8,94,2,2,57,74,7,2,3,ME,1
9.92,10,83,0,0,66,29,5,3,2,CSE,1
5.25,5,33,4,1,74,57,1,2,1,CSE,1
5.48,7,75,0,0,83,72,7,0,2,CSE,1
8.6,6,42,1,1,55,57,4,4,1,EE,1
6.41,3,68,2,2,81,29,5,0,1,IT,1
5.92,8,58,5,0,81,34,7,2,2,ECE,1
5.2,4,75,1,2,83,74,6,5,3,IT,0
5.11,4,53,1,2,70,62,8,1,1,ECE,1
8.87,6,59,5,0,98,26,4,5,2,ME,1
5.67,9,70,5,2,68,94,0,3,2,CE,1
7.34,2,56,1,0,73,59,1,2,2,EE,0
8.03,4,81,0,1,92,74,8,0,1,CSE,1
7.14,3,86,0,3,61,21,0,5,2,IT,0
5.14,8,68,3,3,63,94,7,2,3,ME,1
8.92,2,30,4,0,67,94,4,4,3,CE,1
5.05,7,54,6,2,63,30,6,5,1,ME,1
8.81,9,30,4,2,73,63,5,4,1,CSE,1
9.47,9,38,0,0,71,73,2,1,2,ME,1
7.16,7,64,6,2,86,80,7,3,2,CSE,1
7.68,6,46,3,2,63,81,2,0,1,CSE,1
7.38,6,100,4,2,92,98,2,5,2,ME,1
6.95,8,80,0,2,58,49,1,2,3,ME,1
9.44,7,86,5,2,72,52,7,5,3,IT,1
9.47,8,64,4,2,58,55,8,1,1,IT,1
6.68,2,77,6,2,97,84,4,2,1,ME,1
8.08,3,72,5,3,92,48,5,5,3,ECE,1
9.63,8,72,5,2,99,63,3,0,1,EE,1
9.81,7,48,1,3,94,85,1,1,2,EE,1
7.54,8,50,1,2,72,67,8,4,1,IT,1
7.26,5,30,5,2,92,60,3,4,1,IT,1
6.39,7,87,6,3,71,37,6,1,2,EE,1
9.79,4,50,0,1,63,82,6,2,1,EE,1
5.71,10,57,0,3,93,94,7,0,1,CSE,1
7.9,5,78,5,0,82,38,6,1,3,ME,1
6.41,10,66,2,1,92,29,0,2,3,EE,1
6.4,9,75,6,0,58,25,5,5,2,CE,1
7.02,9,84,5,1,81,32,4,0,3,CSE,1
9.99,9,57,3,2,81,29,5,4,1,ECE,1
5.27,2,41,0,2,55,71,6,5,3,ECE,0
7.89,9,100,0,3,98,79,5,0,1,EE,1
5.41,2,52,1,0,73,20,0,2,2,EE,0
5.77,10,53,1,3,72,36,3,1,3,EE,1
7.2,2,93,1,1,68,93,4,1,3,ECE,1
7.55,2,97,2,3,98,35,1,2,1,IT,1
6.29,1,96,1,3,91,59,0,0,2,CE,1
6.58,2,84,4,1,74,27,6,4,2,EE,1
5.43,10,48,1,1,64,64,8,0,2,IT,1
6.52,5,53,4,0,94,90,4,4,2,ECE,1
9.83,1,44,5,1,85,56,5,1,2,EE,1
9.72,2,53,3,1,100,24,0,5,1,CE,1
6.67,6,44,4,3,82,69,2,2,2,CSE,1
7.85,4,58,2,0,55,94,2,1,2,CSE,1
9.55,7,69,2,2,90,36,8,2,1,CSE,1
5.03,4,67,0,0,65,77,7,0,2,IT,1
9.05,8,87,3,1,56,56,0,2,1,CSE,1
9.74,2,31,5,1,65,91,7,3,1,EE,1
5.46,8,77,4,1,65,62,7,4,3,ECE,1
5.81,3,53,4,0,68,33,3,0,2,EE,1
9.8,4,35,4,2,71,84,8,0,2,ECE,1
7.69,8,33,4,3,75,81,0,5,3,ME,1
5.07,8,97,2,0,57,100,1,2,1,CSE,1
6.29,4,83,1,3,100,99,3,3,2,CE,1
7.25,3,40,1,2,78,80,7,0,2,CSE,1
8.46,10,96,0,1,65,22,8,4,2,CE,1
8.67,7,47,3,0,88,68,3,1,2,ME,1
9.98,10,70,3,0,62,80,4,1,1,EE,1
6.44,7,37,3,0,74,33,2,5,3,ECE,0
7.69,10,84,3,3,85,41,5,4,1,EE,1
7.67,6,88,4,3,71,73,1,0,3,CSE,1
7.03,5,58,2,1,64,65,7,3,3,CE,1
5.85,2,69,4,0,70,56,7,4,3,CE,0
9.89,6,46,4,1,66,51,3,0,3,ME,1
9.27,9,98,0,1,65,91,5,5,2,ECE,1
7.49,2,98,1,0,99,28,8,2,1,CE,1
8.02,7,75,4,1,96,56,5,3,1,CE,1
6.14,7,88,5,1,63,71,0,0,1,EE,1
7.72,10,98,4,2,89,98,8,2,2,CSE,1
8.47,1,55,1,0,63,60,0,1,2,EE,1
7.58,6,71,3,0,77,36,6,0,2,CE,1
9.95,3,99,2,1,94,85,7,5,1,EE,1
8.06,7,90,2,3,92,62,8,3,1,IT,1
6.85,7,68,4,1,83,83,2,5,1,CE,1
8.86,4,93,4,1,97,44,4,1,3,CE,1
5.85,7,60,5,1,77,23,1,4,2,CE,0
6.92,4,50,6,1,91,48,6,1,3,IT,1
6.73,5,48,3,1,79,59,4,0,3,IT,1
7.16,3,97,6,1,69,24,1,3,2,EE,1
8.91,2,35,6,3,69,91,5,0,1,ECE,1
7.42,9,57,4,0,65,68,6,3,1,IT,1
8.97,1,35,3,0,61,100,2,2,2,ECE,1
7.88,1,96,0,1,67,54,5,5,3,CE,0
6.71,10,96,0,0,63,73,8,0,2,CSE,1
9.05,7,30,4,3,87,21,2,0,1,CSE,1
6.19,3,90,3,3,56,23,0,0,3,CSE,1
6.12,6,80,0,3,72,32,4,4,3,ECE,1
7.52,1,64,6,0,90,76,1,1,3,ECE,1
6.3,4,93,1,3,83,66,4,2,3,ME,1
5.05,8,71,1,1,61,27,3,4,2,EE,0
8.24,2,38,6,3,81,50,6,5,3,CE,1
7.56,6,37,6,1,64,71,8,1,3,CSE,1
7.23,4,30,4,1,98,77,5,2,2,CE,1
9.83,3,45,4,3,86,48,8,2,2,CE,1
7.86,9,74,0,2,91,83,5,4,2,IT,1
9.32,10,58,3,0,71,56,5,1,1,EE,1
5.7,8,65,1,0,75,50,4,3,2,IT,1
7.85,9,36,0,3,67,47,7,0,1,ECE,1
9.34,4,62,2,0,76,33,5,2,2,CSE,1
7.92,3,90,0,0,84,50,2,4,2,ME,0
8.59,5,81,3,0,89,22,5,1,3,CE,1
6.86,7,57,1,2,74,46,8,1,2,ECE,1
5.46,9,83,1,3,57,92,4,1,1,CSE,1
7.29,7,82,4,2,60,25,3,5,2,ME,1
6.97,5,86,3,3,60,46,5,0,3,ECE,1
9.34,4,55,6,1,81,95,1,5,2,EE,1
6.22,7,61,5,0,56,26,1,1,2,ECE,1
9.83,6,63,5,3,57,38,3,0,3,EE,1
9.79,4,74,1,3,81,49,8,2,1,ME,1
6.24,7,36,3,2,92,27,5,0,2,IT,1
6.74,1,37,6,1,84,74,6,1,1,ME,1
9.48,2,30,4,2,59,78,6,5,3,CE,1
9.83,3,92,2,0,76,69,5,0,1,CE,1
7.22,8,68,4,0,73,32,1,0,1,IT,1
6.6,10,59,4,0,60,45,1,2,2,ECE,1
7.63,9,72,6,2,96,54,7,5,1,ME,1
8.44,7,88,5,0,69,75,1,2,2,CSE,1
6.37,8,37,5,3,66,97,4,1,1,IT,1
8.68,3,64,5,1,87,42,6,0,3,CSE,1
5.26,5,83,3,0,58,42,5,4,3,ME,0
5.25,10,95,2,2,70,28,4,3,2,ME,1
6.93,5,85,3,3,66,100,8,5,1,CSE,1
6.77,9,47,3,3,88,40,4,1,3,EE,1
6.58,1,68,1,1,58,34,7,5,3,ECE,0
7.46,9,72,3,1,83,86,2,1,3,EE,1
6.6,1,87,6,2,64,56,3,5,2,CSE,1
5.96,2,91,1,2,98,54,7,5,1,ME,1
6.55,1,87,1,3,85,75,5,1,2,ECE,1
9.87,4,48,4,1,82,50,4,2,2,EE,1
7.06,10,71,1,3,100,64,4,1,1,ECE,1
7.22,10,73,2,2,57,31,3,4,3,ME,1
7.88,1,72,4,0,93,73,5,4,2,CE,1
9.92,6,30,6,1,70,39,1,5,3,EE,1
6.21,9,57,0,3,64,59,5,4,1,CE,1
8.41,10,47,3,3,82,27,8,2,1,ECE,1
8.58,10,78,4,0,61,86,6,0,2,IT,1
8.04,3,40,2,2,56,41,3,5,1,CSE,0
5.44,9,40,2,1,91,98,2,0,3,IT,1
8.38,4,75,6,3,95,55,1,4,2,IT,1
5.32,7,36,2,2,57,88,1,2,2,CSE,1
7.98,9,30,0,3,85,60,0,3,2,CE,1
8.7,5,43,2,2,87,72,6,5,3,CSE,1
6.05,2,60,2,1,56,70,7,1,1,CSE,1
9.21,2,82,3,0,83,38,1,0,3,CSE,1
5.15,9,72,5,0,73,81,4,3,3,CSE,1
9.22,6,60,6,3,62,51,1,0,2,EE,1
7.3,2,40,1,2,79,57,1,5,2,EE,0
6.09,4,91,6,1,100,75,7,5,1,IT,1
5.67,1,38,5,3,68,71,5,1,3,IT,1
9.77,9,75,4,1,83,46,4,0,3,ECE,1
5.36,4,76,1,2,64,85,2,2,1,ECE,1
6.0,5,91,2,1,78,33,6,3,2,ECE,1
6.74,8,39,4,0,97,92,8,4,2,CSE,1
8.1,3,72,0,1,89,87,4,2,2,CSE,1
7.72,4,77,4,2,66,47,3,1,3,ECE,1
5.63,1,37,6,3,86,51,2,5,2,IT,0
6.45,3,55,6,1,63,100,6,1,1,EE,1
6.19,2,30,4,0,100,56,0,1,1,IT,1
6.07,4,90,3,3,83,70,4,2,3,IT,1
7.06,8,91,3,1,84,22,5,0,2,EE,1
8.52,6,33,2,1,97,87,7,3,2,EE,1
6.09,7,92,2,3,57,98,0,3,3,ME,1
6.83,4,86,2,1,86,47,3,4,3,ME,1
6.95,5,83,3,3,82,42,7,0,2,IT,1
9.88,3,30,6,1,91,89,1,5,1,EE,1
9.77,7,91,1,3,70,75,8,4,3,ME,1
9.0,5,36,0,1,77,68,1,2,2,CE,1
6.21,1,40,3,0,75,25,5,3,3,ME,0
5.34,6,92,3,3,82,36,2,4,3,ECE,1
6.58,2,93,3,0,59,38,4,2,1,ME,1
6.33,7,71,4,3,99,22,5,2,1,ECE,1
7.53,7,49,2,3,78,60,2,4,1,ME,1
8.89,4,83,2,3,78,97,8,2,1,ECE,1
9.29,10,81,0,3,68,83,1,1,1,CSE,1
9.22,6,98,1,0,67,26,0,0,1,ME,1
6.8,5,47,4,2,80,67,3,0,2,EE,1
8.44,4,49,5,3,87,55,1,1,1,CE,1
6.56,3,60,6,0,81,63,7,3,2,IT,1
5.3,7,69,6,0,96,51,1,0,1,ECE,1
8.51,4,60,0,2,89,45,7,4,2,ME,1
5.05,9,55,5,1,74,78,8,4,2,ECE,1
7.05,7,66,4,2,86,60,2,2,2,IT,1
6.65,9,66,3,3,62,99,4,1,1,CSE,1
8.47,7,73,4,3,90,50,8,1,1,CE,1
8.83,3,33,5,1,56,45,8,4,3,EE,1
6.52,3,47,3,3,77,95,4,1,1,CSE,1
9.06,7,35,1,0,85,49,1,2,2,CSE,1
6.47,5,88,1,3,77,56,5,3,1,ECE,1
7.23,1,61,5,0,100,77,1,3,3,CE,1
8.64,9,38,5,3,88,51,6,2,3,CE,1
8.46,9,86,0,2,86,61,2,1,2,EE,1
9.94,6,98,3,3,62,61,7,5,2,ME,1
6.13,3,82,0,1,95,33,8,3,2,ME,1
8.31,2,77,4,3,64,45,3,5,3,EE,1
8.05,5,39,2,1,73,74,1,5,1,CSE,0
9.58,2,37,5,0,96,56,3,3,3,IT,1
5.78,8,62,6,3,70,75,4,3,1,CE,1
8.76,3,50,6,1,78,22,1,0,1,EE,1
7.84,8,54,3,2,70,95,6,4,3,IT,1
6.37,8,55,6,1,79,42,3,5,2,ECE,1
7.37,6,71,3,1,59,94,3,5,1,ECE,1
6.67,10,52,3,0,93,67,7,3,1,IT,1
7.9,8,83,5,3,69,59,0,4,2,IT,1
9.45,9,80,6,0,73,93,2,4,1,CE,1
7.85,9,66,6,0,72,48,7,2,3,CSE,1
8.16,5,94,6,3,73,89,5,0,2,EE,1
7.59,9,35,6,3,80,72,5,5,1,CSE,1
5.26,1,50,0,0,97,94,0,5,1,IT,0
6.16,1,35,3,2,57,30,5,0,1,ME,1
7.46,6,41,6,3,62,36,8,5,3,CE,1
6.55,8,54,2,3,59,67,5,5,2,CSE,1
5.91,2,57,4,0,80,85,7,0,1,ME,1
7.52,7,77,3,1,60,51,8,4,2,ECE,1
6.61,2,85,5,0,55,72,5,1,1,IT,1
6.29,6,65,1,1,79,61,7,0,3,CSE,1
7.32,7,54,0,0,84,69,0,0,3,ECE,1
5.67,9,68,3,3,78,20,1,1,3,CSE,1
9.64,3,78,5,2,65,27,6,4,3,EE,1
9.34,4,95,3,1,65,25,2,3,2,ECE,1
8.54,7,63,0,2,99,38,3,3,1,ME,1
5.53,3,32,3,2,92,56,8,2,3,ECE,1
8.88,3,36,6,1,89,38,3,3,2,CSE,1
9.04,9,79,5,0,71,79,7,3,3,ECE,1
8.84,9,63,1,1,97,88,0,2,2,EE,1
5.57,3,90,3,0,90,67,0,2,2,CSE,1
8.22,3,47,1,3,56,97,3,1,1,ECE,1
9.17,9,74,4,3,71,33,4,5,1,CSE,1
7.89,2,82,0,1,56,86,1,1,3,ECE,1
8.23,3,95,2,1,98,26,5,2,1,ECE,1
7.29,3,52,5,0,71,85,6,4,2,CE,1
7.64,8,78,5,3,99,50,7,0,3,ECE,1
5.17,1,78,4,2,57,83,3,2,2,ECE,1
8.19,5,68,0,0,75,40,3,2,2,ECE,1
5.41,5,80,4,3,82,100,4,5,2,CE,1
7.18,10,77,1,2,89,93,5,2,1,ME,1
6.46,4,54,4,2,65,86,6,2,3,EE,1
7.73,5,80,4,1,100,70,4,0,3,CE,1
5.67,1,77,1,2,71,72,4,2,3,IT,1
8.46,4,99,4,0,80,44,3,5,3,CSE,1
8.98,8,46,6,3,99,74,7,3,1,ECE,1
5.82,5,58,5,0,57,97,8,4,3,CE,1
5.52,2,33,2,0,76,21,1,4,2,IT,0
5.73,9,96,0,2,60,39,4,4,2,EE,1
9.39,7,97,4,3,65,79,6,0,3,IT,1
7.64,1,47,3,0,65,85,6,3,1,ME,1
7.34,9,76,4,0,97,30,6,4,1,CSE,1
5.53,7,97,4,1,65,64,4,1,3,IT,1
8.25,3,87,1,3,55,68,8,4,2,CE,1
9.34,8,91,6,3,97,63,2,5,1,EE,1
9.14,10,87,0,0,64,52,3,2,1,EE,1
8.13,5,60,6,0,57,80,1,0,3,ME,1
5.38,2,73,5,1,94,48,8,0,3,EE,1
5.56,8,85,3,3,93,36,7,1,3,CE,1
5.25,9,100,6,3,68,96,8,5,3,CSE,1
6.29,1,93,5,2,84,62,8,1,1,EE,1
5.68,1,67,0,2,97,22,7,2,2,ECE,1
6.3,10,33,3,1,93,91,4,2,1,ECE,1
6.93,10,96,6,2,67,93,4,3,3,EE,1
9.71,4,57,4,2,64,23,8,5,2,IT,1
8.05,1,63,6,3,95,42,5,4,1,ME,1
9.17,1,87,6,3,97,64,1,1,2,CSE,1
8.55,7,55,1,3,83,43,4,3,1,EE,1
5.56,5,30,0,2,97,73,6,4,1,ME,0
8.68,2,56,2,0,73,62,6,4,2,EE,1
6.38,1,97,6,2,97,58,1,2,1,CSE,1
8.2,10,81,0,1,72,88,1,0,2,ECE,1
6.7,8,35,1,3,68,83,4,3,3,ECE,1
9.99,7,85,1,1,65,97,6,0,3,IT,1
6.32,6,41,5,0,76,72,3,2,2,CSE,1
6.4,7,96,3,0,86,84,8,4,1,ECE,1
9.65,2,64,1,2,61,33,4,3,2,ME,1
5.12,2,97,2,2,93,47,0,3,3,ECE,0
8.48,9,44,3,0,66,85,1,3,1,EE,1
8.63,9,41,6,0,82,31,6,4,1,EE,1
9.18,5,97,2,1,83,78,6,5,2,CSE,1
9.87,8,63,3,2,100,46,8,1,3,CE,1
9.88,8,59,4,0,80,63,3,2,1,CE,1
5.33,6,99,4,0,72,21,3,4,2,CSE,0
9.11,9,56,0,0,56,68,2,5,2,CE,1
8.23,5,84,4,2,69,70,1,5,2,ME,1
8.24,1,78,3,3,80,46,4,1,3,CSE,1
5.64,6,47,6,1,92,64,1,1,1,CE,1
8.25,3,61,4,3,76,74,8,4,3,EE,1
9.91,4,68,0,0,90,25,6,2,2,CE,1
9.56,2,45,2,0,98,51,2,3,1,ECE,1
7.2,10,50,0,3,73,69,6,5,3,CE,1
5.2,3,61,1,1,79,93,7,3,2,CSE,1
6.81,7,46,1,1,86,53,7,3,3,CE,1
9.13,8,96,6,2,85,84,4,1,1,ECE,1
8.51,7,71,6,0,60,87,1,5,1,CSE,1
7.3,4,88,3,0,68,34,6,5,2,ECE,1
5.28,3,50,1,2,95,46,8,0,3,ME,1
7.13,4,71,0,2,61,31,1,4,2,CE,0
7.35,4,80,2,0,70,80,0,4,2,CE,0
9.64,1,57,3,2,57,74,3,1,1,IT,1
8.21,7,85,6,2,69,80,1,5,3,ME,1
6.56,5,33,2,3,74,52,0,5,1,ECE,0
7.63,9,50,4,2,58,87,0,0,1,EE,1
5.33,5,84,6,1,65,47,8,4,3,CE,1
9.86,2,54,1,3,81,49,8,3,2,IT,1
6.8,7,46,0,0,74,60,4,4,3,ECE,0
7.39,1,100,0,1,88,62,0,4,1,CE,0
6.78,8,68,5,1,81,49,6,2,2,ECE,1
8.41,1,80,0,2,64,86,8,1,1,EE,1
8.31,1,60,6,0,55,90,8,5,1,ME,1
8.58,3,64,6,1,65,53,1,3,2,EE,1
6.34,6,49,3,0,95,49,0,1,2,ECE,1
6.58,7,48,4,1,81,44,5,4,1,CE,1
5.63,10,96,4,1,60,77,5,2,3,IT,1
8.28,9,32,4,0,85,34,8,3,3,EE,1
5.2,1,48,2,2,100,27,7,4,1,EE,0
7.99,9,51,1,0,88,52,7,0,1,ME,1
9.35,6,79,6,3,70,56,1,5,3,EE,1
9.45,4,39,4,3,74,79,8,1,3,EE,1
7.25,9,71,2,2,79,60,6,3,1,CSE,1
7.3,3,77,3,2,75,73,6,1,1,CSE,1
5.38,1,71,4,0,99,73,7,5,1,CE,0
8.35,6,53,3,0,85,84,8,5,3,ECE,1
9.11,7,80,3,2,99,98,8,5,3,IT,1
6.22,2,88,0,0,82,70,5,0,1,CE,1
7.11,3,45,2,2,84,86,7,0,1,IT,1
9.19,6,82,4,3,60,99,8,4,3,ECE,1
9.39,9,31,2,1,85,60,0,0,3,ECE,1
6.22,5,90,5,1,75,23,1,2,2,IT,1
7.75,4,73,2,2,77,53,6,2,2,EE,1
5.96,10,96,0,3,84,65,7,2,2,ME,1
5.51,5,53,6,2,78,82,8,2,3,ME,1
9.56,9,71,6,1,93,52,4,4,3,EE,1
9.1,5,45,0,3,84,90,0,5,2,ME,1
8.8,3,56,3,3,95,80,5,5,1,ME,1
5.24,4,79,6,2,63,79,8,2,2,EE,1
9.22,3,61,1,2,77,20,5,5,1,ME,1
7.19,6,59,0,1,77,74,8,5,2,CE,1
6.71,8,37,3,3,79,60,5,4,1,CE,1
7.73,9,31,2,1,88,96,8,5,1,IT,1
5.46,2,33,0,2,96,79,6,0,3,EE,1
8.78,9,53,5,0,72,86,2,4,2,ECE,1
7.91,1,88,4,0,80,64,4,1,2,CE,1
5.93,10,38,5,2,73,79,2,0,3,ME,1
5.94,8,70,5,0,96,98,3,1,1,CSE,1
5.92,8,37,0,0,90,53,0,2,1,EE,0
5.29,8,93,1,3,65,35,4,3,3,CSE,1
7.94,5,53,4,0,82,89,5,1,1,IT,1
9.2,6,59,4,2,76,26,3,3,3,ECE,1
5.09,1,88,6,0,98,20,0,5,3,EE,0
5.25,2,100,2,2,93,20,5,1,3,CE,1
7.86,9,57,1,0,55,55,0,3,1,CSE,1
9.1,3,49,3,1,69,77,2,2,2,ECE,1
6.63,8,34,6,0,82,20,5,3,1,EE,1
6.75,7,100,6,0,58,97,6,0,1,CSE,1
7.98,5,59,4,0,94,96,3,5,2,CE,1
6.37,1,80,0,3,80,36,8,5,2,CE,0
5.13,10,84,3,3,100,57,7,4,1,ECE,1
8.68,3,79,1,0,58,31,5,4,2,IT,1
8.13,4,95,5,3,58,42,1,3,2,EE,1
7.9,8,53,2,0,72,49,1,0,3,CE,1
8.71,3,39,0,0,98,46,4,0,3,CE,1
8.38,6,45,1,0,64,86,7,1,2,CSE,1
6.03,5,55,5,0,60,36,8,5,1,ME,0
6.76,9,43,4,0,62,77,0,3,2,EE,1
5.63,1,72,2,3,57,61,5,1,1,ME,1
5.65,6,95,6,1,100,99,4,5,3,CSE,1
8.38,6,31,6,0,100,48,1,1,1,CSE,1
9.29,9,95,6,1,81,98,1,3,1,CE,1
9.81,6,52,3,1,78,28,1,0,1,ME,1
8.14,3,41,3,2,60,50,2,1,1,CE,1
5.92,5,49,2,3,100,25,2,2,2,CE,1
5.53,10,78,3,0,69,81,5,1,3,CE,1
9.06,2,89,3,2,62,73,6,2,3,ME,1
7.89,5,60,3,2,73,53,2,2,2,EE,1
8.09,3,79,6,3,76,65,6,2,2,IT,1
8.91,2,66,0,1,94,71,2,3,2,CE,1
8.52,8,98,2,0,77,35,5,3,1,EE,1
9.17,7,93,5,2,94,62,5,0,1,CSE,1
5.28,8,94,3,1,78,66,3,4,3,IT,1
8.74,9,81,2,0,61,52,4,5,1,ECE,1
9.25,3,73,5,0,74,47,0,4,3,ME,1
6.43,1,86,0,0,87,57,8,4,1,CSE,0
8.2,9,48,6,3,56,20,0,2,1,EE,1
6.57,7,70,2,2,86,71,7,5,1,EE,1
9.79,10,47,2,1,57,28,3,4,3,ECE,1
5.17,8,33,3,0,62,60,0,5,1,CE,0
7.9,7,96,1,1,100,74,6,3,1,IT,1
5.83,2,72,2,1,86,100,2,5,1,IT,0
8.56,8,92,5,3,97,52,4,4,1,ME,1
5.88,5,55,3,3,94,23,1,5,3,CE,0
6.18,2,55,3,0,71,45,8,5,2,EE,0
7.47,10,95,3,3,95,77,2,2,1,IT,1
9.57,7,81,0,0,67,69,2,5,3,IT,1
6.06,1,42,4,0,79,36,7,2,1,ME,1
5.72,3,87,4,1,98,35,4,1,3,EE,1
8.79,9,99,4,1,84,32,3,1,3,IT,1
7.5,6,76,1,2,55,99,3,0,3,ECE,1
9.56,9,92,1,0,78,85,0,4,2,EE,1
5.73,5,67,2,3,76,89,3,2,1,CSE,1
8.23,10,41,5,1,72,28,5,0,1,ME,1
6.16,2,76,6,1,99,69,2,3,1,CSE,1
5.78,5,87,6,0,72,92,8,4,2,CSE,1
8.42,2,70,3,3,89,60,7,4,3,IT,1
7.97,6,80,6,3,83,43,8,0,1,ECE,1
8.77,10,80,3,2,95,27,3,3,3,CE,1
6.55,7,76,0,2,73,65,4,4,3,ME,1
7.24,5,46,2,1,81,61,2,0,1,EE,1
7.03,6,51,4,0,69,80,8,1,3,CSE,1
9.92,10,74,2,0,76,45,1,5,1,EE,1
6.46,4,86,3,1,63,58,4,1,2,IT,1
6.47,2,81,5,3,93,82,1,2,3,CE,1
6.77,10,50,3,1,71,83,3,2,2,CSE,1
7.82,8,93,1,3,89,37,7,5,1,IT,1
6.26,4,47,1,3,61,59,2,0,3,IT,1
9.58,5,83,5,2,89,49,5,5,3,IT,1
6.33,6,99,1,2,57,46,5,3,2,ME,1
9.48,2,99,6,0,70,49,0,0,2,EE,1
5.52,5,83,5,0,73,97,6,0,2,IT,1
8.28,4,78,2,2,75,39,0,1,3,ECE,1
9.53,6,41,4,0,63,25,7,1,2,EE,1
5.84,5,68,4,1,80,90,7,5,3,ME,1
9.84,10,81,5,0,56,83,4,1,1,CSE,1
7.26,4,43,0,0,96,21,3,2,3,IT,0
9.73,7,62,5,2,77,58,2,4,2,CE,1
8.38,8,51,0,1,81,44,3,2,1,CE,1
6.51,9,34,6,2,60,26,1,2,3,IT,1
5.94,7,55,5,1,76,73,0,0,1,IT,1
6.52,3,53,3,1,77,29,8,0,2,CSE,1
5.47,3,85,5,0,61,21,3,3,2,CSE,0
5.72,5,85,1,0,69,44,0,2,3,CSE,0
5.52,3,73,3,2,84,73,3,4,1,ECE,1
7.11,10,63,1,3,77,79,1,1,3,CE,1
8.98,7,99,3,3,77,87,8,3,1,IT,1
5.71,5,82,5,2,65,37,3,5,3,ECE,0
5.65,7,75,6,3,80,48,3,3,1,ME,1
8.22,3,95,4,1,90,75,2,1,3,ME,1
5.99,2,79,6,3,79,38,4,4,1,ME,1
5.49,2,89,3,0,71,32,5,4,2,EE,0
5.83,1,72,3,0,62,80,2,3,1,CE,0
9.62,10,36,4,2,80,42,3,5,1,ECE,1
9.11,9,78,5,3,86,92,1,2,2,CE,1
6.77,2,48,5,2,89,96,5,0,2,CSE,1
8.28,4,58,1,3,67,28,4,4,1,EE,1
7.69,5,88,2,2,84,98,7,0,3,ME,1
8.39,3,98,5,0,89,87,1,1,2,CSE,1
8.41,10,44,5,3,96,24,7,1,3,CE,1
8.14,2,80,1,0,75,46,6,3,3,EE,1
6.33,7,64,1,0,72,85,8,1,2,ME,1
5.2,1,68,1,1,89,85,1,2,2,CE,0
7.28,10,62,0,2,74,94,5,5,2,CSE,1
9.45,4,71,2,0,59,69,6,1,2,IT,1
7.85,5,57,0,2,64,50,0,4,2,EE,0
9.16,1,61,6,3,99,65,4,5,3,EE,1
9.96,2,66,4,2,68,35,2,4,2,IT,1
5.82,4,96,5,2,97,93,6,0,1,CE,1
8.46,4,77,1,2,59,42,3,4,2,ECE,1
8.37,1,98,3,2,78,23,3,1,3,ME,1
9.9,2,68,5,2,70,46,5,4,3,ECE,1
9.93,6,43,4,0,61,36,6,1,3,CSE,1
8.43,6,65,5,2,100,48,1,4,1,ME,1
6.22,3,98,4,2,67,52,8,1,1,CSE,1
8.99,10,83,0,1,96,72,1,5,1,ECE,1
5.54,10,77,4,2,87,27,3,0,1,CSE,1
8.9,9,40,3,2,61,61,1,4,2,CSE,1
9.55,6,51,2,2,80,96,4,3,3,IT,1
6.91,5,46,4,0,69,68,3,3,1,ME,1
8.15,5,98,5,1,85,78,8,0,3,CE,1
7.15,3,57,6,2,95,45,0,2,2,ECE,1
7.19,6,72,6,2,77,68,1,4,2,CE,1
6.55,4,52,1,0,95,54,5,4,3,CSE,0
8.81,8,80,0,1,68,90,8,3,3,EE,1
9.68,1,72,0,3,56,59,3,5,1,ME,1
9.7,6,62,1,2,71,66,1,3,3,IT,1
5.87,1,60,3,0,79,59,2,1,2,ME,1
9.37,7,50,4,2,69,69,2,2,3,ME,1
8.69,10,43,4,0,91,82,8,0,1,ME,1
6.26,1,89,0,1,61,68,3,2,3,EE,0
5.34,5,60,3,0,86,79,2,4,3,IT,0
6.34,7,30,2,2,87,73,7,1,2,EE,1
9.56,8,88,2,3,64,25,7,1,3,ME,1
8.17,10,62,4,2,81,39,5,2,3,ECE,1
8.61,9,97,6,0,57,66,7,3,3,CSE,1
6.29,6,80,0,2,86,62,2,0,1,IT,1
8.6,2,85,1,2,63,62,7,5,1,EE,1
5.14,2,84,2,0,94,80,5,2,2,CE,1
6.88,9,62,1,3,73,48,7,3,2,ECE,1
8.13,5,42,2,0,68,26,0,2,2,ME,0
5.73,8,42,4,2,94,22,3,2,1,CSE,1
9.12,1,52,5,1,65,59,5,3,2,EE,1
6.18,7,46,6,3,65,33,1,0,2,ECE,1
8.26,6,91,6,1,66,77,4,0,3,CE,1
7.03,4,63,5,3,95,44,8,4,2,ME,1
7.98,6,47,2,2,73,47,7,1,1,IT,1
5.54,2,75,0,0,98,38,0,3,1,EE,0
5.08,6,67,2,1,94,34,7,0,1,IT,1
9.55,3,67,3,3,88,56,1,4,3,ECE,1
6.35,7,73,4,0,98,37,0,5,1,IT,0
9.1,4,53,6,2,78,27,2,1,1,CSE,1
10.0,7,74,1,1,67,70,8,2,3,CE,1
6.06,4,87,5,1,61,94,8,0,1,CSE,1
6.33,2,96,0,2,75,89,5,3,2,CE,1
8.31,9,37,1,0,69,60,6,5,1,ME,1
9.83,8,35,4,3,55,97,6,0,1,CE,1
9.58,3,85,4,0,71,48,8,3,3,CE,1
7.51,2,65,6,2,77,30,3,3,2,IT,1
8.98,8,61,1,2,59,85,1,3,3,CE,1
5.68,1,68,4,3,72,50,4,5,1,CSE,0
9.89,8,49,2,2,72,55,5,0,1,IT,1
9.82,9,45,1,1,56,46,8,4,3,CE,1
5.82,2,36,6,0,85,45,5,2,1,IT,1
6.5,7,75,3,0,90,57,0,2,3,EE,1
5.5,2,80,1,2,74,31,8,0,3,CE,1
6.36,4,94,0,3,92,77,2,0,1,CE,1
9.08,5,70,6,0,68,75,6,3,3,CE,1
6.89,1,32,3,2,86,89,1,2,1,EE,1
5.44,6,92,6,1,78,68,8,0,2,ME,1
6.71,8,88,3,3,92,25,2,4,1,CSE,1
9.91,4,37,3,0,92,87,7,0,2,CSE,1
8.15,10,77,1,1,95,31,7,3,1,IT,1
7.08,4,83,4,3,72,66,2,0,3,IT,1
5.83,7,80,3,0,97,92,0,5,2,EE,1
9.93,3,88,4,3,67,20,4,5,3,IT,1
9.1,6,39,1,0,65,39,6,5,2,ME,0
6.41,1,94,0,1,75,83,5,0,3,CSE,1
5.35,6,72,1,1,89,34,6,5,2,EE,0
5.28,6,38,1,0,91,66,5,1,3,CSE,1
5.6,6,87,6,0,57,81,7,0,3,ECE,1
7.9,9,100,0,1,77,69,6,1,1,IT,1
9.64,4,46,6,2,94,68,7,0,1,EE,1
7.48,8,52,2,3,80,97,8,2,1,ECE,1
9.21,9,63,0,3,81,55,0,5,2,ME,1
7.23,3,36,0,2,90,58,5,4,2,CSE,0
8.54,10,69,2,3,89,86,0,5,2,ME,1
8.66,8,55,4,3,89,67,4,4,1,ME,1
5.87,3,81,0,0,77,93,5,4,3,EE,0
6.81,4,70,4,3,67,33,3,0,3,IT,1
8.19,3,47,5,2,64,97,4,1,1,ME,1
5.35,4,39,5,3,80,38,7,0,2,IT,1
6.81,5,95,6,1,65,99,4,2,2,CE,1
7.67,4,77,0,0,80,55,0,1,3,ME,1
9.98,8,42,2,0,83,33,6,2,3,ECE,1
7.37,8,93,2,3,87,99,8,3,1,ME,1
9.08,5,73,0,2,80,28,5,0,2,IT,1
7.16,7,50,3,2,63,21,3,5,3,IT,0
8.98,4,73,5,3,58,74,4,3,1,ECE,1
7.98,2,81,3,3,63,91,3,4,3,CE,1
9.43,3,32,6,1,56,31,7,5,3,ECE,1
7.05,2,49,1,3,81,54,0,3,2,IT,0
8.02,9,61,1,3,78,31,3,3,1,ECE,1
8.15,10,61,5,3,87,79,2,3,2,ECE,1
7.09,7,83,3,2,97,38,4,1,2,ECE,1
5.72,6,99,3,0,94,97,0,4,2,CE,1
5.47,8,82,3,3,66,77,0,2,3,IT,1
5.08,10,97,0,3,72,67,6,4,3,ME,1
9.37,8,61,0,0,86,85,3,4,2,IT,1
6.18,7,86,0,3,64,77,3,1,1,IT,1
6.06,3,83,1,2,64,58,8,5,1,EE,1
8.68,9,76,3,0,100,55,5,4,2,ME,1
6.6,2,40,6,1,68,42,0,4,3,IT,0
7.53,3,73,0,2,69,40,7,5,1,CE,1
5.81,7,65,6,1,86,77,1,5,3,IT,1
9.8,2,30,0,1,96,55,5,4,3,CSE,1
9.26,2,88,2,2,64,20,5,1,2,ECE,1
9.32,1,67,1,1,75,68,7,4,3,CSE,1
7.03,7,46,2,2,67,68,7,4,1,CE,1
8.81,3,38,1,1,84,23,4,0,3,ECE,1
5.72,10,65,2,3,93,61,7,5,1,ME,1
5.04,4,43,2,0,80,70,6,5,1,CSE,0
5.1,10,90,3,0,63,35,4,5,1,IT,1
7.93,9,55,1,0,78,20,4,1,3,CE,1
7.28,10,40,3,0,68,77,7,0,2,ECE,1
7.59,9,61,6,0,66,95,8,4,3,CSE,1
5.04,6,87,5,3,80,36,5,1,2,ECE,1
7.11,1,88,6,0,92,20,0,2,2,ECE,1
8.59,2,96,6,0,93,56,1,3,3,ME,1
7.21,3,98,4,3,94,76,1,5,3,EE,1
8.66,1,92,3,2,67,96,7,5,1,CE,1
6.17,7,46,0,0,68,76,5,0,2,EE,1
9.07,1,49,3,3,60,75,4,1,2,CE,1
7.94,7,72,1,1,79,99,7,3,1,IT,1
6.05,6,37,3,2,69,75,6,1,3,IT,1
6.18,2,42,1,2,72,68,7,3,3,ME,0
8.14,2,97,4,3,91,76,6,2,2,ECE,1
9.15,1,38,3,0,89,90,3,0,1,CE,1
7.08,4,71,3,1,92,72,3,4,2,IT,1
6.29,10,41,4,3,67,59,5,0,1,ME,1
9.34,4,77,1,2,81,72,1,4,2,ECE,1
8.35,9,69,5,2,56,71,3,4,2,ECE,1
7.24,5,36,0,0,72,75,0,0,3,CE,1
7.44,10,73,1,0,83,43,2,3,1,EE,1
6.02,8,37,1,0,88,67,1,3,1,ECE,0
8.13,1,42,4,0,99,91,5,5,2,EE,1
6.79,8,96,6,2,69,41,5,1,1,IT,1
9.98,2,48,2,2,70,57,3,0,3,EE,1
7.4,7,75,2,1,88,24,2,5,3,CSE,0
7.43,3,72,1,2,100,64,3,5,3,EE,0
7.83,9,34,5,3,65,30,5,1,3,ECE,1
9.58,9,63,0,0,98,40,1,2,1,CSE,1
9.0,8,90,2,2,99,63,6,3,2,CSE,1
7.26,2,92,1,2,78,98,8,3,1,ME,1
8.59,5,78,5,1,59,75,0,0,2,IT,1
7.93,7,40,6,0,92,88,0,0,2,IT,1
7.46,9,33,2,0,75,20,0,1,2,ME,1
5.96,8,74,3,1,96,38,1,3,1,EE,1
7.32,10,62,1,0,87,34,0,3,1,CSE,1
6.23,1,80,4,2,95,20,5,1,2,EE,1
9.57,8,51,1,1,63,70,3,3,3,EE,1
6.68,5,31,3,1,59,68,5,5,2,CSE,0
9.76,2,73,2,0,88,58,7,5,2,IT,1
7.67,10,44,5,3,65,23,4,5,2,ECE,1
8.16,9,94,1,3,81,73,6,1,1,ECE,1
7.71,1,44,2,2,76,37,7,5,1,ME,0
5.65,9,68,0,1,95,31,8,0,1,CE,1
6.88,5,46,5,1,81,39,1,0,1,ECE,1
5.5,2,63,1,3,68,52,4,0,1,IT,1
8.11,3,52,4,1,70,86,5,4,3,ECE,1
7.23,4,49,1,2,85,41,2,1,3,ECE,1
8.89,10,58,1,1,62,85,4,4,3,ME,1
6.1,6,76,4,3,90,57,7,0,1,CE,1
5.82,3,68,6,1,73,27,4,1,2,IT,1
7.03,2,46,1,3,88,25,0,3,3,EE,0
9.63,5,53,3,0,84,99,8,2,3,EE,1
8.55,2,68,4,1,89,47,2,3,3,IT,1
7.09,5,55,5,2,85,22,7,2,2,CSE,1
7.59,7,71,3,0,67,42,5,1,1,EE,1
5.42,4,73,2,2,67,31,2,2,1,ME,1
9.92,7,43,5,2,57,73,2,1,2,EE,1
8.33,9,95,1,0,98,57,3,0,3,CE,1
6.43,7,91,3,0,80,78,3,0,3,ME,1
7.93,3,34,2,2,78,51,7,1,3,ECE,1
5.55,8,83,1,2,59,47,4,5,1,IT,1
9.83,8,77,0,3,73,93,6,1,3,CE,1
5.87,5,91,4,1,100,83,6,2,1,ME,1
8.24,2,98,5,0,90,97,7,2,2,ME,1
6.23,7,93,5,3,83,84,6,3,3,EE,1
8.59,6,62,2,1,82,49,1,3,2,ME,1
8.88,8,42,3,2,94,63,2,0,3,ME,1
8.37,1,43,1,3,67,45,4,3,1,ME,1
8.07,8,77,1,0,75,99,1,4,2,ME,1
9.46,8,100,3,2,61,83,1,1,1,ECE,1
5.39,7,35,1,1,64,69,5,1,1,IT,1
6.65,8,61,4,2,60,27,6,5,1,ECE,1
6.24,3,73,0,0,71,64,0,2,2,ME,0
9.94,1,79,6,2,71,72,2,3,2,EE,1
6.95,10,58,1,3,74,92,2,2,2,CE,1
8.66,10,92,3,3,98,53,2,5,1,IT,1
8.42,6,56,3,2,55,57,1,4,3,ECE,1
6.06,7,71,2,0,94,22,8,0,1,EE,1
6.19,6,30,1,2,86,29,1,0,2,CE,1
6.41,8,45,3,3,68,80,5,3,3,ECE,1
7.06,1,75,2,0,71,28,3,1,3,CSE,1
6.17,8,44,1,1,90,26,1,1,2,ECE,1
5.1,6,94,6,2,81,24,3,5,1,EE,1
9.4,8,52,0,0,75,92,8,0,2,IT,1
9.83,4,45,3,3,62,82,1,0,2,IT,1
6.71,1,31,0,1,99,44,1,3,1,ECE,0
6.69,3,58,5,0,74,45,1,3,1,EE,1
5.04,9,93,5,0,83,48,6,1,3,IT,1
8.4,6,74,0,2,66,66,8,1,2,CSE,1
9.13,5,95,4,3,68,21,3,2,2,EE,1
5.73,6,45,0,2,82,93,0,3,1,EE,1
5.8,3,94,2,1,92,100,0,3,1,IT,1
8.95,4,60,6,1,90,25,4,5,1,CE,1
8.08,7,97,1,2,57,78,4,4,3,ECE,1
5.22,10,79,0,1,99,41,4,5,3,ME,0
8.11,3,61,1,1,67,42,2,3,2,CE,1
6.54,8,86,6,0,88,20,6,4,2,CE,1
6.84,10,78,3,3,69,40,3,4,3,ME,1
8.85,1,40,1,0,67,76,5,4,1,EE,0
9.05,4,83,3,2,55,54,5,4,3,ME,1
7.0,4,40,4,2,65,60,6,3,3,IT,1
9.74,6,60,4,3,57,34,7,1,3,CE,1
7.03,7,31,6,2,87,94,5,3,3,ECE,1
8.86,1,51,4,3,91,66,2,0,3,EE,1
7.42,8,68,2,3,68,73,2,5,2,ECE,1
9.49,1,75,1,2,63,29,6,4,1,ME,1
9.54,2,45,2,1,78,24,2,0,3,EE,1
5.44,6,49,0,3,91,94,5,2,2,ME,1
9.68,5,47,5,1,100,28,4,4,1,CSE,1
9.13,3,88,1,0,79,64,0,2,3,CSE,1
8.96,7,33,6,0,78,26,8,3,2,ECE,1
6.0,10,60,5,0,91,89,4,1,1,EE,1
9.03,10,35,0,0,97,92,5,1,1,ME,1
9.25,6,74,2,0,59,63,7,1,2,IT,1
6.45,9,84,2,2,82,69,7,0,2,IT,1
9.76,7,74,5,0,83,45,5,0,2,CSE,1
5.25,10,33,0,0,81,59,7,4,1,ME,0
5.75,3,65,1,2,100,70,6,0,3,IT,1
7.69,8,84,5,3,94,90,0,2,1,ECE,1
7.88,3,36,0,1,60,20,3,1,1,ME,1
8.23,2,71,4,2,85,91,6,3,1,CSE,1
5.08,1,48,0,0,61,50,7,5,2,IT,0
9.8,7,66,0,1,84,54,7,2,3,CE,1
5.22,7,41,0,0,96,65,1,3,3,IT,0
5.72,10,59,3,2,63,94,7,0,2,CE,1
5.07,3,88,2,0,77,84,1,4,3,ECE,0
7.83,5,80,6,3,89,74,6,0,3,ECE,1
9.66,2,48,3,3,72,31,1,2,3,CE,1
8.33,4,94,2,1,81,28,3,3,3,CSE,1
9.11,4,79,6,0,58,65,4,0,1,ME,1
5.07,9,96,3,0,88,85,5,0,1,IT,1
7.71,4,78,1,0,94,100,3,3,2,ECE,1
7.3,1,32,2,0,98,86,4,3,2,IT,0
7.49,6,75,2,1,100,63,8,5,2,CE,1
5.36,1,43,1,1,58,85,8,1,3,ECE,1
8.42,8,78,1,0,65,92,6,2,1,IT,1
7.52,6,57,5,2,69,34,2,0,2,EE,1
8.83,1,33,3,0,62,67,4,1,2,ME,1
7.43,9,89,4,0,100,47,4,4,3,ECE,1
5.75,1,72,2,2,58,54,8,0,1,IT,1
8.24,7,60,5,0,71,93,4,1,2,CE,1
5.86,6,33,4,0,57,75,8,0,3,EE,1
9.36,9,85,3,2,81,73,8,2,2,CSE,1
8.07,10,43,1,0,95,33,4,0,3,ECE,1
5.79,10,60,0,1,68,66,4,0,1,CSE,1
9.81,5,47,5,2,95,95,2,2,1,EE,1
7.59,7,74,0,3,69,58,6,4,3,EE,1
5.36,6,69,0,2,76,31,4,0,3,IT,1
8.13,9,86,3,0,63,29,1,4,2,ME,1
6.27,7,63,0,2,56,89,8,5,3,CSE,1
9.02,4,69,6,2,58,56,1,0,1,IT,1
9.09,5,86,1,0,77,82,3,2,1,ECE,1
9.89,1,53,5,1,82,22,3,0,3,CE,1
7.51,10,99,5,2,67,91,4,2,2,ECE,1
7.27,3,59,2,2,73,28,3,2,1,CSE,1
8.77,10,98,6,2,75,51,7,5,3,CE,1
5.66,9,72,2,1,67,67,0,2,2,ME,1
7.73,7,60,2,3,74,40,1,3,2,CSE,1
7.73,9,59,1,0,85,21,8,1,2,IT,1
5.45,7,39,1,1,74,98,4,4,1,IT,1
7.09,5,55,1,3,85,99,3,2,3,EE,1
9.27,9,43,6,0,87,33,0,3,2,CSE,1
9.28,3,50,1,0,58,41,3,1,1,EE,1
5.5,8,36,1,1,85,22,7,5,3,EE,0
5.45,7,60,3,3,56,95,4,4,2,CE,1
6.31,6,91,6,3,87,82,3,4,1,ECE,1
9.37,8,59,1,3,68,29,6,3,2,CE,1
5.64,8,57,3,1,90,21,6,2,2,IT,1
8.6,4,44,6,1,66,65,7,0,2,CE,1
5.51,5,100,0,2,80,32,5,5,2,CSE,0
8.12,2,55,0,3,59,76,1,0,3,ME,1
6.78,9,34,1,2,73,49,2,5,1,ECE,0
8.94,10,73,6,1,77,75,0,0,1,ECE,1
6.17,6,30,2,2,67,49,1,0,1,CE,1
8.2,1,36,5,2,57,72,6,4,2,CSE,1
6.18,8,98,0,2,76,98,7,3,1,ECE,1
8.57,1,33,1,1,91,22,6,3,1,CSE,1
9.37,6,38,3,1,70,72,0,3,3,ME,1
5.63,4,45,0,2,91,90,0,1,3,CSE,1
9.33,1,53,2,2,98,72,8,5,1,EE,1
7.97,3,94,0,2,95,25,1,3,2,CE,1
5.64,10,30,6,0,67,61,0,3,3,EE,1
7.14,1,76,4,3,72,34,5,4,3,CSE,1
5.8,10,49,2,2,62,60,3,5,3,CE,0
8.5,1,79,6,1,66,62,8,2,1,EE,1
8.79,3,89,1,2,92,54,3,3,3,ME,1
5.53,5,45,2,1,87,34,3,3,3,CSE,0
7.53,8,42,6,3,58,60,2,5,1,CE,1
9.07,10,30,6,0,63,64,7,2,2,CSE,1
9.68,10,52,6,3,80,94,8,2,1,EE,1
7.57,7,55,6,0,89,89,6,5,1,CSE,1
9.75,9,56,4,0,88,82,4,2,2,ECE,1
7.68,3,80,1,0,82,62,2,3,3,CE,1
6.97,9,52,3,2,83,76,1,5,1,CSE,1
9.24,2,98,6,3,69,90,8,0,2,EE,1
7.46,4,65,2,2,84,31,3,1,3,CE,1
7.36,7,31,1,1,84,25,7,4,1,CSE,1
7.45,5,59,0,2,76,43,6,5,2,CE,1
9.23,2,34,2,1,83,22,8,2,3,EE,1
9.16,1,64,2,2,87,58,4,0,3,CE,1
7.02,10,71,6,0,89,29,8,4,3,CE,1
6.67,1,51,0,1,71,28,6,3,1,IT,0
7.46,1,69,5,3,83,20,2,1,3,ECE,1
7.86,4,54,1,3,94,91,3,5,3,EE,1
6.19,9,73,2,0,81,45,6,2,2,ME,1
8.97,5,85,6,3,64,20,4,2,3,CE,1
7.43,4,90,6,1,72,53,2,5,3,EE,1
6.67,10,89,3,0,100,60,2,4,2,EE,1
5.53,5,38,3,0,95,98,6,4,3,ECE,0
6.19,10,85,5,1,69,75,2,4,1,CSE,1
9.75,8,69,6,3,65,30,3,2,3,CE,1
6.53,10,41,0,1,82,72,6,3,2,IT,1
5.84,2,93,1,3,93,57,4,2,2,EE,1
7.3,6,71,3,1,94,21,5,3,2,IT,1
6.54,2,45,2,3,95,94,3,2,1,ME,1
5.18,8,91,1,1,71,61,2,4,3,CE,0
6.62,4,51,2,0,86,52,2,1,1,EE,1
7.72,7,61,1,1,85,88,5,2,1,EE,1
7.76,5,97,1,1,56,32,2,1,2,CSE,1
6.78,5,81,3,3,56,43,0,1,1,CE,1
7.24,2,57,4,3,80,29,6,0,2,ME,1
9.83,9,90,1,0,93,90,5,5,3,ECE,1
6.89,7,56,6,3,100,59,5,0,3,ECE,1
6.29,9,45,2,3,94,73,3,4,3,ECE,1
6.22,1,36,3,1,72,80,0,2,3,EE,0
7.29,10,49,2,0,74,98,2,2,2,CSE,1
8.8,10,83,4,3,98,46,1,0,1,ECE,1
6.03,2,49,1,0,72,35,4,5,1,EE,0
8.55,10,92,3,1,96,49,4,4,2,CE,1
5.11,9,90,2,0,85,56,6,0,2,EE,1
7.09,9,80,1,1,84,56,7,0,3,EE,1
8.88,3,67,1,1,95,61,6,4,2,ME,1
6.69,10,80,3,3,93,100,6,1,1,CE,1
7.82,2,63,3,3,82,91,3,1,1,ME,1
6.02,3,54,5,1,94,68,5,2,3,ME,1
8.71,10,97,6,0,59,36,7,5,3,ECE,1
5.26,3,56,0,0,59,56,8,4,2,ME,0
9.26,4,70,6,2,83,78,1,3,2,ME,1
5.99,2,95,5,3,100,76,2,1,1,CE,1
9.37,4,59,2,1,94,67,7,3,3,CSE,1
6.76,4,82,2,1,73,64,3,0,2,EE,1
8.61,10,75,3,1,73,66,4,2,3,CSE,1
6.6,1,75,3,3,74,26,5,5,1,ME,1
9.53,4,38,1,0,71,63,3,1,3,IT,1
5.63,10,39,0,3,67,87,0,2,1,CSE,1
5.89,1,31,1,3,74,24,1,3,1,IT,0
7.47,9,83,6,3,73,89,1,0,2,CSE,1
5.41,9,88,0,3,57,83,2,2,2,ECE,1
5.98,10,59,1,3,99,34,3,1,1,CE,1
9.72,8,53,2,0,64,38,1,2,2,ECE,1
9.88,10,50,3,2,75,44,2,2,2,ME,1
6.88,10,34,0,3,63,57,0,4,2,CE,1
9.62,5,56,3,0,80,65,8,3,2,EE,1
7.72,9,85,0,3,81,24,2,1,2,EE,1
6.35,6,49,4,3,80,48,4,1,1,EE,1
8.51,8,89,3,0,86,48,8,0,2,IT,1
8.29,10,76,3,1,81,45,3,1,1,ME,1
9.95,1,52,5,1,80,88,7,4,1,ECE,1
6.33,3,37,1,1,99,53,0,2,2,ECE,0
8.36,10,96,6,2,96,52,7,5,3,ECE,1
5.26,6,41,2,1,57,40,5,2,3,ME,0
5.57,2,69,6,2,97,42,0,1,3,CE,1
5.02,9,42,1,3,98,48,7,3,1,ME,1
10.0,3,78,6,0,56,90,1,1,1,IT,1
9.01,5,61,3,0,80,45,8,5,3,CE,1
8.93,2,95,1,2,55,85,2,1,1,EE,1
7.55,10,97,3,3,89,91,7,4,3,IT,1
6.5,10,31,4,2,81,39,1,1,2,EE,1
5.76,8,89,1,0,59,38,7,0,1,IT,1
6.42,6,98,6,1,69,23,5,4,3,CE,1
6.88,8,40,1,0,81,66,3,1,3,IT,1
8.78,4,91,6,0,87,24,3,4,3,ME,1
7.7,3,85,2,2,67,30,4,4,2,EE,1
5.39,10,38,5,1,89,23,4,2,2,ME,1
5.09,4,39,3,3,79,71,2,5,2,IT,0
5.51,2,53,5,3,95,51,7,1,1,ECE,1
7.05,5,84,3,1,62,32,8,5,1,CSE,1
9.67,6,33,3,1,68,86,6,0,2,ME,1
8.19,2,48,6,2,77,37,4,1,3,CSE,1
9.01,6,66,3,3,71,71,1,0,1,IT,1
7.33,6,95,4,3,57,40,7,4,3,EE,1
6.81,6,66,2,1,99,89,0,4,3,ECE,1
5.54,9,31,2,3,82,51,7,4,3,IT,1
9.38,4,56,1,2,62,69,2,1,2,ECE,1
8.92,4,95,5,3,63,93,5,4,1,ME,1
5.84,3,42,5,3,70,98,7,2,2,ME,1
7.56,9,93,0,1,74,35,2,2,3,ME,1
7.44,1,67,1,2,81,54,4,2,3,ECE,1
8.13,6,76,2,3,78,43,1,0,1,ME,1
9.73,5,91,4,3,83,72,0,5,3,CE,1
7.9,3,97,4,3,93,64,8,4,1,IT,1
7.7,2,96,0,3,56,61,6,2,2,IT,1
5.25,10,74,6,0,71,63,7,4,1,ECE,1
5.31,9,92,3,0,76,100,7,0,1,ME,1
5.94,1,42,5,3,95,60,6,0,3,IT,1
5.16,5,100,0,2,55,90,0,4,2,ME,0
8.72,9,99,1,2,82,67,6,0,3,ME,1
8.62,3,79,6,2,100,53,2,2,1,CE,1
5.68,4,56,3,1,60,81,1,0,2,CSE,1
9.18,10,41,6,3,81,69,7,1,2,IT,1
5.77,4,64,1,3,87,58,4,5,1,CSE,1
6.51,9,89,2,1,71,46,7,3,2,CSE,1
6.24,3,64,2,3,85,44,6,4,3,ECE,1
6.86,6,84,4,2,62,51,8,3,2,EE,1
6.27,4,71,0,0,96,40,8,4,1,ECE,0
7.44,1,58,1,3,80,55,8,3,1,IT,1
7.04,4,58,5,0,80,36,5,0,3,ECE,1
9.93,7,82,0,3,68,99,4,2,2,IT,1
5.28,1,35,6,2,95,21,1,3,1,EE,0
5.71,1,33,2,2,61,100,8,0,2,ME,1
5.26,1,95,0,1,93,70,7,2,2,EE,1
8.13,8,80,1,2,96,53,7,5,2,ME,1
5.27,4,58,3,1,79,20,2,1,2,ECE,1
9.18,5,78,6,0,65,90,0,3,3,EE,1
7.56,9,43,4,3,63,24,8,1,1,ECE,1
7.64,4,72,3,3,87,36,7,0,1,IT,1
7.81,4,45,0,0,55,59,4,0,2,EE,1
5.85,9,79,4,3,64,98,5,0,2,CSE,1
5.99,1,53,0,1,75,58,5,1,3,CSE,0
6.59,6,34,3,2,61,44,5,4,1,CE,1
7.97,9,67,6,1,89,72,6,4,3,CSE,1
6.05,10,49,6,0,64,36,7,0,2,IT,1
5.58,5,30,6,3,71,83,2,4,3,IT,1
9.85,4,35,1,2,71,78,1,1,3,EE,1
5.11,4,94,0,1,62,46,1,5,3,ECE,0
9.01,1,51,3,1,85,24,5,2,2,ME,1
8.94,1,88,4,1,83,40,0,5,1,IT,1
6.49,6,51,5,3,87,39,7,3,2,CE,1
5.68,9,96,4,2,71,48,0,5,2,EE,1
5.73,10,48,4,0,66,33,5,0,1,IT,1
8.49,8,41,3,2,78,46,4,1,1,ME,1
8.21,9,88,6,2,59,77,2,2,1,CSE,1
8.91,7,96,0,2,73,81,1,0,1,IT,1
9.69,5,75,1,1,61,47,6,0,1,IT,1
8.46,2,88,3,3,63,74,8,3,1,CE,1
5.78,2,32,1,2,84,30,6,3,3,ECE,0
6.22,5,90,1,2,69,40,0,5,3,ME,0
9.21,7,56,0,2,66,69,3,1,2,CSE,1
6.05,6,46,0,3,81,60,3,0,2,CSE,1
5.36,6,50,4,1,82,72,1,1,1,EE,1
8.52,7,42,6,3,63,67,3,1,2,CSE,1
7.01,1,48,4,3,93,72,8,5,1,CE,1
9.6,7,84,2,2,75,92,7,4,3,EE,1
8.25,10,94,1,3,60,47,1,4,3,EE,1
5.45,1,78,2,3,80,39,7,2,2,IT,1
9.74,2,95,1,0,97,47,6,4,3,ME,1
6.29,2,79,5,2,80,82,4,4,3,ECE,1
6.69,5,46,4,0,94,62,2,5,2,IT,0
7.01,8,90,6,0,87,42,4,1,1,CE,1
5.26,7,42,3,1,100,28,3,1,2,CSE,1
7.48,3,73,4,2,80,21,3,3,2,ECE,1
5.62,1,51,2,3,77,53,8,3,2,CE,1
7.0,6,65,6,2,56,99,4,2,1,EE,1
6.75,9,65,4,1,64,51,0,1,3,EE,1
8.86,7,76,0,0,83,97,8,3,1,IT,1
9.02,4,75,6,1,86,49,1,0,3,EE,1
5.77,5,39,3,1,100,68,8,5,2,EE,1
6.83,7,44,5,3,74,55,7,3,1,EE,1
6.87,7,38,5,2,73,80,4,5,3,CSE,1
5.76,7,79,0,1,95,95,3,1,1,CSE,1
8.99,6,38,0,0,66,20,2,2,2,CSE,1
8.54,2,75,6,2,94,22,4,1,1,EE,1
5.95,7,82,0,2,96,56,4,4,2,EE,1
6.83,6,68,5,2,59,76,6,5,2,ECE,1
5.53,10,66,6,3,82,98,5,2,3,CSE,1
8.14,9,76,0,1,99,68,3,3,2,ECE,1
5.61,1,88,0,1,60,28,0,0,3,EE,0
9.93,9,55,0,1,87,59,6,0,3,EE,1
8.9,9,45,1,1,80,30,0,3,1,IT,1
6.95,7,31,3,2,67,53,6,4,3,IT,1
7.89,1,82,5,0,71,61,5,0,1,CE,1
9.56,6,96,1,0,71,70,5,0,1,CSE,1
7.77,10,97,5,1,91,45,7,0,1,IT,1
5.87,6,88,5,3,90,55,6,3,2,ECE,1
6.89,5,74,3,0,75,33,1,5,2,ME,0
9.22,7,37,5,3,92,95,2,3,2,CSE,1
8.22,6,51,4,1,69,22,8,4,2,ECE,1
8.25,3,30,4,2,98,24,4,5,3,EE,0
9.33,9,49,1,0,98,90,7,0,1,CSE,1
9.47,6,92,1,2,55,33,7,2,2,EE,1
9.6,8,45,6,0,86,44,4,1,1,CSE,1
5.47,9,73,1,2,81,32,1,4,1,CSE,1
7.72,2,98,1,2,81,82,1,1,1,CE,1
8.7,3,57,3,1,71,51,4,4,2,IT,1
8.78,7,37,3,1,77,21,3,0,1,CE,1
8.03,1,67,1,0,90,93,7,4,1,IT,1
5.83,9,42,2,1,79,65,2,2,1,CE,1
8.99,10,45,1,0,99,49,3,3,1,EE,1
8.6,7,98,5,1,66,86,4,2,1,ECE,1
5.43,2,60,4,2,82,58,1,3,1,CSE,1
7.32,10,100,3,2,80,29,0,2,2,CE,1
5.87,3,90,0,1,57,21,7,3,2,EE,0
6.69,7,74,6,3,90,52,3,3,3,IT,1
5.09,1,74,3,2,73,29,8,2,1,ME,1
7.0,10,70,0,0,56,72,8,1,3,IT,1
7.75,3,95,6,3,66,99,4,4,1,CSE,1
8.1,5,30,6,3,95,55,3,2,3,CE,1
8.32,8,46,0,0,97,53,1,3,3,CE,1
9.18,8,88,3,3,60,44,3,0,1,ECE,1
6.08,6,89,5,1,90,23,5,3,3,CSE,1
5.6,3,77,6,1,85,62,1,5,3,CSE,0
9.26,1,84,1,1,79,94,4,4,3,CSE,1
5.78,6,97,0,3,59,37,2,4,1,EE,1
9.87,3,35,6,0,77,85,4,3,2,ECE,1
9.21,7,63,5,3,93,21,4,0,1,CE,1
7.5,7,78,4,1,95,46,2,1,1,EE,1
9.91,7,83,5,3,90,93,1,1,3,ME,1
5.49,10,42,4,2,95,23,7,1,1,ME,1
6.52,6,86,5,2,99,27,6,0,1,ECE,1
8.19,5,65,6,2,73,35,6,0,1,EE,1
6.75,2,49,1,2,96,45,1,4,1,ME,0
9.64,4,47,1,0,73,46,6,4,2,EE,1
5.33,3,39,2,1,79,43,2,4,2,ME,0
7.75,2,94,3,1,65,64,2,4,2,IT,1
7.95,8,30,1,1,82,63,7,1,2,ME,1
8.26,4,51,0,0,92,57,7,2,2,ECE,1
6.28,8,35,4,0,56,33,3,4,3,ECE,0
6.82,9,69,6,2,74,32,8,0,2,IT,1
9.22,1,99,2,1,79,70,5,4,3,EE,1
5.97,3,71,2,0,79,46,4,3,3,EE,0
9.13,1,62,4,3,100,29,2,1,2,ME,1
7.81,7,79,3,1,88,98,5,5,1,CSE,1
8.81,2,33,1,0,69,63,3,3,3,IT,0
8.57,9,39,1,0,88,39,0,5,1,CSE,0
6.04,3,68,2,3,70,86,4,2,3,CSE,1
7.84,10,45,5,0,77,76,6,2,1,IT,1
9.34,7,36,6,0,72,87,8,1,2,CSE,1
7.16,2,50,5,0,72,59,1,3,2,CE,0
9.83,3,82,5,1,60,60,0,4,3,EE,1
7.26,5,77,0,3,91,44,3,1,2,EE,1
5.71,6,72,0,2,88,78,5,2,2,IT,1
6.95,7,82,5,1,94,28,7,0,3,CSE,1
9.76,9,55,5,3,77,71,5,5,3,CSE,1
6.6,5,33,0,0,64,47,3,1,1,EE,1
9.34,3,56,4,2,74,93,0,0,2,EE,1
9.41,7,94,0,1,85,85,6,0,1,CE,1
6.75,10,50,5,3,67,74,4,0,2,IT,1
5.42,5,63,6,2,96,34,3,0,2,ME,1
8.62,6,38,3,1,62,94,0,4,2,ME,1
6.56,5,43,6,2,65,48,1,0,2,IT,1
8.91,10,75,3,2,94,25,0,1,2,ME,1
7.21,2,78,3,0,82,74,1,1,1,CSE,1
7.43,5,60,0,0,60,67,5,0,2,ECE,1
8.89,2,92,1,2,56,77,5,4,2,CSE,1
6.91,8,64,0,1,79,49,6,3,1,EE,1
7.22,9,53,3,0,81,95,8,2,2,ECE,1
6.88,6,35,5,3,95,86,1,5,3,CSE,1
6.84,3,86,2,0,82,88,3,1,3,ECE,1
7.63,8,64,6,3,57,37,8,2,3,CSE,1
9.04,2,49,6,0,57,38,2,5,1,IT,1
6.81,1,96,0,2,97,99,0,2,3,CE,1
7.62,7,63,6,0,56,27,4,1,1,CE,1
8.35,4,83,0,0,57,70,7,3,3,CSE,1
6.35,6,59,5,1,71,84,6,1,1,ME,1
6.39,1,81,5,2,72,100,6,3,2,IT,1
9.67,5,100,5,1,69,63,8,5,2,CE,1
8.62,3,57,0,1,96,63,3,5,1,CSE,1
7.89,6,49,3,1,78,54,8,0,1,ME,1
8.24,9,66,6,1,77,84,7,5,3,CSE,1
5.15,4,32,6,0,71,43,3,3,2,ECE,0
8.09,3,79,6,2,84,54,5,3,3,CE,1
7.55,5,67,4,1,64,76,5,2,1,IT,1
7.73,7,97,4,2,65,56,5,5,1,ECE,1
6.8,8,97,5,1,61,46,7,3,2,CSE,1
5.41,7,95,1,1,91,32,4,5,1,CE,0
5.97,7,80,4,2,81,25,2,4,2,EE,1
9.75,4,70,4,2,82,29,4,5,1,EE,1
7.04,3,67,6,2,95,26,6,5,3,ME,1
7.33,9,67,1,2,55,28,7,2,2,ME,1
5.26,1,83,0,0,98,84,0,0,2,ME,1
5.19,10,32,5,1,71,25,2,0,3,CSE,1
8.59,3,88,5,3,93,86,3,1,1,EE,1
7.69,1,81,6,3,93,21,7,2,1,ME,1
7.54,2,66,4,1,82,46,0,4,3,CSE,0
6.22,3,78,5,1,99,43,7,0,2,EE,1
8.72,3,81,6,0,98,40,2,2,3,IT,1
5.84,4,85,6,0,55,55,2,2,1,CSE,1
5.95,1,46,6,3,93,97,7,1,3,CE,1
7.3,2,83,3,3,61,58,2,0,1,EE,1
6.43,5,35,0,1,64,86,4,3,2,IT,0
6.24,5,41,3,3,71,89,3,1,2,CSE,1
8.23,5,49,2,0,100,59,2,1,2,IT,1
8.25,5,43,4,2,63,60,6,4,2,ECE,1
9.12,1,90,2,1,77,37,5,0,3,EE,1
7.09,2,44,4,2,75,34,0,2,3,CSE,1
5.37,7,43,4,2,100,97,2,5,2,ECE,1
6.37,5,45,4,2,91,45,6,4,3,EE,1
9.9,8,32,3,2,76,73,0,3,1,EE,1
7.98,9,73,5,2,68,26,5,5,2,CSE,1
8.55,8,43,6,0,74,58,5,1,2,CE,1
5.04,6,33,4,0,94,82,4,0,1,CE,1
7.59,7,55,3,2,78,100,1,5,3,ME,1
5.19,9,49,4,0,100,46,8,0,1,IT,1
7.85,2,99,4,2,84,95,3,0,1,ME,1
9.6,9,42,6,2,66,70,7,2,3,IT,1
9.84,4,41,0,0,69,69,6,2,1,CE,1
7.7,10,68,6,3,67,52,2,5,3,ECE,1
7.29,7,44,1,1,89,61,5,2,1,IT,1
9.73,2,93,1,0,88,59,0,3,2,CSE,1
8.37,6,98,2,0,73,99,4,4,3,CE,1
5.32,9,83,6,0,65,21,4,0,2,ME,1
7.33,8,92,3,0,60,100,4,1,3,ECE,1
6.2,4,30,2,2,71,36,7,4,3,IT,0
7.35,2,82,0,0,67,92,4,5,1,IT,0
7.28,10,89,2,1,63,69,7,2,2,ME,1
7.91,7,100,3,3,60,57,1,3,1,CE,1
6.78,1,46,4,2,85,72,5,4,1,ME,1
5.82,7,57,2,3,81,46,8,5,3,EE,1
7.52,3,68,0,3,97,33,6,1,1,IT,1
9.15,3,84,2,3,91,33,4,5,1,EE,1
8.32,2,96,3,3,64,57,1,0,1,ECE,1
6.69,9,75,0,0,84,48,5,4,1,EE,1
9.68,10,47,4,1,94,23,6,1,3,ECE,1
9.56,3,78,6,1,72,27,3,4,3,CSE,1
6.05,8,94,3,3,81,65,2,4,1,ME,1
5.2,3,87,3,3,71,37,8,1,1,ECE,1
8.71,4,61,6,2,56,99,7,5,3,CE,1
9.14,8,42,5,3,85,99,5,3,3,IT,1
9.84,2,68,1,2,80,96,5,1,2,CE,1
9.45,1,73,3,1,80,29,0,4,3,ME,1
8.0,10,80,1,0,61,82,2,0,1,IT,1
7.65,5,38,6,2,69,91,6,1,2,EE,1
5.14,8,67,0,1,96,49,5,4,1,ECE,1
6.23,1,71,4,0,68,32,1,1,3,ME,0
7.3,2,100,2,3,69,83,5,5,1,ECE,1
8.14,10,50,1,0,89,82,7,4,2,EE,1
7.79,5,67,1,3,90,69,1,5,1,EE,1
8.71,2,76,3,3,75,36,6,5,3,EE,1
6.4,8,96,1,2,90,30,0,1,1,ME,1
7.82,5,66,0,1,57,20,1,5,1,ECE,0
5.44,10,63,4,1,70,79,6,5,3,IT,1
7.07,3,74,3,3,97,77,5,5,3,EE,1
8.75,6,70,0,3,90,53,4,3,3,IT,1
8.47,3,76,3,1,98,60,4,1,3,CE,1
9.95,2,44,0,3,59,48,7,5,1,ECE,1
6.39,6,37,0,1,97,94,5,5,1,ECE,0
7.49,5,98,4,2,78,61,5,3,1,EE,1
6.65,4,94,4,3,91,62,3,2,2,ME,1
7.2,7,42,0,3,60,69,7,3,1,CSE,1
9.28,9,39,0,1,68,76,7,0,1,IT,1
8.42,3,41,5,1,79,31,7,5,2,ECE,1
9.41,6,99,4,0,87,42,6,0,2,IT,1
6.02,9,54,4,1,87,31,1,4,1,EE,1
9.37,3,72,2,2,75,36,7,2,3,CSE,1
5.3,7,89,3,0,55,53,7,5,2,CE,0
9.44,6,100,3,2,62,39,4,1,2,CE,1
6.65,5,34,2,2,96,42,8,4,3,CE,1
6.57,2,61,3,1,95,83,7,0,3,ECE,1
7.56,3,96,4,2,85,90,4,5,1,CSE,1
9.7,6,62,0,0,98,35,0,1,2,CE,1
5.24,3,78,2,1,76,94,4,1,2,EE,1
6.76,3,47,2,0,96,56,4,3,2,EE,0
9.28,8,42,4,3,82,23,8,1,3,ECE,1
6.98,9,49,4,3,70,62,8,3,3,CSE,1
6.0,4,63,5,3,62,80,7,3,3,IT,1
7.12,7,40,3,1,71,96,8,3,1,ME,1
6.93,8,71,0,1,79,43,2,3,1,IT,1
9.58,2,65,3,2,88,27,3,1,1,CSE,1
8.81,10,94,6,2,91,47,0,3,2,ME,1
7.53,6,42,5,3,98,54,7,3,2,IT,1
9.94,6,41,4,3,83,37,0,1,3,CE,1
7.33,10,31,6,2,98,65,3,1,2,IT,1
5.29,6,74,6,1,65,77,3,5,3,ME,1
6.31,10,100,2,3,93,30,1,3,3,CSE,1
7.18,6,81,2,3,78,53,8,5,3,CE,1
5.78,8,65,1,0,84,45,2,0,1,ECE,1
9.74,10,73,4,1,76,78,4,0,2,EE,1
8.83,4,54,4,1,78,28,4,2,3,CE,1
6.34,5,60,1,1,79,38,1,5,3,CE,0
7.95,2,50,1,2,99,24,8,1,2,IT,1
8.61,7,77,3,1,64,45,2,0,3,ME,1
9.71,8,49,6,2,73,77,5,3,1,ME,1
9.41,3,33,3,3,94,66,6,1,1,ECE,1
7.58,5,73,2,3,73,86,8,5,3,ECE,1
8.87,2,34,0,0,71,24,0,1,2,ME,0
7.81,10,74,3,3,70,33,1,3,2,CE,1
7.76,5,68,0,1,93,97,3,5,1,CSE,1
5.57,9,100,3,3,70,75,8,1,3,CSE,1
5.63,6,51,5,1,65,34,3,0,2,EE,1
7.65,2,91,1,2,78,56,5,2,2,CSE,1
6.34,9,38,1,1,100,95,3,2,2,ECE,1
5.11,9,80,6,2,74,48,5,5,1,IT,1
8.61,7,97,3,3,80,27,2,1,2,CE,1
5.16,9,33,1,0,70,92,0,4,3,ME,0
7.98,7,70,2,0,75,32,4,2,3,CE,1
7.7,1,79,3,1,99,98,6,2,1,EE,1
9.84,7,61,4,3,67,35,4,2,2,CSE,1
7.42,7,83,2,1,65,78,2,4,3,ECE,1
5.32,9,51,0,1,97,37,7,4,2,CSE,0
7.76,9,92,5,3,92,58,0,5,1,ECE,1
9.21,6,60,0,0,60,67,1,4,1,IT,1
9.98,6,85,3,3,82,51,6,5,3,ME,1
7.15,8,48,6,2,76,88,6,0,1,CSE,1
6.6,10,82,1,3,59,86,0,3,2,IT,1
9.53,10,61,3,1,57,51,3,0,2,IT,1
5.96,5,85,5,1,60,66,6,3,1,EE,1
8.08,3,49,2,3,82,58,5,5,1,ECE,1
7.03,9,71,5,3,55,70,6,4,2,ECE,1
5.21,6,59,6,1,83,52,6,3,3,ECE,1
6.74,10,47,3,1,71,24,8,0,3,CSE,1
6.33,7,95,5,1,67,37,3,4,2,IT,1
8.43,3,66,3,2,95,74,0,3,2,CE,1
9.74,5,73,2,2,68,53,4,5,3,IT,1
6.34,8,64,1,1,61,73,4,2,3,ECE,1
9.06,8,69,4,0,71,50,4,3,1,CSE,1
5.28,8,96,5,3,82,76,4,3,1,ECE,1
7.69,1,86,0,1,96,56,0,2,3,EE,1
5.35,2,54,2,0,66,59,0,2,3,IT,0
9.67,6,67,6,3,87,22,7,3,1,CSE,1
8.83,2,53,5,1,87,65,8,5,3,EE,1
8.29,7,35,2,2,98,88,4,1,3,CE,1
9.12,2,80,5,1,56,88,4,4,3,CE,1
8.24,4,56,4,2,88,88,3,5,1,IT,1
9.84,8,79,3,2,81,83,4,0,3,ECE,1
8.57,6,70,5,2,99,75,0,3,3,ECE,1
9.62,9,69,3,3,100,97,1,0,1,CE,1
7.59,6,72,2,3,57,22,6,3,2,CSE,1
5.59,3,90,0,2,62,92,3,4,3,CSE,0
7.64,3,47,6,3,91,70,5,4,1,ECE,1
5.63,8,61,1,2,80,96,8,3,1,CSE,1
7.96,8,44,4,1,57,73,7,2,1,ECE,1
7.41,1,60,5,2,90,30,1,3,2,CE,1
8.11,5,64,0,3,62,23,1,5,3,ECE,0
5.05,4,99,2,0,86,29,1,2,3,CSE,0
5.97,8,67,4,1,83,43,4,3,3,CE,1
7.46,10,68,3,1,69,27,3,2,1,ECE,1
9.75,9,65,3,1,55,95,8,4,3,CSE,1
6.92,1,31,6,3,72,81,2,2,2,ECE,1
7.12,6,87,3,3,59,65,6,5,3,ME,1
8.57,3,100,4,2,81,72,2,5,2,CSE,1
8.02,8,81,6,2,56,96,5,0,3,CE,1
6.49,2,67,4,1,93,41,7,5,2,IT,0
7.05,9,53,5,3,82,29,8,1,1,CE,1
6.09,3,95,1,0,83,36,2,0,2,CSE,1
9.83,9,47,3,3,81,88,5,4,2,EE,1
5.65,1,43,3,0,62,60,7,1,3,CE,0
6.86,10,79,2,3,91,66,4,2,2,EE,1
5.13,9,57,1,3,67,85,1,1,1,IT,1
6.11,6,62,1,1,85,21,4,1,1,CSE,1
8.9,9,99,6,0,66,34,5,0,2,CE,1
6.01,10,62,5,0,90,43,8,1,2,ECE,1
5.4,3,53,3,0,67,89,4,5,1,ME,0
7.37,1,49,0,3,99,98,7,1,1,CSE,1
5.05,10,50,6,2,63,62,5,4,2,ME,1
5.42,6,71,4,0,67,65,5,3,1,CE,1
9.04,1,92,6,1,58,62,8,2,3,IT,1
8.86,2,74,2,2,64,75,1,0,3,ME,1
9.58,2,47,6,3,80,24,8,1,2,CE,1
9.27,3,36,1,0,86,85,7,5,1,ME,1
8.42,2,87,4,2,95,77,6,3,2,EE,1
5.26,1,68,6,1,76,46,2,2,2,ECE,1
8.91,5,47,5,1,61,99,1,4,1,EE,1
9.23,1,81,3,1,77,77,7,0,3,CE,1
9.0,8,82,0,1,77,53,0,1,1,IT,1
7.54,2,71,0,2,78,85,3,3,2,CE,1
6.16,7,33,4,3,94,34,4,2,2,ME,1
9.23,2,75,5,1,86,40,5,1,1,CSE,1
8.64,10,50,6,0,71,47,0,4,1,ME,1
9.9,1,40,3,2,93,82,3,5,3,CE,1
5.78,6,73,1,3,62,28,4,5,1,IT,0
6.13,7,85,1,0,79,53,8,3,3,IT,1
6.06,8,54,5,3,96,93,1,5,2,IT,1
8.96,9,100,4,3,67,73,5,5,3,IT,1
5.93,7,65,3,0,92,69,6,5,3,IT,1
5.33,4,36,0,1,78,32,5,2,2,EE,0
9.99,3,94,6,0,91,40,8,1,3,IT,1
5.12,3,68,4,0,94,58,8,3,2,ME,1
9.18,4,93,0,0,76,80,6,1,3,IT,1
6.83,9,56,6,2,75,27,5,4,1,ECE,1
9.21,10,93,1,1,75,39,7,3,3,EE,1
7.77,7,43,5,1,59,88,0,4,3,EE,1
9.51,4,87,2,0,96,34,2,4,1,ECE,1
9.63,9,81,0,2,82,53,7,2,2,ECE,1
5.05,7,35,3,1,91,92,2,1,3,IT,1
5.38,7,62,5,2,87,49,4,2,2,CSE,1
6.25,8,80,5,3,75,37,2,1,1,CE,1
8.35,10,43,4,3,79,87,6,5,2,ECE,1
9.44,1,82,5,1,76,58,7,3,1,EE,1
7.3,10,68,3,2,86,64,4,3,2,IT,1
8.03,9,59,5,3,85,35,3,3,1,CSE,1
5.94,7,85,4,1,87,40,0,4,1,ME,1
9.02,7,62,1,0,92,99,3,2,1,IT,1
9.84,4,48,6,2,63,37,1,0,2,IT,1
6.34,8,71,6,3,87,65,5,3,1,CSE,1
7.47,5,34,2,3,80,63,1,5,1,CSE,1
5.43,7,93,3,3,95,75,1,3,1,EE,1
7.8,7,64,6,1,88,99,4,5,3,CSE,1
7.51,8,53,2,0,84,100,6,0,1,ECE,1
5.72,5,55,5,2,89,46,1,5,1,CSE,0
7.21,2,72,6,0,90,76,5,3,3,CSE,1
6.67,3,61,4,0,65,94,2,4,1,CSE,1
7.61,10,65,0,2,67,99,6,4,1,IT,1
7.93,10,83,3,2,86,76,5,2,2,ME,1
5.04,9,43,6,1,79,47,0,1,1,EE,1
8.81,3,35,4,2,55,53,4,3,1,EE,1
8.57,10,71,2,0,63,91,0,1,2,ECE,1
6.83,1,61,0,2,90,31,1,4,3,CSE,0
5.26,1,64,4,0,86,67,8,3,2,EE,1
8.77,10,31,4,1,93,26,8,5,1,CSE,1
9.78,3,87,2,3,77,32,8,4,2,ECE,1
6.2,10,82,1,0,67,20,5,3,3,EE,1
6.62,7,57,1,0,91,40,0,1,1,EE,1
5.92,6,46,4,3,89,73,2,3,1,ME,1
7.88,4,97,5,1,55,65,8,0,1,IT,1
5.77,6,43,5,2,87,41,7,5,1,ME,1
6.78,7,46,1,2,81,53,4,4,1,ECE,1
8.49,7,52,1,3,76,36,6,1,1,ECE,1
7.8,2,82,3,2,94,29,4,0,2,CE,1
6.93,3,69,1,0,93,69,3,1,3,CSE,1
7.1,5,63,4,2,84,38,3,4,3,CE,1
7.81,6,64,3,3,85,65,2,4,2,ECE,1
5.03,1,45,6,3,57,42,0,3,3,IT,0
5.39,3,32,0,0,64,32,8,5,2,CE,0
9.41,5,72,1,3,63,60,0,5,3,ECE,1
5.39,9,38,1,2,87,57,6,3,2,IT,1
8.53,2,43,5,1,79,39,3,2,3,ECE,1
9.6,1,45,4,0,85,46,1,3,1,IT,1
6.35,10,51,1,3,58,96,8,0,2,CE,1
6.85,2,79,0,3,57,61,4,5,1,EE,0
7.84,10,92,1,0,63,52,3,5,1,ECE,1
9.41,1,65,0,3,70,72,8,4,2,IT,1
9.71,1,75,5,3,93,70,2,2,2,EE,1
8.7,9,37,3,3,92,47,2,0,3,EE,1
5.43,10,60,0,0,83,95,5,1,2,IT,1
8.35,5,92,3,2,63,21,5,3,1,ECE,1
7.05,6,63,1,2,94,73,3,2,2,CE,1
7.35,1,49,5,0,95,88,5,2,1,CSE,1
5.25,5,73,0,3,68,91,7,3,1,ME,1
5.96,1,41,1,3,92,25,4,5,2,EE,0
8.95,1,82,0,2,93,50,3,1,2,CE,1
7.27,8,85,5,0,93,40,1,5,2,EE,1
6.51,4,97,6,2,83,33,2,3,3,ME,1
6.92,8,54,1,0,61,91,8,1,3,EE,1
9.27,5,67,4,3,97,34,3,2,3,CE,1
8.74,6,86,6,2,75,37,5,3,1,CE,1
6.36,2,96,2,1,81,89,7,1,3,CSE,1
5.59,8,58,5,1,86,54,1,3,1,ECE,1
6.26,3,83,3,3,99,68,0,1,3,EE,1
9.6,1,83,6,3,74,85,4,3,1,CSE,1
7.91,5,71,6,3,69,94,5,3,2,CE,1
7.67,1,31,3,2,70,90,4,0,3,ECE,1
7.98,7,52,6,0,92,74,2,1,2,EE,1
6.83,4,72,6,1,93,55,4,5,1,ECE,1
9.04,3,64,4,2,67,72,1,2,3,CE,1
7.62,1,41,4,0,98,97,5,4,1,CSE,1
5.58,8,78,2,0,79,73,8,5,3,ME,1
5.65,1,40,5,0,74,58,7,4,3,ME,0
7.68,5,52,2,1,65,44,8,2,2,EE,1
9.68,5,93,4,3,100,78,8,3,1,EE,1
6.54,8,63,0,3,77,25,1,5,3,EE,0
9.35,8,76,4,0,90,43,2,4,2,ECE,1
8.82,10,37,4,3,71,86,6,0,2,ECE,1
6.24,7,31,3,0,81,85,6,4,1,EE,1
5.18,9,51,0,0,66,60,2,4,2,ECE,0
5.51,3,65,5,1,85,32,8,0,3,CE,1
8.64,1,69,0,3,59,32,5,3,3,ECE,1
6.0,2,57,5,1,70,100,7,3,1,ECE,1
6.86,9,33,5,0,60,68,5,1,2,IT,1
7.51,8,70,3,2,58,21,7,5,3,EE,1
8.63,8,76,5,0,91,46,3,5,2,EE,1
5.57,8,64,3,3,93,36,3,3,1,CSE,1
7.03,8,40,6,2,90,77,3,1,3,ECE,1
7.43,1,62,6,3,83,50,7,1,3,CE,1
7.7,5,98,4,1,85,65,1,0,3,EE,1
9.09,6,62,4,3,86,92,1,0,3,IT,1
5.86,9,48,6,3,77,84,7,0,1,CSE,1
9.04,10,73,6,2,100,90,7,4,2,EE,1
8.46,4,86,2,2,93,36,1,2,3,CE,1
7.78,1,39,0,2,92,37,3,5,2,ECE,0
8.5,7,89,5,3,74,96,3,3,1,IT,1
7.06,3,38,5,3,64,64,8,3,3,CSE,1
5.69,7,83,3,3,57,50,3,3,3,CE,1
8.33,4,87,5,2,69,34,3,4,3,CE,1
7.62,10,47,1,0,56,61,5,3,3,CSE,1
8.2,5,94,5,2,57,51,3,3,1,CSE,1
6.69,5,85,6,0,71,92,3,5,3,EE,1
9.53,8,37,3,0,55,46,8,2,3,EE,1
7.94,9,98,6,2,62,66,4,5,2,ME,1
5.43,7,97,2,3,58,24,8,0,3,ME,1
7.25,3,73,1,3,59,35,2,5,1,ME,0
8.78,1,33,0,0,84,33,7,3,2,ME,0
8.97,3,39,3,3,84,94,8,4,1,EE,1
7.47,1,75,1,1,88,62,0,4,2,CSE,0
9.47,5,52,5,3,81,25,8,3,3,CSE,1
6.34,7,43,3,2,58,75,2,1,2,CSE,1
7.05,7,52,6,2,85,75,0,1,3,ECE,1
9.49,4,80,1,0,91,100,3,3,2,IT,1
9.48,6,62,1,2,90,91,7,4,3,ME,1
8.43,5,99,4,1,91,64,5,1,1,CE,1
9.29,7,72,1,3,96,49,2,1,2,EE,1
5.44,2,96,2,3,63,47,4,4,1,EE,1
9.32,9,47,0,2,57,28,7,0,3,ECE,1
6.6,9,70,2,3,97,48,0,3,3,IT,1
5.89,4,69,0,0,74,55,4,0,2,CSE,1
6.2,7,91,1,1,75,65,6,4,3,ECE,1
7.09,5,44,0,0,78,69,0,2,2,ME,0
6.26,8,90,6,2,57,40,2,4,3,IT,1
6.6,1,78,6,1,92,61,3,0,1,CSE,1
5.67,9,59,2,0,91,30,7,4,1,IT,1
6.48,5,95,1,1,56,37,2,4,3,EE,0
7.86,4,54,6,0,58,66,7,4,2,IT,1
7.21,6,84,5,3,55,57,0,3,2,CSE,1
6.73,5,60,3,1,81,63,5,2,2,ME,1
8.73,5,93,1,0,67,82,1,5,2,IT,1
9.47,4,56,6,1,92,74,3,4,3,IT,1
8.78,3,83,2,0,98,94,8,1,1,CE,1
6.66,10,33,4,2,73,25,2,2,2,EE,1
8.72,5,48,3,3,79,30,5,4,2,ME,1
5.76,7,62,3,3,96,32,1,5,1,IT,1
5.65,5,93,2,1,67,63,1,0,3,CSE,1
6.73,6,77,2,3,73,30,7,2,3,ECE,1
9.04,5,77,6,1,83,60,6,0,2,ECE,1
6.23,5,48,6,3,72,85,3,1,2,EE,1
5.32,1,32,3,2,61,94,8,2,3,CSE,1
5.66,4,92,6,0,98,38,7,2,2,CE,1
9.29,7,41,2,2,87,32,8,1,3,CE,1
8.17,3,70,6,1,64,60,5,0,3,EE,1
6.27,5,49,3,2,88,20,2,1,3,CE,1
7.78,1,56,4,1,80,33,0,0,3,CSE,1
7.64,9,82,5,0,97,50,7,4,2,ECE,1
8.28,7,84,1,3,90,97,1,0,1,ECE,1
6.17,9,94,5,2,77,34,2,5,1,CSE,1
9.32,4,50,3,1,78,92,3,3,2,CSE,1
6.55,5,85,3,0,98,93,4,0,2,ME,1
8.47,3,68,1,3,85,96,1,0,2,ME,1
5.08,9,65,6,1,98,81,5,2,1,IT,1
6.86,9,55,0,0,89,26,3,3,2,ECE,1
6.76,3,92,0,3,78,46,2,3,2,IT,1
7.72,1,94,0,2,70,49,8,1,2,IT,1
5.36,5,90,6,0,88,35,3,3,1,CE,1
8.95,8,45,1,0,80,71,4,2,2,CSE,1
6.09,7,70,4,1,93,48,7,0,2,IT,1
8.39,5,52,5,2,77,37,4,5,3,CE,1
9.02,4,87,0,1,61,65,7,2,2,ME,1
7.81,10,65,4,1,88,47,7,1,2,ECE,1
8.7,1,66,6,2,61,72,1,5,3,ECE,1
8.31,9,41,1,3,88,59,7,2,3,CE,1
6.78,7,67,3,2,62,20,7,0,1,CSE,1
9.04,8,90,6,2,63,69,0,5,3,CE,1
6.47,3,98,3,1,86,61,4,0,2,IT,1
7.86,9,52,0,2,76,39,7,3,1,ECE,1
8.73,8,43,0,1,71,91,7,0,3,EE,1
6.89,8,66,4,1,86,49,1,3,1,ME,1
6.51,7,55,1,3,58,43,2,2,3,IT,1
7.3,3,33,2,2,62,94,3,1,1,ME,1
9.09,1,56,3,2,55,83,1,2,1,ECE,1
9.65,5,45,5,3,76,24,3,5,3,ME,1
7.73,7,32,3,0,73,60,0,4,1,IT,1
8.31,9,54,4,3,66,61,4,3,2,ME,1
9.52,6,94,6,1,97,51,0,2,3,CE,1
5.49,1,51,4,1,64,79,8,4,2,CSE,0
6.16,10,77,4,2,72,90,0,3,3,ECE,1
8.54,10,51,5,0,66,98,5,4,1,ECE,1
9.12,10,97,0,1,56,32,6,2,2,EE,1
9.29,4,42,6,2,71,61,8,4,2,IT,1
7.08,5,44,0,0,100,64,0,0,2,IT,1
5.45,3,62,1,3,62,41,5,4,2,CSE,0
7.19,8,60,4,3,72,36,8,0,1,IT,1
6.15,6,43,5,0,85,99,2,5,2,EE,1
6.46,9,91,1,2,68,26,5,5,1,ECE,1
8.86,9,99,5,1,94,27,2,3,1,ECE,1
5.38,9,85,0,3,55,20,4,2,2,ECE,1
9.14,5,56,6,1,99,28,4,4,3,IT,1
7.14,10,86,6,0,91,33,5,1,1,ME,1
7.98,5,88,5,0,86,72,5,3,2,ME,1
5.45,4,40,4,2,75,45,3,2,1,IT,1
6.69,6,47,0,3,55,23,5,5,3,IT,0
5.45,8,31,5,0,66,66,7,5,2,CSE,0
9.81,7,36,4,0,77,51,7,0,1,IT,1
9.04,9,92,2,3,97,76,3,5,3,EE,1
7.3,6,75,4,0,66,86,5,2,2,ECE,1
6.12,2,65,6,2,68,44,2,1,1,ME,1
9.67,9,43,0,2,80,84,2,3,1,ECE,1
6.72,3,43,5,2,62,24,0,2,1,CSE,1
5.8,7,92,0,0,75,44,6,3,3,ECE,1
7.82,2,36,5,1,97,20,6,1,2,IT,1
9.72,2,42,6,2,100,67,3,2,3,ME,1
5.02,7,32,4,2,60,27,2,1,3,CSE,1
6.19,2,30,6,2,71,82,1,5,3,ME,0
9.69,9,37,0,1,77,41,5,3,2,EE,1
5.86,5,48,3,2,69,45,3,2,2,IT,1
5.57,4,36,1,2,72,87,3,1,3,CE,1
7.85,5,37,3,3,81,33,1,2,2,CSE,1
9.31,3,89,2,3,91,79,3,0,2,CSE,1
7.39,6,71,4,3,86,78,5,0,2,CE,1
9.97,2,72,5,1,61,24,8,1,3,ECE,1
8.4,7,32,6,2,75,99,7,3,1,CSE,1
5.37,6,56,3,2,78,30,6,5,2,IT,0
9.96,10,62,4,2,70,77,2,0,2,IT,1
7.04,4,83,0,3,59,34,5,2,3,CE,1
6.44,3,60,0,0,96,68,5,0,3,CSE,1
7.79,2,90,3,0,78,77,1,4,2,CSE,1
6.52,6,96,6,2,66,74,6,2,1,EE,1
5.43,3,63,0,0,73,79,5,1,3,IT,0
5.01,5,72,4,3,96,84,2,3,3,EE,1
7.25,3,83,6,2,94,77,7,4,2,CE,1
9.18,2,40,2,1,55,79,2,5,2,ME,0
7.86,9,97,3,2,92,21,8,3,1,ECE,1
10.0,4,40,3,2,88,70,4,1,2,CSE,1
6.43,7,100,1,1,94,84,7,0,2,ME,1
6.4,8,79,0,1,88,48,4,1,2,CSE,1
5.8,4,38,6,0,62,33,1,3,2,EE,0
5.82,7,31,4,0,59,62,8,1,2,CSE,1
6.43,5,97,1,2,98,40,4,3,1,ME,1
8.96,3,65,1,0,95,50,8,3,2,CSE,1
9.53,8,83,2,1,87,45,7,4,1,CSE,1
9.88,9,68,5,3,84,81,8,3,2,CE,1
6.16,9,53,1,2,98,64,8,0,3,ECE,1
9.41,8,47,0,1,82,89,6,5,3,CE,1
6.64,1,56,5,2,76,59,0,4,2,ECE,0
5.56,2,49,2,1,77,45,5,4,2,CSE,0
9.35,6,80,5,2,100,77,0,3,2,CE,1
8.18,3,64,4,1,75,37,3,1,1,EE,1
5.82,9,32,0,2,66,35,7,3,1,CSE,1
7.15,4,92,2,3,79,65,0,3,2,CSE,1
6.44,1,94,0,0,70,72,3,5,3,EE,0
8.68,3,39,6,0,91,39,4,5,1,EE,1
7.27,9,38,4,2,59,20,2,5,3,CE,0
9.95,8,31,6,3,91,37,4,0,2,CE,1
5.27,9,78,1,0,62,97,2,0,3,CE,1
6.78,6,30,0,2,71,79,2,0,2,EE,1
7.41,8,94,3,2,59,89,1,0,2,CSE,1
7.52,6,51,3,2,98,61,0,4,2,ECE,1
6.58,2,58,3,2,79,39,6,1,3,ECE,1
8.65,4,95,4,3,79,36,3,2,2,ECE,1
9.37,5,49,5,0,60,37,8,0,2,ECE,1
9.69,8,43,1,3,93,98,6,5,1,ME,1
9.03,8,59,1,1,86,84,5,5,1,ECE,1
9.25,2,33,3,3,91,38,4,3,2,EE,1
7.75,9,91,0,3,62,31,4,0,1,EE,1
9.13,3,75,2,0,90,88,3,5,1,EE,1
6.52,8,32,2,3,63,29,2,1,2,ME,1
6.99,5,73,0,0,97,62,2,0,3,ME,1
6.58,5,73,1,0,62,42,7,1,3,EE,1
7.34,6,38,5,2,82,76,5,5,1,EE,1
6.43,7,46,2,2,59,31,6,4,3,ECE,1
9.81,6,89,1,2,55,39,5,2,3,ECE,1
6.56,6,46,1,0,70,64,2,4,1,IT,0
5.49,8,56,3,0,59,24,5,4,2,ECE,0
7.63,5,45,5,2,76,52,8,0,1,ME,1
5.29,10,45,6,3,94,91,1,1,3,CSE,1
5.55,5,93,3,0,70,90,3,4,2,CSE,1
6.1,4,52,0,3,95,48,7,4,3,EE,1
7.32,5,67,3,1,92,32,3,5,3,ECE,0
7.17,7,58,1,0,56,37,2,1,2,CSE,1
9.0,8,88,1,2,89,76,7,0,1,CE,1
8.7,2,43,4,2,97,100,3,4,2,ECE,1
7.13,6,51,4,0,76,75,6,3,2,ECE,1
6.67,3,77,1,1,98,50,4,4,1,CSE,1
6.58,8,92,3,3,60,98,7,1,2,ME,1
8.87,2,44,3,1,73,74,4,2,2,ME,1
5.26,5,89,0,2,91,29,3,4,3,CSE,0
5.06,9,34,6,1,95,47,6,2,3,ECE,1
8.98,9,69,3,0,73,76,0,3,1,ECE,1
7.39,3,30,5,3,90,36,1,3,2,CE,1
5.65,1,47,1,1,64,60,2,1,1,EE,0
6.18,1,82,5,2,64,34,7,1,1,IT,1
9.66,8,31,6,3,96,24,8,1,1,ME,1
9.3,1,48,3,0,64,44,5,1,1,CE,1
8.55,6,50,0,1,86,44,2,2,1,ECE,1
7.41,2,89,1,3,90,77,0,1,1,ME,1
7.6,3,68,1,3,91,74,4,4,3,IT,1
9.88,8,85,4,0,98,33,4,1,3,IT,1
9.83,4,94,5,0,59,80,3,4,1,CE,1
6.08,5,77,6,2,63,63,1,4,1,CE,1
9.06,5,45,3,0,92,53,8,1,2,EE,1
5.99,5,67,4,1,75,36,2,5,2,CSE,0
6.07,7,93,1,1,84,47,4,4,3,IT,1
8.38,4,91,0,1,72,62,4,3,2,IT,1
7.03,5,54,5,3,88,47,1,0,1,EE,1
9.66,10,59,3,3,79,96,0,0,3,ECE,1
5.45,7,59,2,2,93,37,5,4,1,IT,1
7.56,4,67,2,3,83,100,4,4,3,EE,1
9.59,1,69,2,3,59,45,8,5,2,EE,1
9.52,9,37,2,2,57,42,1,1,1,CSE,1
5.78,5,62,1,3,85,27,8,3,3,CE,1
6.83,9,73,5,2,80,60,4,3,3,ME,1
8.1,5,57,4,1,78,86,3,2,3,ECE,1
5.8,10,43,4,0,70,74,5,4,3,CSE,1
9.84,2,72,2,1,77,46,8,0,1,CSE,1
9.57,5,88,3,3,66,75,2,4,1,CE,1
5.83,9,31,0,3,87,95,2,2,3,ECE,1
5.61,2,37,2,1,62,64,2,2,3,IT,0
5.43,2,100,6,1,85,44,0,3,3,ME,1
9.55,1,50,2,1,65,23,7,1,1,ME,1
5.97,4,70,4,0,55,23,4,2,2,IT,1
7.08,10,41,5,0,70,21,4,4,2,CE,1
7.24,10,39,4,2,91,24,6,2,3,CSE,1
8.0,9,92,1,3,97,88,4,3,3,ECE,1
5.36,8,78,4,1,61,52,1,1,1,ME,1
6.13,5,86,1,1,66,42,0,1,3,ECE,1
9.66,10,68,2,3,71,57,5,1,2,EE,1
9.54,10,83,6,1,69,70,1,1,1,ME,1
8.91,1,31,2,0,55,51,1,1,3,ME,0
5.1,9,69,2,0,79,67,1,2,2,ECE,1
6.64,1,100,0,1,81,86,1,5,2,IT,0
8.14,5,91,2,1,85,37,8,1,1,EE,1
6.38,5,33,6,2,96,29,1,4,2,CE,1
9.55,4,68,1,1,81,91,6,1,3,CSE,1
8.17,2,76,2,3,68,84,2,3,1,CSE,1
5.36,5,71,4,3,92,47,7,0,3,CE,1
9.55,7,99,3,2,98,27,5,2,1,CE,1
9.79,7,92,5,1,94,52,6,2,3,CSE,1
5.39,7,95,2,1,70,57,3,5,2,ME,0
7.66,9,77,3,2,100,79,3,4,2,CSE,1
6.52,4,63,5,2,96,32,1,0,3,IT,1
6.96,7,35,3,2,66,29,5,1,3,ME,1
5.9,10,97,6,2,97,44,6,1,3,ME,1
7.89,9,66,4,0,66,26,3,2,3,CSE,1
9.79,7,44,6,2,74,68,0,4,2,CE,1
7.52,10,45,0,3,71,93,1,1,2,CSE,1
5.41,1,68,3,3,85,36,7,3,1,ME,1
8.1,4,71,6,0,99,39,0,4,2,ECE,1
6.7,9,67,5,3,66,56,0,4,2,IT,1
9.28,7,30,5,1,57,59,5,0,3,IT,1
7.17,7,38,2,0,61,36,5,1,1,CE,1
5.96,7,60,2,0,92,83,2,3,2,EE,1
5.96,4,97,2,2,73,30,7,4,2,ECE,1
8.84,2,39,5,2,77,74,6,0,3,ME,1
6.33,3,32,2,3,55,71,8,2,3,EE,1
8.84,3,93,0,2,84,50,0,4,3,CSE,1
6.03,4,100,3,2,90,59,2,3,2,CSE,1
6.61,3,64,4,0,57,77,7,3,1,EE,1
7.33,1,33,0,3,68,58,7,0,1,ECE,1
9.72,7,84,4,1,72,61,3,0,1,ECE,1
9.66,2,32,1,3,86,74,1,3,1,ME,1
6.03,2,84,5,2,77,24,7,4,2,CSE,1
6.79,1,46,5,0,97,100,5,3,3,CE,1
5.75,2,50,2,2,82,60,6,1,2,ME,1
7.55,10,69,6,2,77,82,2,4,1,EE,1
7.3,7,32,1,1,93,45,6,3,1,IT,1
9.5,7,30,6,0,62,96,7,5,3,CSE,1
9.65,2,76,5,1,91,35,6,3,1,CE,1
6.92,6,39,5,2,98,95,0,0,3,ECE,1
7.46,2,61,2,1,58,89,1,5,2,ECE,0
9.48,2,42,6,1,81,89,3,2,1,CE,1
9.03,4,33,0,2,63,66,8,0,1,CSE,1
5.02,8,77,3,2,87,30,0,0,3,IT,1
6.6,5,91,3,3,98,41,6,5,2,CSE,1
7.11,2,90,5,3,100,69,8,1,2,ME,1
6.15,5,35,5,3,78,63,7,4,2,ME,1
6.0,3,100,5,3,56,78,2,1,2,ECE,1
5.19,1,79,4,1,91,98,1,3,1,EE,1
8.22,6,31,6,1,91,55,8,0,1,ECE,1
6.31,8,89,4,1,84,94,3,0,1,CSE,1
5.26,1,57,2,0,57,97,8,5,1,IT,0
6.15,2,63,4,0,87,82,4,5,1,EE,0
9.01,6,97,0,2,88,78,3,2,2,EE,1
9.26,1,87,5,2,77,21,7,2,3,IT,1
7.42,1,36,3,2,69,45,5,1,3,CSE,1
7.08,9,49,2,0,70,52,4,1,2,ME,1
9.89,9,92,5,0,73,53,6,3,1,CSE,1
6.0,7,61,3,1,74,66,7,5,3,CE,1
6.08,4,48,3,2,62,37,7,4,1,ECE,1
6.46,9,30,0,1,68,60,1,0,2,CE,1
5.86,8,39,2,2,70,26,6,3,1,IT,1
6.9,8,100,2,0,62,88,3,4,3,CSE,1
9.55,7,58,4,2,67,57,0,5,2,ME,1
8.08,10,87,1,0,89,80,6,0,3,CSE,1
7.06,7,35,2,2,99,57,6,2,3,CE,1
9.67,10,84,6,1,93,72,2,2,2,EE,1
5.24,7,32,5,3,69,65,8,1,1,CSE,1
6.05,9,100,2,0,83,73,4,1,3,EE,1
7.83,6,83,5,2,96,97,1,2,3,CE,1
8.08,2,100,3,3,91,69,5,0,2,ECE,1
5.2,1,82,3,0,72,100,4,4,3,CSE,0
7.02,7,52,2,0,92,53,2,0,2,CE,1
8.25,6,93,6,2,71,38,2,2,1,ME,1
8.49,7,68,6,3,90,80,0,5,1,EE,1
8.19,7,47,2,3,57,43,7,2,2,CE,1
6.6,6,93,3,1,80,27,0,3,3,EE,1
5.47,5,84,1,0,63,52,7,2,3,ME,1
7.14,9,74,1,3,94,71,2,5,2,ECE,1
5.64,2,82,5,1,93,91,1,4,2,EE,1
9.74,6,37,6,3,87,94,1,4,1,CSE,1
7.38,10,78,2,1,86,73,1,2,3,CE,1
6.59,4,68,4,2,79,90,5,1,1,ECE,1
8.83,2,38,1,1,56,22,1,5,2,EE,0
7.49,5,86,2,2,67,64,6,2,3,IT,1
6.55,1,67,1,3,65,69,0,1,3,CSE,1
9.06,6,98,4,3,93,71,5,5,2,ECE,1
9.34,1,76,6,3,88,86,7,4,3,ME,1
8.37,10,83,5,0,93,28,2,4,1,ECE,1
5.23,6,51,1,3,88,26,7,2,2,EE,1
7.83,8,76,0,2,79,100,8,4,3,ECE,1
8.82,2,74,0,3,90,27,4,5,1,EE,1
5.68,8,63,4,1,72,64,6,3,1,ME,1
6.14,5,82,5,0,76,38,5,4,3,CE,1
9.41,8,97,2,1,63,87,6,0,2,CSE,1
5.1,4,61,2,2,89,91,5,0,3,ECE,1
8.76,7,65,6,2,89,68,3,2,2,CSE,1
7.37,3,94,4,3,66,87,2,1,1,IT,1
7.23,9,72,3,2,79,20,1,3,1,EE,1
5.04,5,49,3,1,84,39,7,5,3,EE,0
9.1,8,66,4,1,55,50,8,2,1,ECE,1
6.8,2,94,0,1,70,44,7,3,1,CSE,1
7.7,2,43,1,1,77,98,4,4,1,ME,1
8.39,5,50,4,0,93,92,3,0,1,IT,1
8.51,1,98,1,3,75,73,2,4,1,EE,1
9.78,1,57,0,1,79,78,1,2,1,CSE,1
7.66,8,61,1,2,79,70,5,0,2,ECE,1
7.0,8,57,0,3,95,57,0,1,1,ECE,1
9.77,1,86,5,0,79,24,7,0,3,CSE,1
8.21,10,74,5,3,80,99,2,1,2,CSE,1
6.49,1,57,0,3,55,44,0,0,2,ECE,1
5.63,8,36,4,0,65,28,4,3,3,ME,0
9.21,3,50,3,1,96,53,2,5,1,IT,1
6.81,5,47,0,2,96,99,7,4,2,EE,1
8.3,10,70,1,3,65,76,2,0,1,ME,1
7.35,3,61,2,2,61,79,1,4,3,ECE,0
5.99,2,33,4,3,77,23,6,3,2,ECE,1
8.01,5,97,5,3,57,83,4,0,3,ME,1
5.3,6,99,0,3,90,74,4,2,1,IT,1
7.07,1,60,5,0,82,28,5,0,2,ME,1
7.73,3,98,2,1,66,30,5,5,2,ME,1
7.18,7,34,1,1,77,81,7,5,3,ME,1
8.74,10,55,4,3,88,83,5,3,2,IT,1
9.14,6,71,6,3,66,69,2,1,2,EE,1
8.86,6,93,1,2,73,100,2,4,1,ME,1
5.19,5,99,3,2,58,52,5,5,2,EE,1
5.97,10,68,5,0,78,73,6,3,1,IT,1
7.68,3,83,5,1,58,47,8,0,3,IT,1
9.67,6,59,3,1,66,59,4,3,1,ME,1
9.17,8,50,0,2,68,26,4,1,3,CE,1
9.21,6,87,5,2,61,37,4,3,1,IT,1
6.52,9,46,2,2,98,72,2,2,2,ECE,1
7.15,1,81,6,0,92,99,4,2,2,EE,1
7.35,8,83,1,0,68,82,6,5,2,ME,1
5.79,7,54,4,0,75,62,8,4,1,ECE,1
5.16,4,64,4,2,70,29,5,0,1,CSE,1
9.73,4,36,1,1,82,68,7,3,2,ME,1
6.2,3,71,0,0,94,98,2,0,1,CSE,1
6.2,9,46,5,2,56,88,4,3,1,IT,1
5.42,1,44,1,3,95,60,8,3,2,ME,1
9.64,1,65,1,3,76,34,5,2,2,EE,1
7.9,3,66,1,1,88,35,7,4,2,ECE,1
8.34,10,35,4,3,58,64,6,5,1,EE,1
9.56,9,67,6,3,80,53,3,5,2,CE,1
6.73,8,96,4,0,87,53,4,2,2,CE,1
8.11,7,40,1,2,89,51,4,0,1,ME,1
5.19,1,56,0,1,98,31,6,3,3,CE,0
5.93,1,55,3,3,93,38,2,1,2,CE,1
9.16,8,89,6,3,85,53,6,5,2,EE,1
8.83,6,81,1,0,90,69,3,1,3,ECE,1
6.75,9,66,4,3,87,45,3,0,3,IT,1
6.88,3,32,5,0,76,76,6,2,2,IT,1
7.67,5,31,0,1,65,22,1,5,3,IT,0
5.0,7,30,2,2,86,78,7,2,2,EE,1
6.21,8,84,6,1,69,26,0,0,1,ME,1
6.04,10,93,2,3,98,32,4,3,2,IT,1
6.25,5,64,6,0,68,23,2,2,3,CSE,1
9.03,6,76,5,3,61,65,2,5,1,ME,1
6.4,1,62,5,2,93,71,4,2,3,CSE,1
5.96,5,85,1,3,93,99,6,3,3,ECE,1
7.52,6,43,6,3,98,50,1,1,2,CSE,1
9.33,10,73,2,0,87,28,0,3,3,CE,1
6.21,5,51,0,2,86,67,0,4,2,IT,0
5.39,2,73,5,3,93,100,8,1,1,IT,1
6.78,8,36,2,0,68,42,7,0,3,CSE,1
8.74,1,82,0,0,84,33,1,1,2,EE,1
7.75,2,87,5,2,74,61,5,0,2,CSE,1
9.08,7,50,0,1,96,59,5,1,2,IT,1
9.8,8,60,0,0,72,44,1,3,2,CE,1
8.96,4,64,3,1,65,82,2,1,3,EE,1
8.02,10,77,5,2,72,83,5,1,3,IT,1
7.47,2,50,3,2,84,22,6,2,3,IT,1
5.2,4,31,6,0,71,59,0,2,1,CE,0
9.92,5,66,3,3,79,49,4,3,2,ME,1
6.92,5,36,6,0,55,67,5,0,3,ME,1
5.76,8,79,2,0,68,58,3,3,3,CE,1
8.33,4,62,5,2,58,55,6,0,3,CSE,1
6.42,10,88,2,0,77,53,3,3,2,IT,1
7.93,4,82,1,1,79,45,2,5,3,CSE,0
7.93,3,30,4,0,61,25,5,0,2,ECE,1
7.23,10,46,2,1,63,20,5,5,1,CSE,1
9.18,6,92,4,1,95,54,8,2,3,CE,1
6.32,5,74,3,0,68,24,0,3,1,ECE,0
7.24,8,65,6,3,85,95,8,0,1,ME,1
7.69,1,52,4,2,79,20,6,5,3,CSE,0
8.32,7,40,6,2,86,45,8,1,2,EE,1
8.92,1,64,6,0,59,42,7,3,3,CSE,1
6.97,4,35,2,2,97,74,6,2,3,CSE,1
8.23,3,37,4,2,69,54,8,3,2,IT,1
5.75,2,67,4,2,74,39,6,4,3,CE,0
9.66,7,47,0,1,94,73,8,4,3,ME,1
6.92,6,79,1,2,96,25,2,1,2,IT,1
8.65,10,77,1,0,64,49,5,3,3,IT,1
5.1,1,55,0,3,98,99,4,0,2,ME,1
6.03,7,72,1,0,76,76,0,5,3,CE,0
7.44,4,36,3,3,58,25,2,0,1,CSE,1
9.39,8,70,4,2,99,31,8,5,2,CSE,1
7.64,7,92,1,2,64,24,8,4,3,CE,1
9.65,1,68,3,0,98,42,2,4,2,CSE,1
7.42,2,53,3,2,60,59,7,1,1,CSE,1
7.45,7,62,5,2,94,98,0,1,3,IT,1
5.6,4,41,6,1,56,25,5,0,3,CSE,1
9.01,8,70,1,0,97,28,6,4,3,IT,1
6.23,4,97,0,2,77,59,3,3,1,IT,1
9.5,4,87,4,1,66,93,4,2,2,EE,1
9.55,7,82,2,2,76,76,0,4,3,ECE,1
9.72,8,77,3,1,72,52,8,3,3,EE,1
7.6,4,85,5,0,64,51,5,5,2,IT,1
8.39,4,66,5,3,90,46,3,5,2,ME,1
8.89,6,38,4,0,73,23,6,0,1,EE,1
5.66,4,49,6,1,79,99,6,1,2,CSE,1
8.0,8,67,0,2,79,50,0,3,1,CSE,1
5.17,9,76,6,1,69,21,0,2,3,CE,1
7.49,6,55,5,3,76,37,3,5,3,IT,1
5.77,1,33,5,3,99,94,1,4,2,ECE,1
5.91,8,87,0,1,92,83,4,3,1,ECE,1
6.83,4,36,5,2,95,49,2,4,2,CSE,1
7.16,4,90,6,2,89,74,3,0,3,CSE,1
8.12,3,54,1,1,67,31,5,2,3,ME,1
5.37,3,64,1,3,78,61,5,1,3,ME,1
7.52,10,87,2,0,89,87,5,3,1,IT,1
5.91,10,82,0,0,80,29,0,1,2,ECE,1
7.87,10,99,4,1,71,50,5,5,1,CE,1
8.19,2,38,0,0,82,31,5,1,1,CSE,1
7.78,2,35,2,2,82,67,3,0,1,IT,1
8.69,10,91,1,0,65,27,0,2,2,ECE,1
6.68,3,55,4,3,57,58,8,2,3,ME,1
8.83,10,91,2,0,94,77,8,0,1,ME,1
7.16,3,48,1,1,80,93,6,3,3,ECE,1
7.42,3,33,0,3,70,91,7,4,2,CE,1
8.24,2,52,3,3,71,20,6,2,2,IT,1
5.09,7,67,2,0,64,21,2,1,3,CSE,0
8.27,3,69,5,0,91,56,7,2,3,ECE,1
8.09,7,47,5,3,56,94,5,0,3,EE,1
6.55,1,56,2,2,69,26,6,5,3,CSE,0
5.43,7,74,1,2,68,71,5,0,3,IT,1
5.45,1,98,0,0,87,46,1,1,2,CSE,0
9.62,9,49,1,1,80,75,1,2,3,ECE,1
8.45,8,66,0,1,90,37,6,3,1,CE,1
5.64,4,93,2,2,81,39,1,2,1,IT,1
6.78,4,42,1,2,59,46,5,5,3,CE,0
7.96,4,83,6,2,58,29,2,3,2,CSE,1
9.18,4,57,0,3,91,31,8,0,3,IT,1
5.22,8,58,3,1,65,64,6,5,3,CE,0
6.18,9,49,0,3,63,70,7,4,3,CE,1
9.45,9,98,2,3,68,36,5,1,3,ME,1
5.05,7,37,6,1,96,27,0,2,3,CE,1
6.01,1,89,0,3,74,89,4,3,3,EE,1
9.8,9,62,5,2,67,95,2,0,2,EE,1
8.07,4,50,1,0,80,84,8,3,1,EE,1
6.31,1,83,2,3,65,37,4,1,2,IT,1
5.33,9,37,5,0,73,62,6,5,1,ECE,1
5.14,7,93,0,1,91,100,2,1,2,IT,1
6.22,8,77,6,3,86,27,2,5,2,ME,1
9.41,8,43,0,1,58,46,7,2,3,CE,1
7.08,5,92,1,2,78,88,8,3,1,ME,1
8.6,9,30,0,2,68,86,2,0,3,ME,1
9.59,1,81,5,2,93,81,3,5,3,ME,1
7.04,7,41,6,3,62,67,2,4,3,CE,1
5.96,2,100,4,3,95,82,8,1,2,CSE,1
7.59,8,30,3,1,63,89,1,2,2,IT,1
9.54,9,77,1,0,60,24,0,3,1,CSE,1
9.02,8,51,0,0,70,34,0,0,3,ECE,1
5.33,2,33,2,2,92,34,2,0,2,EE,1
8.46,2,66,1,2,100,54,3,5,3,CSE,1
7.86,2,81,6,0,94,63,2,0,1,CE,1
9.54,1,35,1,3,69,58,8,2,2,CSE,1
5.61,10,85,1,2,57,68,4,2,2,EE,1
7.67,7,50,2,3,80,55,1,5,2,ECE,1
9.4,8,68,2,3,96,47,1,5,3,CSE,1
7.05,10,30,4,1,75,69,7,2,1,IT,1
7.41,6,81,3,2,66,52,2,2,3,IT,1
5.35,7,95,4,1,79,42,0,1,1,IT,1
6.39,2,88,0,0,89,24,4,5,2,IT,0
6.62,5,34,5,3,64,48,3,4,1,ME,1
9.73,6,73,1,2,55,41,8,2,1,ECE,1
6.41,9,67,1,1,89,35,5,3,2,EE,1
7.3,7,31,1,2,92,74,0,2,1,ECE,1
8.36,5,80,3,3,79,35,2,3,3,ME,1
5.81,1,98,5,0,80,71,8,2,3,CE,1
7.43,4,73,2,3,96,59,4,2,3,ECE,1
8.69,3,90,1,2,73,94,6,5,1,ME,1
9.33,3,73,5,2,76,57,7,0,1,IT,1
8.13,6,83,2,1,66,42,0,1,3,CE,1
8.35,10,49,4,2,65,97,5,0,2,ECE,1
5.63,7,88,4,1,88,33,8,0,1,CSE,1
9.73,6,50,1,1,77,48,2,4,1,ECE,1
5.66,2,69,1,2,92,34,4,0,3,ECE,1
8.87,6,73,4,0,82,22,6,1,3,IT,1
6.32,3,48,5,0,100,72,0,3,3,CSE,0
9.67,1,30,3,3,68,38,4,0,3,CSE,1
8.6,7,63,6,3,75,95,1,1,1,CSE,1
8.77,4,44,2,0,97,54,3,3,2,EE,1
6.1,5,78,0,3,98,55,4,4,2,ME,1
7.22,3,75,5,0,59,90,7,2,1,ECE,1
8.09,7,43,0,3,65,80,4,4,3,EE,1
8.85,6,32,5,3,72,42,8,5,2,ME,1
5.52,5,66,4,0,73,66,0,3,1,ECE,1
9.81,9,83,5,3,89,78,0,4,2,CE,1
9.45,8,58,1,3,88,66,6,0,1,CSE,1
6.35,8,94,1,3,60,89,4,0,2,CE,1
9.11,9,53,0,3,92,93,3,1,1,EE,1
7.59,8,53,6,1,70,63,8,4,3,ECE,1
7.31,2,45,4,0,63,72,0,4,3,ME,0
6.57,4,52,4,2,93,98,2,5,3,ME,1
7.9,2,45,2,3,99,81,2,4,1,EE,1
8.65,4,38,1,0,77,31,3,0,1,CSE,1
7.05,1,50,0,1,62,80,4,2,1,CSE,1
8.15,4,100,1,2,79,81,2,0,1,CSE,1
8.5,2,90,3,2,96,55,8,4,2,ME,1
8.56,2,36,6,0,80,36,1,0,1,IT,1
5.26,9,80,1,3,66,91,5,5,3,CSE,1
9.3,3,69,5,3,94,20,2,1,1,CSE,1
7.29,10,51,1,3,58,84,2,5,2,EE,1
6.31,4,30,1,3,77,21,2,5,2,ECE,0
6.21,1,80,6,3,63,64,5,2,3,ME,1
7.42,1,95,0,3,78,86,4,1,2,CE,1
9.43,5,69,0,1,95,77,1,4,3,IT,1
6.89,5,81,6,1,95,46,3,2,2,ME,1
8.75,2,99,4,0,70,52,2,3,1,ECE,1
5.48,3,81,2,0,100,55,6,0,3,IT,1
7.38,7,87,0,2,83,84,2,4,3,IT,1
9.96,1,63,3,0,61,36,8,0,1,ME,1
8.85,6,48,1,0,89,80,2,3,1,CE,1
6.05,9,41,4,1,56,75,6,5,1,IT,1
7.51,3,55,0,3,56,85,2,0,1,ME,1
6.17,4,49,0,0,62,33,0,5,2,ECE,0
7.05,5,55,1,2,85,24,2,5,1,ECE,0
8.9,2,91,3,2,100,20,4,0,3,ECE,1
8.86,9,73,1,1,84,71,0,5,1,EE,1
6.14,7,77,0,1,79,54,7,4,3,CSE,1
9.61,3,53,5,1,82,71,0,4,1,CSE,1
7.96,1,43,0,2,96,90,6,5,3,CE,0
6.9,5,54,4,0,97,34,1,1,2,IT,1
7.51,6,52,4,3,65,69,3,4,3,EE,1
8.03,7,85,0,0,90,47,8,1,2,IT,1
7.8,9,36,4,0,97,71,1,4,2,ECE,1
7.43,6,75,1,0,84,99,0,1,3,ME,1
7.52,5,31,3,2,89,77,6,4,3,CSE,1
5.88,6,53,5,2,78,46,6,5,3,ME,1
9.06,3,51,5,1,88,37,3,4,3,CSE,1
7.71,8,98,4,3,81,48,7,3,2,ME,1
5.66,7,58,6,3,57,70,5,1,1,CSE,1
8.83,7,59,4,1,67,87,3,1,2,IT,1
9.66,10,44,5,1,66,22,1,2,2,EE,1
9.74,5,57,1,2,80,33,1,0,2,EE,1
6.85,5,36,5,1,79,54,3,2,1,CSE,1
5.68,7,68,1,2,71,62,8,4,3,CSE,1
7.59,4,88,1,3,68,53,3,5,2,IT,1
5.56,4,32,6,1,89,26,2,0,1,EE,1
9.67,10,72,4,2,81,88,6,0,1,IT,1
5.92,5,73,2,3,61,91,7,3,2,ME,1
6.26,6,31,6,3,65,93,8,2,1,CE,1
7.03,7,51,1,3,73,25,4,2,1,ME,1
6.92,3,100,2,3,100,36,7,4,1,CSE,1
8.97,3,85,2,1,91,66,4,0,3,ME,1
7.28,8,75,0,0,88,95,7,3,1,CE,1
5.85,4,43,4,1,78,47,4,4,3,CSE,0
6.34,2,40,6,2,66,93,1,5,2,ME,0
7.55,10,87,5,1,73,53,7,0,2,ECE,1
5.74,9,46,1,3,65,32,8,3,3,ME,1
8.06,8,44,0,0,93,100,8,3,3,EE,1
7.83,10,49,3,3,86,46,0,4,3,CSE,1
8.57,3,99,0,0,81,89,2,4,1,ME,1
9.69,7,31,0,2,100,66,2,1,1,ME,1
9.56,8,86,6,3,96,36,6,3,2,ECE,1
9.73,3,38,3,3,87,59,7,5,1,IT,1
6.22,10,98,4,2,58,41,1,1,3,CSE,1
5.66,3,96,1,3,65,48,3,2,1,ME,1
6.51,8,31,3,1,95,60,4,2,3,EE,1
9.48,7,80,5,3,57,79,1,3,3,ECE,1
9.86,6,59,5,3,90,91,3,2,1,CSE,1
9.3,3,39,5,0,77,40,6,2,1,EE,1
5.55,2,41,4,3,74,67,6,3,1,EE,1
9.74,6,88,1,2,75,35,0,3,2,EE,1
7.12,8,74,1,2,94,50,7,1,1,CSE,1
5.05,8,72,2,0,71,48,5,4,3,ECE,0
7.21,2,83,1,2,75,39,2,1,3,CE,1
5.23,6,61,6,2,71,31,8,5,1,CSE,1
7.72,2,66,6,3,83,34,7,5,3,EE,1
6.69,1,62,1,0,63,54,2,5,2,CSE,0
7.37,8,42,0,0,59,51,5,4,3,EE,0
8.07,9,30,3,2,82,64,6,3,1,IT,1
9.34,4,70,2,3,66,71,1,0,1,IT,1
8.31,1,74,3,2,80,43,5,2,1,ME,1
7.17,9,80,4,1,69,87,7,2,1,IT,1
9.1,1,35,0,2,91,36,7,0,3,ECE,1
9.53,6,48,5,0,90,86,3,3,2,CE,1
5.6,7,38,3,1,58,67,5,0,2,CSE,1
7.66,4,50,4,1,61,66,5,0,1,EE,1
6.42,2,45,3,0,57,68,1,5,1,CSE,0
5.24,3,59,1,3,78,92,3,0,3,CSE,1
8.34,3,55,0,2,62,82,4,1,2,ME,1
9.31,2,91,6,2,95,53,5,2,2,ECE,1
5.81,7,64,2,0,75,86,7,1,3,EE,1
9.06,4,55,3,0,86,60,8,4,3,CSE,1
9.27,8,89,5,3,68,27,7,2,1,ME,1
9.57,3,74,3,1,98,69,4,0,2,ME,1
6.33,5,78,3,3,92,42,4,1,2,CSE,1
9.52,1,69,2,0,66,35,0,2,3,ECE,1
6.6,1,49,1,2,84,85,8,5,1,ME,1
7.76,7,91,1,2,99,96,4,0,3,IT,1
5.25,3,95,5,0,59,87,2,4,2,ECE,1
5.22,5,41,2,0,57,78,0,2,3,ECE,0
8.6,6,80,1,0,82,86,6,1,1,ECE,1
7.22,1,33,2,1,72,87,7,5,2,ME,0
6.28,8,40,0,3,73,86,2,3,3,CE,1
5.95,9,86,1,1,100,93,2,1,2,ECE,1
8.35,3,35,1,2,56,29,3,5,1,CSE,0
5.0,7,88,3,2,88,86,0,4,2,EE,1
9.03,2,86,6,0,91,38,8,3,1,CSE,1
5.4,8,64,5,0,90,33,1,5,1,ME,0
5.96,4,67,0,3,59,37,7,3,1,CE,1
6.93,9,67,2,3,83,94,7,1,3,IT,1
7.42,6,91,6,3,76,48,3,0,1,ME,1
6.77,9,61,3,0,74,25,3,4,2,CSE,1
6.6,3,49,4,3,74,29,6,4,2,CSE,1
9.82,7,44,0,1,67,94,7,0,1,IT,1
8.21,5,93,5,0,87,100,2,2,3,CSE,1
5.12,2,78,5,1,75,27,0,0,2,CE,1
7.15,3,41,6,2,81,90,4,5,2,ME,1
9.38,4,31,5,3,93,32,0,4,3,EE,1
6.51,8,77,2,0,68,87,0,4,2,ME,1
5.47,1,61,0,1,99,36,6,4,2,CE,0
8.79,7,33,5,3,61,93,4,2,2,EE,1
8.03,2,69,0,1,65,90,8,2,3,ECE,1
7.85,3,80,0,3,79,74,3,0,2,EE,1
5.27,4,100,0,3,70,71,0,5,3,ME,0
5.7,9,34,6,0,81,55,6,0,3,CE,1
8.11,9,61,1,2,67,26,7,4,2,ECE,1
6.04,3,39,0,2,58,99,6,1,3,ECE,1
7.52,9,75,3,1,88,70,8,4,3,ECE,1
7.72,3,95,5,1,94,24,4,2,1,ECE,1
6.42,2,35,1,1,97,77,1,2,1,IT,0
9.74,7,33,3,0,83,34,5,3,1,CSE,1
9.21,8,36,6,1,61,27,7,3,3,ME,1
8.61,5,96,0,1,81,80,1,3,3,ME,1
5.39,9,44,2,2,60,82,6,0,2,ME,1
5.53,3,93,1,3,91,42,3,0,1,ECE,1
7.46,10,56,4,1,98,91,3,3,3,CE,1
5.8,1,69,2,3,78,68,0,4,1,CE,0
9.89,1,45,5,1,96,73,3,1,1,IT,1
5.79,6,82,0,2,74,92,2,2,3,CSE,1
7.44,5,69,2,2,100,45,7,2,2,CE,1
6.82,9,88,2,2,93,69,1,4,2,ECE,1
8.2,5,95,5,1,92,92,8,5,1,CSE,1
5.65,1,92,0,3,58,88,7,3,1,CSE,1
7.15,3,44,1,1,68,29,3,0,3,IT,1
6.37,2,94,4,2,85,21,1,2,2,ECE,1
9.44,1,80,2,1,79,81,6,5,2,CE,1
5.2,3,84,4,3,67,23,7,1,3,EE,1
9.57,4,73,2,0,96,41,6,3,2,IT,1
9.16,10,97,5,3,99,93,3,1,1,ME,1
6.49,9,86,5,1,73,50,1,2,1,ME,1
8.95,5,65,5,0,80,82,3,3,3,ECE,1
5.16,8,60,0,0,87,81,2,1,1,EE,1
9.83,5,44,1,3,80,87,4,1,1,CSE,1
7.63,1,54,6,1,91,24,7,5,3,IT,1
6.52,5,61,4,3,73,100,6,2,3,CSE,1
6.81,2,68,6,3,75,25,4,1,3,EE,1
5.33,6,77,6,1,62,87,2,3,1,ME,1
9.95,1,46,3,1,74,99,0,3,1,ME,1
5.2,3,52,4,1,87,82,3,3,1,CE,1
8.27,2,93,0,2,78,21,7,1,1,IT,1
7.21,8,31,0,0,83,100,6,1,3,EE,1
9.74,9,58,2,2,66,100,4,3,1,EE,1
6.23,7,38,6,3,76,46,3,0,1,ME,1
7.66,6,79,5,3,95,74,1,0,1,ME,1
7.41,3,50,1,2,69,35,6,1,3,CE,1
8.51,4,90,3,0,66,71,6,2,3,CSE,1
5.34,2,56,1,0,98,74,0,3,1,EE,0
5.97,8,63,0,2,86,93,8,1,1,EE,1
6.07,5,99,2,0,65,60,8,5,2,CSE,1
8.69,3,64,0,2,84,83,2,1,3,ME,1
5.95,3,42,3,3,77,80,7,0,1,EE,1
7.87,6,60,2,3,86,94,6,4,3,CE,1
6.08,7,74,0,3,98,36,1,3,1,ECE,1
9.31,5,66,0,2,90,50,0,1,2,EE,1
9.71,4,56,3,1,64,27,5,4,1,ECE,1
7.59,1,54,1,3,72,54,5,0,3,CSE,1
6.76,8,62,4,0,83,90,5,5,2,IT,1
6.17,5,53,3,1,91,90,3,2,1,CSE,1
5.25,5,69,3,0,71,35,1,5,1,ECE,0
6.34,10,70,0,0,70,60,2,3,3,CE,1
8.27,3,98,4,1,90,68,1,1,1,CE,1
7.67,4,67,6,3,73,63,1,0,1,EE,1
9.72,9,97,2,3,96,73,4,0,2,ECE,1
6.98,5,67,0,2,100,94,5,5,2,IT,1
8.47,8,47,4,1,99,53,2,2,3,ECE,1
7.45,4,91,3,2,68,40,4,2,3,CE,1
7.56,9,46,0,1,73,60,3,3,2,ME,1
6.34,9,80,6,3,99,78,2,4,1,ME,1
7.27,10,100,5,2,86,29,5,0,1,EE,1
7.35,4,40,6,3,91,44,8,3,3,CSE,1
8.53,1,75,6,3,63,50,5,2,1,ECE,1
9.7,4,42,6,1,79,55,3,1,1,ECE,1
6.65,8,84,4,1,86,99,2,2,2,ME,1
5.21,6,60,4,0,86,34,8,2,2,ECE,1
7.48,8,95,2,1,87,79,0,5,3,ME,1
7.72,9,85,6,0,75,88,8,0,3,ECE,1
5.84,2,63,6,1,82,37,7,2,3,ME,1
8.8,9,32,4,2,58,43,4,5,2,CSE,1
9.92,7,88,2,3,63,93,5,4,3,CSE,1
9.73,8,77,0,1,58,90,8,1,1,CSE,1
5.99,7,69,0,3,83,20,6,5,3,EE,0
9.38,7,71,6,1,85,37,3,3,2,CSE,1
8.52,3,66,4,2,60,71,6,3,2,ECE,1
7.27,7,73,2,2,56,52,3,2,3,IT,1
7.7,8,77,1,2,55,58,1,4,2,ECE,1
9.25,2,69,3,0,84,63,4,0,3,CE,1
7.4,9,84,5,2,61,78,6,2,2,ME,1
6.87,1,63,1,1,85,85,5,4,2,EE,0
7.47,7,87,5,2,72,59,1,1,1,CE,1
7.9,2,78,4,2,77,86,1,2,1,CE,1
5.95,9,72,2,2,77,93,4,4,2,EE,1
9.5,7,71,4,3,71,33,6,1,2,CE,1
8.37,1,72,0,3,79,55,5,1,2,ECE,1
8.17,5,31,1,3,57,45,5,1,2,CE,1
5.5,7,46,2,3,71,46,5,2,2,ME,1
8.02,1,91,2,3,85,86,4,2,2,CSE,1
5.6,2,69,4,3,77,21,3,3,1,CE,1
5.39,10,41,3,1,72,99,2,0,1,CE,1
7.64,10,32,2,3,82,99,7,4,1,IT,1
7.01,1,66,4,0,67,82,6,3,3,ME,1
7.94,10,63,0,0,58,41,6,3,1,CE,1
5.45,5,99,4,2,68,61,0,1,3,IT,1
7.15,2,54,2,0,73,79,6,4,3,CE,0
5.87,10,76,6,3,84,74,7,1,3,EE,1
9.94,4,44,0,1,64,89,6,4,1,ME,1
7.81,2,76,5,0,56,29,1,0,3,IT,1
8.44,3,79,2,3,67,72,1,0,1,IT,1
6.63,2,65,4,3,57,62,7,0,1,ECE,1
5.47,8,57,2,3,88,49,2,2,3,ECE,1
9.88,3,87,6,3,60,60,2,2,2,EE,1
6.43,10,66,4,0,91,20,8,3,2,ME,1
7.12,8,76,3,1,66,48,3,4,1,EE,1
8.25,1,59,5,3,82,26,0,3,1,CSE,1
5.12,9,97,5,2,95,59,8,4,3,ECE,1
9.05,4,44,0,2,83,92,5,1,3,CE,1
7.68,5,64,0,3,89,70,1,2,3,ECE,1
6.39,7,89,2,3,100,87,0,1,2,CE,1
5.31,2,30,3,2,99,68,7,4,3,IT,0
5.81,5,55,5,1,56,31,0,5,2,EE,0
9.48,1,39,1,0,70,59,8,0,3,CSE,1
8.43,4,57,0,3,73,40,0,4,2,ME,1
6.25,2,82,0,3,60,80,4,4,3,CE,1
5.33,6,48,2,1,60,77,6,4,2,ECE,0
8.45,7,78,2,0,56,66,1,1,1,CE,1
7.86,2,96,5,3,83,23,0,0,1,CSE,1
7.02,10,71,1,3,66,77,1,4,2,ECE,1
6.82,9,78,1,1,64,97,6,1,2,CE,1
6.08,6,39,6,1,100,26,3,0,2,ECE,1
8.35,6,36,2,3,92,31,7,1,1,CSE,1
9.85,7,97,5,2,98,82,2,2,2,IT,1
5.88,7,37,4,0,66,23,7,4,1,IT,0
7.99,9,89,1,2,88,24,4,1,3,IT,1
7.12,10,53,5,0,62,29,1,0,2,EE,1
7.23,4,68,6,1,97,58,5,3,1,EE,1
6.27,8,45,4,2,84,51,4,4,3,IT,1
9.13,2,36,1,2,73,81,3,3,2,CE,1
7.43,7,65,4,0,79,40,4,0,3,CE,1
7.72,8,58,5,3,58,90,3,4,3,ECE,1
6.52,8,41,1,3,65,32,5,0,1,IT,1
5.91,6,83,3,3,55,66,6,0,2,EE,1
5.43,8,47,5,2,95,98,6,3,2,CE,1
8.57,5,31,5,1,74,97,3,1,1,IT,1
5.98,9,36,6,3,65,66,4,3,1,ME,1
8.45,1,72,4,1,97,63,2,1,1,IT,1
6.95,9,58,6,0,83,31,0,2,1,EE,1
7.08,10,33,6,2,57,77,0,1,1,CE,1
7.35,2,54,0,3,57,87,2,4,1,CSE,1
6.84,7,99,1,0,76,27,4,4,2,EE,1
5.5,6,61,5,3,94,91,2,1,2,ECE,1
6.55,7,32,3,3,92,50,2,1,1,IT,1
8.32,10,31,4,1,78,44,3,5,2,ECE,1
8.33,10,74,4,3,96,28,6,3,3,ECE,1
6.43,5,85,4,1,93,95,6,3,3,CSE,1
7.3,7,38,1,3,74,82,7,5,2,ME,1
5.97,9,59,2,3,91,93,6,2,1,CE,1
6.05,1,54,2,3,69,100,3,5,1,ECE,0
5.12,8,81,3,3,63,54,0,0,1,CSE,1
9.48,4,34,3,2,81,65,4,5,2,ECE,1
6.05,9,59,6,0,73,61,1,2,3,IT,1
6.14,9,54,6,3,90,80,5,3,1,CE,1
6.4,7,78,6,0,63,41,2,0,1,ME,1
5.64,9,95,5,2,87,44,3,5,3,ME,1
8.2,4,89,3,1,59,24,4,2,3,EE,1
5.38,10,41,5,1,99,75,3,4,1,ME,1
5.67,1,42,1,1,56,61,7,3,2,ME,0
8.22,7,63,1,1,58,38,0,5,1,IT,0
6.7,10,65,2,0,74,50,3,2,3,IT,1
8.54,1,73,0,2,83,39,0,5,2,CSE,0
7.79,10,53,4,0,77,28,2,4,1,ME,1
6.28,6,39,1,2,61,96,8,0,2,ECE,1
8.25,8,82,4,0,84,87,3,4,3,CSE,1
5.58,9,41,1,0,63,34,0,2,3,IT,0
7.68,2,51,2,1,67,32,5,4,3,ECE,0
7.19,6,70,1,0,96,93,0,3,2,CE,1
6.34,4,73,6,1,71,39,7,3,1,CE,1
8.02,1,92,6,3,82,41,0,5,2,IT,1
9.36,4,98,0,2,89,33,3,4,3,EE,1
9.99,9,35,2,2,59,46,4,0,1,ECE,1
8.04,1,88,1,3,97,91,2,3,3,ME,1
7.02,10,84,6,3,93,73,5,0,2,EE,1
6.13,3,40,2,1,88,85,0,4,1,IT,0
6.29,2,82,6,2,94,73,6,2,2,EE,1
7.4,9,48,0,1,78,69,6,3,2,ECE,1
6.84,3,100,3,0,85,42,6,1,1,ECE,1
9.57,6,49,3,1,88,46,0,5,3,IT,1
6.84,5,36,5,1,94,86,2,5,1,ECE,1
6.87,8,62,3,2,67,95,1,5,3,EE,1
6.92,4,43,6,0,83,95,8,3,1,CE,1
9.18,6,69,6,0,100,65,6,4,1,CE,1
8.25,3,95,5,2,85,20,7,0,2,CE,1
8.07,8,100,1,3,56,63,0,0,2,CE,1
6.67,10,72,5,1,56,23,4,1,3,CE,1
9.09,6,100,0,2,58,64,1,0,1,ECE,1
5.19,6,87,3,0,62,85,8,3,1,CSE,1
9.35,9,44,0,2,87,20,1,5,3,CSE,1
7.56,1,47,6,0,83,93,2,2,3,ECE,1
6.99,1,32,3,3,87,50,8,1,2,CE,1
7.49,5,68,6,3,56,28,1,4,1,IT,1
8.34,3,45,0,1,58,97,0,0,1,ME,1
5.06,3,36,2,0,72,94,0,4,1,IT,0
9.36,7,33,5,0,67,31,6,5,1,CSE,1
7.23,7,73,4,2,71,26,4,1,1,CSE,1
6.71,7,45,1,2,85,23,0,1,2,IT,1
5.69,10,78,5,3,69,91,4,5,2,ME,1
7.2,10,45,3,1,92,20,7,2,2,EE,1
7.48,7,62,6,0,98,81,2,5,3,ECE,1
7.02,5,52,3,3,59,24,7,0,2,EE,1
8.39,10,94,4,3,92,65,0,3,1,EE,1
7.1,5,85,2,3,72,60,6,2,2,IT,1
9.81,2,69,3,0,69,84,5,3,3,ME,1
8.0,1,99,5,2,95,20,4,2,2,CSE,1
9.04,6,93,6,2,99,74,6,4,1,CSE,1
5.55,5,74,1,3,62,65,4,2,1,CE,1
6.99,8,85,4,0,95,29,5,1,3,EE,1
6.68,1,56,5,0,57,57,0,1,3,EE,1
7.85,8,31,1,2,91,84,0,2,3,CE,1
9.31,7,36,1,1,57,50,2,1,3,CE,1
5.39,1,75,6,3,66,22,0,3,3,CSE,0
5.36,9,75,0,2,88,92,3,3,1,CE,1
9.25,9,56,2,2,57,65,7,5,1,ME,1
6.06,9,95,3,0,86,89,3,0,1,EE,1
8.34,10,43,2,2,86,55,5,4,3,CSE,1
7.71,6,90,6,0,95,94,0,2,1,IT,1
9.16,3,33,5,0,98,39,5,1,3,ME,1
5.63,10,44,1,0,98,41,4,0,1,CE,1
5.65,10,73,2,3,94,41,0,2,2,EE,1
7.78,8,39,4,1,87,61,7,2,3,CSE,1
9.73,9,62,5,1,78,86,5,1,2,EE,1
7.07,8,32,3,1,85,54,8,4,2,IT,1
6.63,10,69,5,0,70,95,1,1,1,CSE,1
8.03,1,35,4,0,65,89,8,2,2,ECE,1
9.65,2,50,6,1,61,98,3,0,3,IT,1
9.18,7,60,2,2,68,79,5,5,1,CE,1
9.98,7,55,1,2,81,76,7,3,2,CE,1
5.11,9,87,5,1,74,82,0,3,2,CSE,1
5.56,5,83,1,0,88,41,3,1,3,ME,1
8.05,4,87,2,3,56,58,7,3,1,ECE,1
9.1,1,97,6,1,59,68,1,5,1,ME,1
6.43,7,36,6,2,95,43,2,3,2,CSE,1
6.2,7,67,6,2,67,61,3,3,2,CE,1
8.93,8,67,5,3,55,79,2,4,2,CSE,1
5.28,10,91,4,3,91,60,5,1,3,ECE,1
6.85,9,64,1,1,64,51,7,1,3,CE,1
7.53,4,57,4,2,59,38,7,3,2,CSE,1
7.8,5,67,0,2,58,60,8,1,2,ECE,1
8.64,3,68,1,2,76,25,6,0,3,CSE,1
6.77,2,66,5,1,72,63,6,2,3,EE,1
8.06,10,62,6,2,89,98,1,0,2,IT,1
7.93,7,82,2,3,94,34,1,4,3,CE,1
7.74,5,88,2,0,76,53,4,4,2,CE,1
8.2,2,60,0,1,78,83,8,1,3,ECE,1
6.3,6,46,0,1,56,79,2,1,1,ME,1
5.42,5,52,4,2,69,28,4,1,2,CSE,1
5.6,1,82,1,3,77,81,4,2,1,CE,1
6.12,10,38,3,2,60,52,8,4,1,EE,1
7.5,7,35,1,1,99,72,2,4,2,ECE,1
9.2,9,72,4,2,57,72,0,3,2,CE,1
8.51,2,90,3,1,58,89,5,3,1,IT,1
8.95,4,48,2,1,76,100,4,2,2,ME,1
6.75,8,82,1,0,67,37,3,0,1,EE,1
7.02,6,46,1,1,71,34,1,1,1,ECE,1
6.97,2,33,1,3,81,44,2,0,1,CSE,1
5.96,1,38,5,3,86,56,6,2,2,CSE,1
5.31,5,60,0,2,57,23,8,2,2,CSE,1
7.95,8,85,5,3,65,95,6,4,1,CSE,1
9.95,7,76,1,1,93,64,2,0,1,ME,1
5.83,2,35,0,2,59,44,5,2,3,EE,0
5.23,10,36,6,3,69,27,7,5,1,CSE,1
8.9,8,81,1,3,60,85,1,1,3,EE,1
6.26,2,95,3,3,94,97,1,2,3,CSE,1
9.15,4,93,6,0,78,65,8,0,2,ME,1
8.52,8,54,6,0,70,44,3,5,3,ME,1
9.73,8,83,3,3,67,46,2,4,3,IT,1
7.04,3,80,6,2,73,41,7,1,1,CE,1
8.31,10,32,5,0,65,27,8,4,1,ECE,1
7.32,4,73,5,0,74,74,7,1,3,CSE,1
8.15,7,59,0,2,98,69,7,1,3,ME,1
7.25,8,66,5,1,67,72,4,2,3,ME,1
5.94,9,57,5,0,79,55,7,2,3,CSE,1
7.54,3,78,4,3,69,93,3,1,1,EE,1
7.64,7,85,6,1,71,22,3,5,2,CSE,1
9.05,3,63,0,1,86,45,1,2,2,CSE,1
8.68,6,33,6,1,90,80,3,4,3,IT,1
8.32,8,78,1,1,82,29,0,5,3,ME,0
5.57,7,87,3,0,93,25,6,4,3,CE,1
8.6,4,60,4,0,99,63,3,2,3,ECE,1
7.5,7,98,4,2,95,40,8,1,1,CSE,1
9.47,5,72,0,0,79,93,2,2,3,ECE,1
9.6,7,87,3,1,96,100,7,0,2,CSE,1
5.28,1,72,0,2,85,91,1,2,2,ME,0
9.1,8,75,4,2,55,76,4,4,2,CE,1
5.19,4,98,4,1,74,76,7,2,3,CE,1
6.84,10,78,4,3,69,65,2,0,2,CSE,1
7.71,6,67,3,2,97,55,3,5,3,ECE,1
5.74,5,51,0,0,98,90,6,3,3,ME,0
8.73,6,80,0,2,65,85,3,0,3,CE,1
5.04,6,92,2,0,72,98,6,5,2,CSE,1
5.84,10,35,2,0,80,45,5,5,1,EE,0
7.9,5,34,5,0,90,79,5,1,1,ME,1
8.57,1,74,5,0,69,23,0,3,2,CSE,1
9.58,6,66,0,2,100,23,6,1,2,CE,1
8.53,10,38,2,1,100,70,8,3,2,IT,1
8.36,10,78,5,3,63,85,5,4,3,CE,1
6.97,6,45,6,1,89,58,6,3,2,EE,1
5.01,1,30,5,0,73,24,0,3,2,ECE,0
5.6,10,50,6,3,88,29,3,2,1,CE,1
7.67,8,87,5,1,76,75,0,3,2,ME,1
8.38,8,47,5,0,84,21,4,5,3,EE,1
7.09,2,51,1,0,88,54,4,0,1,EE,1
8.65,2,76,3,1,91,46,3,4,2,IT,1
7.61,9,78,5,0,93,87,2,4,2,EE,1
5.37,9,52,1,3,87,30,5,4,2,EE,1
5.96,4,73,1,3,99,44,7,5,3,CE,1
9.2,6,96,4,2,73,54,8,4,1,IT,1
8.62,2,66,6,0,99,78,7,0,2,ECE,1
9.47,5,80,4,2,65,72,7,5,1,ECE,1
5.59,9,56,5,2,55,46,0,2,1,EE,1
9.95,5,30,6,0,92,92,7,2,1,IT,1
6.05,8,58,2,0,88,77,4,0,1,IT,1
5.06,1,80,3,3,96,61,0,2,3,IT,1
9.99,8,55,0,1,55,99,1,3,3,CSE,1
6.41,3,73,1,3,90,66,5,3,2,ME,1
8.34,10,76,4,2,70,21,0,3,2,CSE,1
5.88,6,69,3,0,74,63,2,0,3,CSE,1
7.9,10,41,2,1,66,23,2,3,2,ECE,1
9.52,1,70,0,2,74,31,6,2,1,ECE,1
6.6,9,64,2,3,81,97,6,0,1,ECE,1
8.35,6,80,0,3,81,56,2,1,2,EE,1
5.94,4,37,3,1,94,98,8,0,2,ME,1
8.12,4,32,6,0,57,90,0,1,1,EE,1
6.68,9,63,5,0,99,52,7,0,1,IT,1
6.06,4,62,3,2,96,75,2,3,3,ME,1
6.57,5,64,1,1,74,22,1,0,3,CSE,1
5.89,1,63,2,2,94,64,4,1,2,CE,1
9.51,10,88,4,0,55,81,0,0,2,CE,1
6.99,3,46,6,0,96,81,4,5,3,IT,1
6.23,10,48,3,2,82,51,6,5,1,ECE,1
7.24,9,50,1,0,88,51,6,3,2,CSE,1
6.6,8,47,0,2,90,42,8,0,1,IT,1
8.72,6,78,0,1,83,25,6,1,3,CSE,1
9.86,6,75,6,1,94,57,4,1,2,CSE,1
7.19,2,76,4,0,92,97,3,4,2,IT,1
9.31,5,89,5,3,65,57,7,1,2,CSE,1
7.83,1,51,2,0,56,54,2,3,3,IT,0
5.79,6,51,4,3,56,20,0,5,2,EE,0
8.45,7,45,0,0,72,28,2,5,3,ME,0
7.57,6,66,6,1,84,56,2,1,3,EE,1
8.25,2,83,4,3,95,20,7,4,2,ME,1
9.45,1,30,3,1,62,76,1,3,1,IT,1
7.2,2,88,3,1,76,50,5,1,2,EE,1
9.51,4,70,4,0,95,79,4,1,1,ME,1
8.75,5,49,6,2,83,46,6,4,2,CSE,1
7.44,6,68,5,0,90,88,7,2,1,EE,1
8.02,10,93,6,3,91,25,1,4,2,ME,1
6.63,4,99,1,3,99,72,0,1,1,CSE,1
9.92,8,53,6,1,80,95,3,1,1,ECE,1
8.34,5,75,6,1,58,79,2,2,3,ME,1
5.22,3,85,1,2,61,75,1,1,1,ME,1
6.63,9,54,2,2,76,40,4,2,3,ECE,1
8.12,1,64,1,3,94,96,6,0,1,CSE,1
5.28,7,46,0,1,93,21,5,1,3,ECE,1
5.12,2,64,6,3,69,42,8,4,1,CSE,1
7.25,6,60,2,0,79,69,3,3,2,EE,1
6.66,3,67,4,1,97,34,6,0,3,ME,1
7.19,5,85,3,0,90,59,3,1,3,CE,1
6.31,3,51,4,0,75,55,0,0,2,ME,1
5.82,7,63,4,3,93,39,1,4,1,IT,1
8.45,3,61,4,3,98,97,6,1,3,EE,1
7.57,10,60,0,3,87,24,5,1,3,EE,1
6.0,3,92,4,3,80,66,3,0,3,IT,1
6.6,3,78,1,0,60,40,3,3,1,IT,0
7.96,6,94,5,3,84,91,4,0,1,ME,1
5.36,9,53,2,3,73,35,6,4,3,ME,1
5.74,5,35,2,0,93,64,1,4,2,CSE,0
5.37,8,54,5,3,80,24,5,2,1,ECE,1
9.06,8,89,3,2,87,29,6,0,2,IT,1
8.76,6,32,4,2,58,54,3,2,1,EE,1
8.77,8,30,5,3,78,22,8,3,3,ME,1
8.58,4,80,6,3,78,88,0,1,2,ECE,1
8.35,3,60,4,3,88,20,2,2,3,ME,1
7.38,1,91,5,3,72,46,0,3,1,CSE,1
8.21,4,99,2,0,97,43,1,3,3,EE,1
5.19,1,91,3,1,99,62,3,3,1,CSE,1
8.11,5,52,0,3,90,57,4,0,3,CSE,1
8.89,3,85,5,0,60,32,4,0,1,CSE,1
7.5,5,44,0,2,82,52,4,2,1,EE,1
6.79,6,41,6,1,65,25,2,4,3,IT,0
6.39,7,47,2,2,78,28,4,4,1,EE,1
8.21,6,40,3,1,95,71,3,0,2,CSE,1
8.46,8,65,1,3,78,22,3,2,1,CE,1
9.35,9,76,3,0,60,82,1,0,2,CE,1
6.71,9,82,4,2,78,77,6,5,2,CSE,1
8.85,2,74,2,2,87,26,6,2,3,CSE,1
7.81,7,59,1,0,57,61,5,1,2,EE,1
9.41,8,38,6,3,97,51,3,3,2,ECE,1
7.64,1,86,6,2,81,58,6,5,1,CE,1
7.59,2,45,4,1,98,67,0,1,1,ME,1
7.89,9,76,0,2,57,29,3,2,2,CE,1
8.75,10,94,0,0,71,34,4,4,2,EE,1
9.82,4,95,3,1,95,37,7,4,2,ECE,1
5.37,5,85,4,0,64,29,2,5,3,EE,0
5.27,6,47,2,1,87,80,3,0,3,EE,1
9.69,5,51,0,3,76,52,3,3,2,CSE,1
7.65,10,61,1,3,71,58,4,5,3,CSE,1
8.07,2,100,5,1,72,65,6,4,2,ECE,1
7.41,3,95,4,3,65,55,5,5,1,EE,1
5.47,1,99,3,1,71,96,4,0,1,IT,1
8.84,5,76,1,0,57,93,6,1,1,IT,1
8.74,5,75,0,0,99,20,0,3,2,ECE,1
6.56,5,80,2,1,92,56,7,5,3,ME,1
6.53,4,87,3,1,95,87,8,1,2,IT,1
9.19,10,33,5,3,85,90,8,5,1,CSE,1
5.36,4,32,2,1,92,40,1,5,2,CE,0
9.41,2,36,5,3,74,69,3,1,3,ME,1
6.28,5,88,2,1,98,43,6,0,1,ME,1
7.96,10,95,6,2,91,92,4,4,3,CSE,1
9.68,1,61,5,1,59,37,2,0,1,EE,1
8.39,8,41,3,0,92,34,3,1,2,ME,1
7.07,9,44,4,2,76,82,0,1,1,EE,1
8.45,9,93,2,1,60,29,2,2,3,IT,1
6.72,3,38,2,0,84,99,1,1,1,IT,1
6.39,2,39,5,1,82,35,2,5,3,CSE,0
9.98,1,70,4,1,73,78,3,0,3,CSE,1
8.75,4,56,3,0,56,82,6,3,1,IT,1
8.22,4,76,6,3,84,22,4,3,1,CSE,1
6.78,8,97,0,1,63,40,5,1,2,ME,1
5.25,9,73,3,0,65,98,6,1,1,CSE,1
5.16,10,77,6,3,77,38,0,2,2,ME,1
7.77,2,87,4,3,96,66,4,0,2,CE,1
8.81,5,66,3,3,65,47,8,5,3,CE,1
7.69,2,99,0,3,56,27,1,1,2,CSE,1
9.2,1,45,4,0,84,70,1,0,1,ECE,1
5.17,10,55,5,3,88,61,7,2,1,CSE,1
6.83,8,63,2,0,77,75,1,5,2,IT,0
6.19,3,31,5,1,92,35,4,4,1,CSE,0
7.24,7,97,1,2,94,36,4,2,1,IT,1
5.36,10,51,3,0,58,28,1,1,2,ECE,1
9.77,7,81,4,3,76,76,6,2,2,ME,1
6.12,8,84,6,0,63,41,0,4,3,IT,1
9.61,8,57,4,0,87,89,5,1,1,CE,1
7.13,2,67,4,3,80,64,2,2,1,ME,1
9.93,1,41,6,2,96,31,3,1,1,CE,1
7.77,8,72,2,3,92,68,6,2,1,ME,1
9.65,9,80,1,0,76,91,1,5,2,ME,1
5.03,4,75,2,0,71,75,5,4,1,IT,0
8.74,4,90,1,3,69,21,3,2,3,IT,1
9.52,6,61,0,3,77,38,1,5,1,ME,1
5.7,9,51,0,0,92,36,8,5,2,IT,0
5.48,1,60,1,1,57,27,7,1,3,ECE,0
7.12,8,30,5,3,89,63,4,2,2,EE,1
9.67,1,86,5,3,76,33,0,1,2,IT,1
7.71,4,86,2,2,65,29,4,2,1,ECE,1
7.64,2,49,6,3,73,65,2,0,2,ECE,1
5.71,7,55,6,1,67,83,5,0,2,ME,1
5.0,9,47,0,1,91,43,1,2,1,CE,1
9.05,7,98,6,0,75,20,1,2,1,IT,1
5.44,1,39,2,3,96,85,8,3,1,IT,1
8.17,8,79,3,1,81,56,5,2,2,EE,1
9.57,5,96,0,0,85,51,4,4,2,ME,1
6.04,9,67,6,3,75,39,7,0,1,EE,1
8.33,9,83,4,3,70,68,6,0,1,EE,1
5.39,2,82,6,1,70,76,6,1,3,ME,1
8.02,8,32,4,0,73,53,7,2,3,EE,1
5.82,4,41,5,2,98,39,2,1,2,CSE,1
8.68,6,69,2,2,91,37,1,5,2,ECE,1
6.51,10,80,5,0,86,96,5,0,1,CSE,1
7.32,1,93,2,1,56,36,1,0,3,ECE,1
8.0,8,71,1,3,73,37,2,5,1,IT,1
5.86,8,46,0,0,68,30,0,2,3,IT,0
8.71,6,53,1,1,75,36,2,5,3,ME,0
6.51,5,79,3,2,73,44,8,4,2,EE,1
8.31,2,99,0,1,91,63,0,1,1,IT,1
5.79,4,100,3,3,79,81,0,1,2,IT,1
8.44,7,79,2,1,96,81,0,3,1,ME,1
5.64,9,30,0,1,76,65,2,5,2,ME,0
7.13,7,94,3,2,74,91,2,2,3,ECE,1
6.24,3,93,6,0,80,94,4,0,1,CSE,1
8.74,6,81,5,1,78,31,0,5,1,ME,1
6.31,3,47,1,0,85,59,0,4,2,EE,0
9.41,1,81,5,0,99,56,3,3,1,CSE,1
9.46,10,68,2,2,94,80,6,1,1,CE,1
5.98,1,66,6,3,74,65,3,1,1,CSE,1
8.07,8,70,4,1,95,73,2,0,2,EE,1
5.44,6,73,1,2,65,93,4,1,3,ECE,1
6.96,1,37,2,1,93,60,5,4,1,EE,0
8.57,10,62,0,1,98,53,6,2,3,CSE,1
8.3,6,84,5,0,99,35,3,4,3,ECE,1
8.12,8,49,0,1,85,53,1,0,2,CE,1
6.41,2,55,6,1,95,48,8,1,1,EE,1
6.89,5,86,4,2,86,51,3,0,1,CSE,1
5.51,6,31,0,2,82,89,0,0,2,ECE,1
8.6,5,55,2,0,93,91,6,4,3,EE,1
7.52,4,62,4,3,87,47,3,3,1,ME,1
8.54,10,99,5,2,94,94,2,4,3,CE,1
6.24,9,94,1,1,90,65,3,0,3,EE,1
6.62,6,73,5,2,87,67,0,1,1,ECE,1
6.67,1,51,3,2,66,52,6,0,1,ECE,1
5.13,6,96,0,1,76,40,2,3,3,IT,0
6.71,7,85,3,0,81,79,2,0,2,ME,1
9.02,7,31,2,0,60,54,8,5,3,EE,1
9.49,3,70,2,2,89,56,0,4,3,ME,1
7.59,2,37,2,0,89,70,6,2,2,CSE,1
7.28,4,34,0,2,97,59,3,3,1,ECE,1
5.15,10,42,3,0,85,47,4,2,2,ECE,1
9.4,7,62,1,1,60,21,5,0,1,IT,1
5.07,7,92,5,3,91,36,8,5,3,IT,1
9.72,8,88,3,1,99,33,6,2,3,CSE,1
7.45,3,72,3,3,68,39,7,0,1,ECE,1
6.71,1,33,4,1,57,69,4,4,1,CE,0
9.62,6,85,3,0,71,55,5,2,1,IT,1
5.12,7,33,0,0,74,56,4,3,2,ME,0
7.91,3,64,3,0,58,48,5,0,2,CSE,1
7.74,8,80,0,3,82,71,7,1,3,EE,1
6.1,6,64,6,0,67,73,2,5,1,ECE,1
7.14,1,98,5,3,81,53,4,5,1,ECE,1
8.26,1,63,3,2,67,33,8,4,2,IT,1
8.64,3,64,0,2,99,68,4,2,2,CSE,1
5.0,1,94,4,2,58,87,5,3,3,EE,1
9.68,9,79,6,1,66,35,8,0,2,ECE,1
5.82,2,36,3,3,84,92,2,4,1,CE,1
6.17,10,56,6,2,76,80,1,0,1,CSE,1
6.32,8,30,2,3,84,46,2,0,3,ECE,1
5.19,1,94,3,3,78,69,0,1,1,ME,1
5.62,6,55,1,0,99,56,5,5,1,ME,0
9.93,10,93,5,1,99,57,7,2,1,ECE,1
6.58,8,86,2,2,100,77,1,2,2,ECE,1
5.58,10,33,4,3,92,32,0,5,1,EE,1
5.53,2,70,3,3,79,80,4,3,2,EE,1
8.6,6,33,5,0,95,71,1,0,2,ME,1
9.27,3,71,2,1,94,45,4,3,3,CE,1
6.28,7,42,3,2,76,25,3,5,3,ECE,0
5.1,10,39,6,0,66,51,8,5,2,CE,1
6.12,6,57,4,0,70,52,5,2,2,ECE,1
5.28,3,55,1,1,88,98,5,2,2,ECE,1
5.52,10,90,2,3,96,55,1,4,2,CSE,1
7.16,9,72,4,3,61,37,1,0,2,ECE,1
6.15,5,74,0,2,100,29,5,2,1,EE,1
7.58,9,99,6,3,97,27,7,3,2,ME,1
6.27,7,100,6,0,65,20,2,5,3,CSE,1
9.7,6,69,5,2,97,52,0,2,2,CE,1
9.53,4,41,5,2,62,74,8,1,1,ME,1
7.83,6,68,3,2,91,44,2,1,1,ME,1
6.77,5,58,6,0,97,34,2,1,3,CE,1
6.91,1,81,3,3,61,40,2,2,1,CSE,1
7.06,8,71,0,0,57,43,7,4,3,ECE,1
8.64,1,82,3,0,70,60,0,1,3,EE,1
7.26,9,58,1,1,67,60,0,4,1,CSE,1
9.28,3,66,1,3,74,40,3,1,3,CSE,1
9.72,2,33,5,3,83,82,8,1,1,IT,1
6.68,10,61,3,2,85,37,7,3,1,CSE,1
7.8,9,55,0,1,94,45,6,2,2,EE,1
5.48,1,99,1,2,87,27,4,4,2,EE,0
6.0,5,90,0,3,67,32,7,0,1,ME,1
7.07,2,39,6,0,77,38,7,5,1,EE,0
6.03,9,76,6,0,91,75,5,0,1,IT,1
9.38,6,86,1,0,78,26,7,4,1,IT,1
5.79,6,81,2,0,95,38,3,2,2,EE,1
7.28,9,45,4,3,96,29,1,1,1,IT,1
8.03,10,57,5,2,96,46,0,1,1,ECE,1
8.46,1,68,2,2,94,21,7,2,3,CSE,1
6.92,4,50,6,1,81,99,3,4,2,CE,1
9.35,4,52,6,2,75,59,0,3,1,ECE,1
7.84,1,78,6,0,70,24,7,1,1,IT,1
7.2,3,56,0,3,68,30,0,0,3,CSE,1
5.34,3,90,4,2,90,94,5,5,3,IT,1
7.32,3,36,5,3,89,72,1,4,3,IT,1
9.1,4,66,4,0,60,40,6,5,1,ME,1
8.07,1,90,6,2,83,33,0,5,2,ECE,1
9.16,5,53,0,3,78,98,4,1,3,ECE,1
7.47,9,50,4,3,62,80,0,5,1,EE,1
5.59,6,89,1,1,99,91,4,3,2,ME,1
5.07,8,84,2,3,64,90,4,2,3,CSE,1
6.52,10,42,3,0,60,39,2,0,3,EE,1
8.49,3,49,3,0,58,62,8,4,2,CSE,1
8.95,1,84,4,2,79,68,2,1,3,CSE,1
6.48,3,76,2,3,60,62,0,5,2,EE,0
7.48,9,66,1,1,58,51,3,1,2,IT,1
7.11,9,52,3,3,58,42,8,5,3,CE,1
7.05,1,58,6,2,60,21,5,2,1,ME,1
6.16,1,31,2,0,81,40,8,4,2,IT,0
5.68,8,39,4,2,80,67,2,3,1,EE,1
5.98,1,68,2,2,89,61,6,2,3,EE,1
5.28,6,46,5,0,59,32,8,2,1,CSE,1
5.99,6,49,0,3,81,99,2,3,1,ECE,1
5.05,8,71,1,3,83,66,2,0,3,CE,1
8.14,1,32,6,2,87,24,0,5,2,CSE,0
6.58,10,100,1,3,57,95,6,3,1,CE,1
9.87,4,83,5,2,67,34,8,3,1,IT,1
5.97,6,72,4,1,68,50,5,3,1,EE,1
6.73,9,51,6,3,85,37,5,3,1,IT,1
6.79,3,93,0,2,57,38,7,1,2,EE,1
5.04,1,92,5,3,65,72,4,1,2,CE,1
9.2,7,100,3,2,86,62,8,2,2,IT,1
5.16,1,34,2,1,61,98,6,4,2,CSE,0
9.7,10,42,2,3,58,33,1,3,1,CSE,1
9.46,2,100,2,1,68,68,8,5,2,CSE,1
7.68,6,43,4,1,66,45,5,0,1,IT,1
7.72,10,46,4,0,81,39,1,3,3,ME,1
8.27,4,33,1,1,63,97,5,1,3,CE,1
6.94,4,99,3,0,61,22,7,2,1,EE,1
8.24,8,33,6,2,69,80,7,5,3,CE,1
5.22,1,77,4,1,95,61,5,4,2,ME,0
5.27,1,68,5,2,67,95,7,2,2,IT,1
7.29,8,48,6,0,85,45,1,5,1,ECE,1
7.75,8,46,1,3,92,60,3,4,2,ECE,1
9.44,2,94,2,0,65,88,8,1,3,ECE,1
5.52,9,33,0,2,90,90,3,3,1,EE,1
9.11,7,40,2,2,86,96,7,2,2,CSE,1
6.05,6,61,4,3,62,73,5,1,1,CE,1
6.97,5,34,5,3,72,28,1,4,2,CE,1
6.58,3,34,5,3,77,23,3,3,2,CSE,1
7.0,4,67,0,0,61,35,4,3,2,IT,0
5.75,4,91,3,0,78,95,0,0,3,CSE,1
7.52,5,48,3,3,91,45,8,4,3,IT,1
9.01,8,44,2,3,83,31,0,1,3,ME,1
7.21,3,76,2,2,73,45,3,0,1,EE,1
7.45,2,48,6,3,99,62,7,0,1,ME,1
9.24,1,52,6,3,67,38,3,4,1,IT,1
8.53,9,46,0,0,57,92,6,3,2,CSE,1
7.45,8,44,5,0,56,27,3,5,3,ME,0
6.29,2,64,0,1,71,78,5,2,1,CSE,1
9.42,9,78,1,2,60,44,0,4,1,CE,1
7.89,5,35,5,3,68,42,7,3,3,CSE,1
6.11,7,45,0,0,74,91,3,5,2,EE,0
6.35,3,31,3,0,85,96,8,5,3,IT,0
9.02,4,80,0,3,71,28,5,4,2,ME,1
5.22,4,83,3,2,79,75,6,4,3,ECE,1
9.96,1,98,5,0,61,37,7,5,2,IT,1
5.65,1,48,0,0,92,79,5,5,3,CSE,0
8.98,1,48,3,1,93,61,6,2,3,IT,1
6.97,8,43,5,0,95,69,8,5,3,ECE,1
7.46,9,100,1,0,89,88,1,1,2,EE,1
9.4,5,32,0,1,77,66,2,4,1,EE,1
7.06,6,73,4,2,63,41,1,3,3,IT,1
7.69,1,73,4,1,99,53,6,4,2,ECE,1
5.25,7,81,2,3,71,100,8,2,3,ME,1
5.01,10,58,2,2,72,90,8,0,3,EE,1
6.22,8,51,6,2,100,68,0,1,2,ME,1
8.4,10,86,6,2,91,72,5,3,1,CE,1
5.61,10,56,0,0,78,42,2,2,2,IT,1
5.57,9,37,6,2,98,96,1,3,1,CE,1
7.05,6,90,1,2,55,65,3,2,2,CSE,1
8.24,10,85,4,3,58,54,6,4,3,CE,1
8.56,3,33,3,0,57,26,2,3,2,ME,0
5.89,1,72,3,2,71,88,7,2,2,ME,1
5.4,3,47,6,0,99,40,8,5,2,EE,0
9.7,6,73,0,1,87,51,1,2,1,ECE,1
6.3,1,35,1,0,86,68,2,3,2,ME,0
9.27,9,37,6,2,86,68,1,3,3,EE,1
9.32,6,66,0,0,77,43,0,0,3,IT,1
8.86,4,82,6,0,90,43,5,5,2,ME,1
5.84,4,37,0,1,71,98,6,1,3,CSE,1
9.11,1,47,4,0,99,47,0,3,1,IT,1
8.85,10,97,1,2,99,99,5,2,3,EE,1
7.98,3,83,1,0,68,62,5,4,3,CSE,1
6.69,4,80,5,1,72,74,8,2,3,IT,1
6.31,10,49,1,2,65,43,7,5,1,CE,1
5.61,2,86,3,3,79,38,8,4,1,CSE,1
7.55,7,99,4,3,96,38,5,4,2,EE,1
7.93,7,99,3,1,96,28,5,2,3,IT,1
6.8,6,96,1,2,83,85,7,5,1,CSE,1
7.38,3,57,0,3,57,40,8,1,2,CE,1
6.82,3,73,3,0,62,31,4,4,1,ECE,0
8.21,8,41,3,3,89,72,4,1,1,CE,1
9.51,2,78,4,2,56,37,6,4,2,ECE,1
5.82,7,52,1,3,74,97,3,1,3,CSE,1
6.91,3,86,0,2,67,51,5,5,3,CSE,0
5.7,6,74,5,1,67,59,0,3,1,IT,1
8.12,9,46,2,3,58,96,0,0,1,CE,1
8.64,3,60,6,3,57,72,7,3,1,IT,1
9.66,5,49,6,0,76,22,5,4,2,EE,1
6.39,7,98,5,2,75,46,6,1,1,ME,1
9.75,9,37,0,3,73,91,6,5,1,ECE,1
5.32,5,94,4,2,86,23,0,2,1,ME,1
8.02,2,73,6,0,60,27,7,1,3,IT,1
5.29,3,31,1,0,69,61,1,1,3,ECE,0
9.47,4,91,6,3,71,27,1,2,1,ME,1
7.65,2,69,1,0,83,21,0,1,2,CE,0
8.35,6,96,2,2,79,62,8,4,2,ECE,1
9.16,9,83,2,3,66,94,2,0,3,IT,1
5.75,8,78,3,2,97,78,1,0,2,CSE,1
5.19,7,78,5,2,81,30,1,3,2,IT,1
9.39,6,48,1,0,94,39,7,1,3,EE,1
6.57,8,69,5,2,82,68,0,4,3,IT,1
5.64,4,61,5,0,94,51,1,5,3,ME,0
7.34,1,75,4,3,69,48,5,0,3,CE,1
7.99,7,54,0,3,63,48,8,2,1,EE,1
5.15,3,81,0,3,84,78,3,3,1,EE,1
6.37,5,75,5,1,98,93,1,4,1,CSE,1
5.16,5,52,3,0,73,95,2,3,3,EE,0
7.1,8,39,0,2,96,92,7,5,3,CE,1
9.48,6,83,2,3,60,92,2,3,1,CE,1
9.91,2,41,6,2,81,41,3,3,3,CE,1
8.19,10,42,6,2,97,38,2,0,3,CE,1
5.81,8,94,4,0,55,44,6,5,1,EE,1
9.53,3,64,6,2,70,36,2,2,1,EE,1
7.58,6,32,3,0,58,57,2,5,3,ME,0
5.77,6,43,1,3,71,48,1,1,1,IT,1
9.61,5,64,1,2,99,37,8,1,2,EE,1
8.79,2,100,1,1,84,27,6,4,2,EE,1
8.66,6,59,2,2,73,82,4,5,3,IT,1
8.55,4,42,3,0,90,66,1,2,1,CSE,1
6.0,1,100,4,3,89,68,5,0,3,EE,1
6.06,10,41,4,3,98,32,7,4,1,ECE,1
8.44,3,45,5,1,98,74,8,0,1,CE,1
6.1,7,43,3,0,86,82,1,0,1,ECE,1
7.19,8,30,1,3,79,30,8,4,1,ECE,1
8.91,2,39,6,2,91,91,0,0,3,ECE,1
8.92,5,84,5,3,92,73,8,5,3,CE,1
7.27,3,92,4,0,63,30,8,4,3,IT,1
8.96,3,63,3,2,75,60,0,4,3,CSE,1
9.19,9,60,2,3,66,34,4,0,3,EE,1
8.27,3,64,5,1,90,57,2,0,2,EE,1
6.14,10,31,0,1,79,48,7,5,2,ECE,0
6.37,10,67,0,2,93,57,2,2,3,EE,1
6.57,5,41,0,3,86,60,1,0,3,IT,1
5.58,1,54,0,2,73,45,8,1,2,CE,1
6.37,8,30,2,3,87,86,2,1,2,ME,1
6.05,3,67,6,3,58,27,0,2,3,EE,1
7.28,5,61,3,1,59,82,1,4,1,CSE,1
9.54,8,69,6,1,59,28,3,4,3,EE,1
5.52,4,62,5,3,89,57,7,2,1,CSE,1
8.6,3,49,0,0,63,83,8,1,2,IT,1
8.44,4,87,3,2,65,56,4,3,2,CSE,1
5.48,5,74,3,1,81,46,3,3,1,ME,1
9.61,8,62,6,3,76,71,3,4,1,ECE,1
7.84,7,100,4,2,84,27,4,0,2,ECE,1
6.82,2,31,5,0,80,31,2,5,1,CE,0
8.78,5,71,0,3,92,36,6,2,1,CE,1
6.29,6,71,3,0,94,94,5,3,2,EE,1
8.47,9,93,4,2,81,89,3,2,2,CE,1
5.2,5,93,4,0,68,42,6,0,1,IT,1
9.2,7,39,3,0,71,28,2,2,2,CE,1
7.24,5,61,4,1,81,29,2,0,2,ME,1
8.18,1,51,3,0,92,22,7,0,1,CSE,1
6.11,2,52,6,0,74,55,0,4,2,ME,0
8.39,5,61,6,0,81,49,7,4,2,EE,1
8.86,9,90,3,1,74,24,2,2,3,EE,1
7.37,3,45,1,0,79,56,1,3,2,ME,0
8.09,3,55,6,3,73,45,2,3,3,ME,1
7.28,6,34,0,2,61,81,2,4,2,EE,0
9.47,2,41,1,0,59,59,2,5,1,CSE,0
7.49,2,31,2,1,69,61,2,0,2,CE,1
9.21,10,75,5,3,78,61,8,3,2,ME,1
9.01,5,64,2,3,98,52,5,3,1,IT,1
7.05,8,98,6,3,67,27,4,1,3,EE,1
6.15,9,31,4,2,88,50,0,4,3,EE,1
7.03,10,96,3,0,69,90,0,4,2,CE,1
9.13,10,32,6,3,75,57,2,2,3,CSE,1
6.14,8,53,1,2,98,73,8,1,1,ME,1
7.62,9,63,0,2,56,28,8,2,3,CE,1
9.03,9,93,6,1,76,99,6,2,3,CE,1
6.77,5,55,6,2,84,31,1,5,3,CSE,0
8.21,4,99,4,0,83,52,1,5,3,CE,1
6.23,5,42,4,3,56,88,6,4,1,CSE,1
5.55,8,51,3,2,80,31,8,0,1,EE,1
8.97,8,61,2,2,57,21,5,4,2,ECE,1
5.49,1,44,3,3,93,57,6,0,3,CSE,1
6.36,1,64,6,1,77,57,3,4,3,EE,0
9.28,1,38,6,0,81,40,1,0,2,EE,1
6.73,4,54,1,2,97,99,8,5,3,CSE,1
9.87,2,69,6,3,72,99,3,3,2,CE,1
9.9,9,30,6,2,56,37,6,1,1,ECE,1
6.34,4,96,4,3,60,40,8,4,1,CSE,1
5.2,9,49,1,3,69,54,7,0,3,CSE,1
8.53,3,43,6,1,85,64,8,3,2,ME,1
7.25,7,57,6,0,83,60,0,0,1,IT,1
5.5,4,96,0,2,56,25,5,0,1,EE,1
8.54,10,71,3,2,74,88,6,1,2,CSE,1
5.16,5,86,0,0,58,40,7,0,2,IT,1
9.35,7,98,1,2,87,68,2,2,3,ME,1
5.69,7,93,0,0,92,98,5,5,3,CE,0
5.64,9,49,5,1,99,20,2,1,1,CE,1
5.88,9,90,4,0,88,51,6,5,1,ECE,1
9.8,9,35,1,1,86,62,8,0,1,ME,1
8.47,3,84,1,3,56,45,3,4,2,ECE,1
9.01,7,45,3,3,87,42,6,4,2,ME,1
6.99,4,91,1,2,81,70,4,4,2,EE,1
6.68,4,65,0,0,78,68,1,0,3,ME,1
6.17,4,39,4,0,79,33,1,2,1,EE,0
7.4,4,99,0,0,99,52,1,2,1,CSE,1
7.76,6,55,5,0,78,50,0,3,3,ME,1
8.16,10,90,5,1,92,93,7,1,2,CE,1
6.29,2,70,1,3,72,88,3,1,1,IT,1
9.74,9,43,0,3,82,20,0,3,2,CE,1
5.85,5,59,0,0,70,97,1,5,2,ME,0
9.83,1,41,2,1,56,55,1,4,2,ECE,0
5.07,5,64,3,3,75,55,4,4,1,CE,1
7.41,10,94,2,2,64,83,4,3,3,ME,1
6.67,7,68,1,0,70,51,5,2,1,CE,1
7.25,9,97,4,0,73,21,6,5,2,ME,1
7.85,1,76,4,0,95,32,8,5,3,IT,1
7.18,6,86,2,1,65,78,4,2,3,ECE,1
7.07,1,59,6,2,91,68,5,4,2,CSE,1
8.66,7,82,1,2,88,94,8,4,1,CE,1
8.43,7,93,3,0,86,45,6,5,3,CSE,1
9.17,4,61,4,1,56,81,7,2,2,CE,1
6.25,10,93,0,3,63,97,5,4,2,IT,1
8.05,5,95,0,1,100,88,7,1,2,ECE,1
7.93,10,31,2,2,55,71,5,3,3,CSE,1
6.85,4,53,6,2,89,90,1,1,1,CE,1
7.43,9,33,4,3,92,38,2,3,1,ECE,1
6.57,10,69,6,0,87,57,6,3,3,CE,1
5.71,1,81,4,0,82,68,0,1,3,ECE,1
6.07,2,93,3,1,56,25,6,1,2,IT,1
5.53,6,82,6,1,84,34,4,3,1,CSE,1
8.42,5,54,5,2,64,99,2,1,1,ECE,1
8.3,3,69,4,1,91,34,4,0,1,ECE,1
9.75,9,86,2,3,77,32,1,3,3,CSE,1
8.65,7,40,5,1,80,63,2,2,2,EE,1
5.26,10,84,2,2,64,56,7,0,1,ME,1
9.42,9,94,2,3,67,58,4,1,1,IT,1
9.31,8,62,1,1,56,21,3,0,1,IT,1
7.22,5,37,0,2,88,36,4,4,3,EE,0
7.93,8,42,2,2,63,33,7,1,3,CE,1
9.88,1,85,6,1,95,23,8,5,3,CE,1
7.66,6,95,4,1,61,79,5,3,3,ME,1
9.53,1,83,5,3,86,21,1,3,2,CSE,1
5.42,1,30,3,0,87,45,8,1,1,EE,1
5.96,1,43,4,2,78,52,3,1,3,ME,1
7.2,1,32,5,1,88,61,3,2,2,ME,1
7.92,2,39,5,1,90,77,2,1,2,ME,1
9.08,1,99,0,2,69,21,7,4,3,EE,1
9.94,10,38,6,3,88,30,7,0,1,CE,1
6.94,9,52,1,2,80,41,3,3,1,ME,1
5.24,1,90,3,2,89,50,7,4,3,ME,1
9.01,5,80,2,3,97,51,0,0,3,CSE,1
8.02,7,88,3,2,95,72,3,1,3,EE,1
5.99,3,57,0,1,75,80,5,0,3,ME,1
7.47,8,59,6,0,74,68,0,4,1,ECE,1
8.71,8,38,0,3,63,93,7,3,3,CSE,1
8.85,4,68,3,0,97,98,6,4,3,EE,1
7.5,4,78,3,1,85,54,3,2,2,ECE,1
6.53,2,67,3,0,69,56,7,3,2,ECE,1
9.87,8,58,6,0,79,77,6,0,2,IT,1
8.32,1,41,0,0,60,91,4,0,3,EE,1
7.04,5,79,4,0,95,56,4,1,3,CSE,1
6.4,9,80,2,2,79,21,0,3,3,CSE,1
8.66,6,69,1,2,72,36,4,5,3,ME,1
6.21,4,87,5,0,84,55,3,4,2,ME,1
5.86,8,51,5,3,93,32,8,3,3,IT,1
7.65,6,45,2,3,65,38,6,0,2,CSE,1
6.45,2,86,2,0,96,41,8,4,3,CE,0
8.14,4,80,2,2,59,67,0,2,1,CSE,1
5.59,10,69,4,2,83,88,1,0,1,CSE,1
8.27,1,85,1,1,69,20,0,3,3,ME,0
6.42,9,82,5,2,73,28,6,4,3,ECE,1
5.0,2,41,5,2,65,21,3,2,2,IT,0
5.63,5,72,5,3,67,71,4,5,1,CE,1
9.67,10,96,1,3,73,69,6,1,3,IT,1
9.34,10,60,0,1,99,99,0,0,2,IT,1
6.17,7,44,2,3,80,46,6,3,3,CSE,1
8.89,8,54,5,1,84,43,7,4,1,ECE,1
8.04,3,32,4,2,58,43,6,1,2,ME,1
9.85,7,77,3,2,57,84,4,3,2,ME,1
6.87,5,49,3,2,92,45,4,2,3,EE,1
8.41,8,50,3,1,79,37,5,3,3,IT,1
5.32,8,100,1,0,73,86,5,1,1,IT,1
6.98,6,89,6,2,95,30,8,0,2,ME,1
9.82,6,67,5,3,57,29,5,4,1,CE,1
7.69,5,39,4,3,67,24,1,2,3,ECE,1
6.44,9,77,4,2,83,43,5,5,1,ECE,1
5.6,1,62,6,3,86,52,4,2,2,EE,1
8.52,4,47,4,0,81,49,7,5,1,CSE,1
8.22,3,62,5,3,85,69,6,0,1,EE,1
6.87,6,90,4,1,71,64,4,0,3,ECE,1
9.75,5,71,3,2,87,65,0,0,3,CE,1
5.11,4,81,1,1,92,97,0,2,2,CE,1
6.52,9,72,3,0,62,75,4,2,1,CE,1
9.61,9,53,6,1,58,91,0,5,2,ME,1
6.6,9,46,4,2,82,98,1,0,2,ME,1
6.26,7,53,6,3,85,20,5,0,1,CSE,1
7.67,9,47,6,3,99,97,7,2,3,ME,1
9.12,4,78,1,3,65,99,6,1,3,ECE,1
5.52,6,68,3,3,60,54,1,5,3,EE,0
9.72,3,64,0,1,87,36,0,0,3,ECE,1
8.98,5,30,1,1,80,99,3,2,2,CE,1
5.91,4,51,3,2,73,68,3,2,1,ECE,1
8.56,6,59,4,0,95,68,0,0,2,IT,1
6.92,3,40,5,3,84,39,5,2,1,ECE,1
7.01,8,41,1,2,99,59,5,0,1,CSE,1
8.92,4,62,4,0,68,59,3,0,2,ECE,1
9.81,8,63,5,3,55,84,1,4,1,CE,1
5.63,7,51,3,2,75,21,6,0,3,EE,1
7.1,3,35,2,2,71,22,5,2,2,EE,1
7.4,6,99,5,3,75,68,6,2,3,ECE,1
6.88,5,87,0,0,88,85,1,4,1,ECE,1
6.82,2,56,3,0,81,78,4,3,2,EE,1
5.26,9,37,6,0,74,55,1,3,3,ECE,1
8.43,5,86,3,3,84,49,0,2,2,CE,1
7.18,6,44,2,1,74,24,4,4,3,ME,0
5.97,3,36,0,1,63,64,2,1,2,ECE,0
9.08,6,93,6,1,70,67,5,0,3,EE,1
9.01,2,38,4,2,94,71,2,1,1,CE,1
7.43,4,47,0,0,86,56,8,1,3,IT,1
6.49,7,72,4,1,89,33,5,3,3,ECE,1
8.19,6,42,4,2,58,79,8,4,3,CSE,1
6.44,1,41,3,1,69,89,4,1,3,IT,1
6.18,10,47,0,1,70,55,5,3,2,ME,1
8.65,3,72,0,3,99,81,8,5,1,CSE,1
5.2,6,82,0,2,64,26,1,1,3,CSE,1
5.47,6,75,0,3,62,95,3,0,3,CSE,1
5.03,5,72,4,1,78,20,1,1,2,ECE,1
5.76,1,87,3,0,79,88,5,4,3,IT,0
5.34,7,52,1,1,94,95,8,0,1,CE,1
9.98,8,93,3,0,89,82,6,3,2,ME,1
6.44,8,43,6,3,64,69,5,4,3,CSE,1
5.75,6,56,4,1,90,71,7,5,3,CE,1
6.2,1,66,4,1,73,43,5,0,1,CSE,1
9.68,1,66,5,2,93,37,5,4,1,IT,1
7.6,3,73,0,1,72,20,3,1,3,EE,1
6.82,2,92,0,1,96,65,0,3,2,ECE,0
9.37,1,84,5,1,72,77,1,3,1,EE,1
6.97,1,55,2,3,71,100,0,2,3,CSE,1
6.68,9,40,6,0,57,90,1,0,2,CSE,1
6.04,8,36,4,2,94,49,1,2,2,EE,1
6.89,9,37,4,0,69,93,3,5,3,CSE,1
6.58,8,81,4,3,61,44,3,0,2,IT,1
8.39,5,86,5,0,73,62,7,3,1,CSE,1
6.45,2,98,4,3,73,22,8,4,2,ME,1
7.89,7,73,4,0,96,20,0,2,1,CE,1
5.33,8,91,5,2,80,39,3,2,3,ME,1
5.96,1,30,6,2,75,49,0,0,1,ECE,1
7.04,4,44,4,2,78,61,7,2,3,EE,1
9.68,7,90,3,3,79,83,0,0,1,EE,1
6.89,9,83,2,2,56,57,5,0,1,ECE,1
8.32,1,34,1,2,55,98,0,4,2,ME,0
6.28,5,41,2,3,99,96,5,4,3,CSE,1
5.64,5,54,5,0,88,35,1,4,2,ECE,0
5.29,4,96,6,0,55,25,5,1,3,CSE,1
6.53,2,44,6,1,75,41,8,5,2,CE,1
5.79,4,68,2,3,77,20,5,1,3,CE,1
5.87,10,76,4,1,56,44,2,5,1,ECE,1
8.8,4,93,1,1,78,53,2,5,1,ECE,1
5.08,7,90,5,2,100,50,3,2,3,ME,1
7.79,4,47,2,0,77,81,3,5,1,EE,0
6.9,1,35,2,2,66,87,0,5,1,ECE,0
7.53,6,30,4,3,70,34,8,1,1,ME,1
7.81,6,73,2,0,74,21,6,0,1,CSE,1
6.57,4,62,6,1,78,55,8,5,3,CE,1
6.48,7,37,1,1,56,82,2,0,2,ME,1
8.67,3,84,5,3,68,28,6,4,1,IT,1
9.36,8,53,4,3,69,81,2,0,3,ME,1
5.96,1,62,2,2,64,100,3,2,3,CE,1
5.49,6,34,5,0,78,61,5,1,2,IT,1
9.49,2,64,0,1,81,27,2,5,3,CSE,0
6.75,4,93,3,2,92,67,2,4,2,ME,1
7.76,7,91,6,1,82,52,5,1,2,ME,1
6.8,8,85,5,2,76,59,8,1,2,CSE,1
5.63,8,47,0,2,69,44,5,0,2,ME,1
7.95,4,78,2,2,62,45,7,3,1,CE,1
7.63,7,35,5,2,75,33,3,3,2,CSE,1
6.01,9,85,0,2,59,20,0,5,1,CE,0
7.26,2,91,4,1,74,56,7,0,1,IT,1
8.98,3,61,4,2,61,48,6,3,1,ME,1
7.95,10,44,2,0,96,85,6,1,1,CE,1
5.48,7,33,4,1,96,21,8,4,2,EE,1
7.74,6,87,6,0,69,76,3,4,3,ECE,1
8.51,9,41,2,2,87,29,1,5,3,ECE,1
8.96,1,41,3,3,67,77,6,5,3,IT,1
8.15,4,88,1,2,100,55,5,0,3,ECE,1
5.76,3,66,6,3,90,40,6,0,3,EE,1
8.55,8,84,1,1,100,100,6,1,3,EE,1
8.39,9,38,6,2,90,23,2,2,2,CE,1
5.12,10,79,0,1,84,44,5,0,1,CSE,1
7.06,9,58,6,1,73,56,8,2,3,ECE,1
6.66,7,98,1,1,74,27,1,5,1,CSE,0
8.35,4,93,5,1,87,40,4,4,2,CSE,1
6.08,6,37,6,1,89,64,1,0,1,ME,1
7.95,5,88,1,0,93,75,5,2,3,ECE,1
9.57,4,75,1,3,87,25,4,2,1,ME,1
8.99,6,94,6,3,73,88,6,1,3,ME,1
9.61,3,48,0,1,94,93,2,0,1,ECE,1
9.89,4,67,6,2,60,44,7,5,3,ME,1
5.05,5,32,3,3,81,26,5,4,1,ME,0
8.11,9,62,0,1,60,93,4,3,2,CE,1
7.06,10,55,0,1,64,62,5,5,3,ME,1
9.3,6,62,4,1,82,70,6,0,3,EE,1
6.26,6,61,5,2,87,37,1,2,2,ECE,1
9.91,8,41,2,1,96,29,7,0,1,ME,1
8.07,9,30,3,1,88,43,2,0,3,ECE,1
8.97,10,64,2,0,80,50,5,2,3,ME,1
5.43,10,62,0,1,57,27,5,4,2,CSE,0
5.92,7,48,2,2,60,42,0,4,1,IT,0
8.79,3,31,4,3,71,68,3,1,2,IT,1
5.11,1,74,2,0,60,28,8,5,3,CSE,0
9.08,2,31,1,3,85,20,5,0,1,IT,1
5.07,3,54,4,1,63,94,0,0,3,CSE,1
8.29,10,88,0,2,67,76,8,3,3,ECE,1
6.83,9,64,6,2,78,65,0,5,3,IT,1
8.06,5,93,1,0,74,99,8,2,1,ME,1
8.48,7,33,3,2,61,72,4,4,3,IT,1
6.71,5,44,3,0,88,41,5,1,3,CE,1
5.54,2,55,5,2,64,38,7,1,3,ECE,1
5.35,1,98,6,1,91,20,3,1,1,CSE,1
7.94,9,41,2,2,56,79,1,2,2,IT,1
7.6,9,30,5,0,65,90,4,0,2,ECE,1
8.71,9,93,5,3,86,81,6,2,1,CE,1
7.55,4,66,5,3,59,61,8,3,3,EE,1
7.11,10,86,5,1,83,98,2,0,1,CSE,1
6.99,8,90,6,1,82,36,7,0,1,IT,1
5.13,3,64,0,3,80,98,7,5,3,EE,0
6.68,3,53,5,0,87,42,6,1,2,ME,1
9.88,4,82,2,2,70,27,8,4,1,EE,1
9.37,7,41,2,1,76,63,5,3,3,EE,1
6.65,2,75,5,1,70,95,8,3,3,ME,1
7.94,10,63,2,2,81,100,3,2,2,CE,1
9.24,2,78,1,1,89,30,0,1,1,CSE,1
7.21,3,81,4,2,82,37,4,1,3,ECE,1
5.09,2,43,2,0,74,49,3,5,3,ECE,0
5.37,6,48,2,3,75,28,5,0,2,CSE,1
7.55,6,56,3,0,95,57,3,4,2,CSE,1
9.85,8,36,5,0,90,30,5,5,2,EE,1
8.47,7,84,0,3,76,52,3,3,2,CSE,1
5.35,2,73,5,1,58,48,7,5,3,IT,0
5.95,7,91,2,0,87,77,0,4,2,CE,1
8.86,6,75,1,2,69,76,8,3,3,IT,1
9.21,8,78,5,3,86,56,6,1,2,CE,1
8.09,9,48,4,1,83,32,3,2,3,IT,1
8.22,6,40,6,0,67,44,5,3,2,CSE,1
5.14,1,33,5,3,72,92,6,4,2,IT,1
9.14,4,65,0,0,68,66,5,2,1,EE,1
8.94,8,98,5,1,56,57,1,2,3,CE,1
6.3,4,84,1,1,89,69,5,4,2,IT,1
8.54,2,31,2,2,81,91,0,2,1,ME,1
6.07,10,32,3,0,76,100,4,2,1,IT,1
5.2,10,73,6,0,82,32,2,4,3,CE,1
6.01,2,86,0,0,85,90,7,4,3,CSE,0
5.89,4,80,2,1,100,73,2,3,3,ME,1
6.69,10,84,5,3,69,75,5,3,3,IT,1
7.09,2,68,5,2,57,48,6,4,1,EE,1
7.54,4,70,6,3,56,72,2,0,2,CSE,1
7.38,3,76,0,3,61,94,6,4,1,ME,1
6.35,10,78,6,0,88,29,6,5,1,ECE,1
5.15,5,99,4,1,97,92,7,0,3,ME,1
8.03,3,80,1,0,93,77,2,2,3,CE,1
6.98,1,50,0,0,78,79,1,1,1,IT,1
6.49,4,67,0,1,73,69,7,0,3,IT,1
9.33,2,61,4,1,57,30,2,3,3,ECE,1
8.73,7,95,3,1,66,70,2,4,1,EE,1
9.29,1,39,4,2,62,91,4,3,3,CSE,1
7.47,4,80,0,1,72,38,8,3,3,EE,1
5.65,7,97,6,2,68,66,2,3,3,CE,1
8.48,3,84,3,3,95,86,3,4,3,CE,1
6.03,3,54,5,2,87,27,7,3,1,CSE,1
7.21,7,51,3,0,81,34,6,2,1,ME,1
5.33,7,72,5,3,72,44,5,0,1,CSE,1
9.13,9,42,5,2,80,48,0,4,3,CE,1
5.63,4,47,2,1,88,79,0,5,1,IT,0
9.52,8,76,6,1,79,47,1,0,3,CE,1
9.32,2,75,2,2,55,37,3,0,1,EE,1
7.32,5,89,0,2,84,60,8,0,3,ME,1
8.72,1,83,0,0,70,61,5,3,1,IT,1
8.1,8,63,3,2,69,72,6,2,2,IT,1
9.02,5,44,3,0,99,26,2,2,2,CSE,1
7.16,9,97,0,0,77,25,7,1,1,ECE,1
8.93,5,64,5,3,86,58,5,3,3,ECE,1
7.31,7,57,1,3,77,27,5,3,2,IT,1
9.7,2,33,3,0,69,23,8,0,3,EE,1
7.43,4,99,0,1,79,47,0,4,2,ECE,0
7.31,2,100,3,3,68,91,7,1,3,ECE,1
8.93,5,47,6,3,99,86,4,4,2,ME,1
9.11,3,88,6,1,77,84,0,3,3,ME,1
7.77,4,55,5,1,73,85,6,0,2,EE,1
5.9,2,83,6,2,88,46,0,3,3,ECE,1
7.34,6,64,0,1,85,52,8,4,1,CE,1
9.84,1,55,4,0,68,94,1,0,3,IT,1
8.76,3,90,3,2,62,23,0,5,1,CSE,1
9.06,6,59,0,0,81,53,8,2,1,IT,1
5.16,3,60,5,3,86,37,3,4,2,CE,1
7.34,3,63,3,3,95,52,0,0,2,CE,1
8.23,3,84,6,3,60,55,0,4,3,ECE,1
9.15,8,54,1,1,70,40,4,2,1,ME,1
5.25,10,77,6,2,82,20,2,1,3,ECE,1
9.26,9,83,2,0,91,51,6,3,3,ECE,1
7.74,8,60,6,2,57,95,1,0,1,CSE,1
5.99,10,79,1,2,58,51,6,5,2,IT,1
6.59,8,63,6,0,84,38,2,5,3,ME,1
6.41,4,55,5,2,75,24,8,5,1,ME,1
7.65,8,54,6,3,73,63,2,5,2,EE,1
5.26,1,68,5,1,62,75,6,5,1,ME,0
5.79,9,64,3,1,85,65,3,0,3,ECE,1
9.06,4,75,0,3,78,58,3,2,1,ME,1
5.66,10,44,2,0,90,69,7,0,3,EE,1
6.17,4,47,2,3,55,91,6,5,3,CE,1
7.27,3,91,3,0,99,44,7,4,1,ME,1
7.59,2,41,5,0,61,83,5,3,2,ECE,1
8.82,3,95,6,1,58,84,8,2,3,CE,1
7.24,5,38,1,1,74,57,8,0,3,CE,1
8.95,6,74,0,1,96,48,2,2,1,CSE,1
8.09,5,42,4,2,85,82,5,1,2,CSE,1
5.57,8,56,4,1,57,30,7,4,3,CSE,1
5.78,5,72,3,2,95,31,1,1,1,EE,1
7.19,5,92,0,1,58,65,1,5,1,ECE,0
6.98,7,91,5,2,96,100,2,0,3,ME,1
8.72,2,72,2,2,93,48,2,2,3,ME,1
7.9,7,84,4,2,69,87,2,4,1,CE,1
6.94,4,97,2,2,94,83,1,3,2,ME,1
5.85,10,67,3,3,94,51,6,3,3,EE,1
6.13,4,50,2,3,87,74,2,4,3,IT,1
7.88,9,47,3,1,58,67,7,3,2,IT,1
7.12,6,38,4,0,99,77,8,4,3,EE,1
7.57,5,55,0,0,92,53,3,3,1,EE,1
5.85,6,42,0,1,79,75,7,4,1,EE,1
8.31,5,30,4,2,90,97,4,1,2,EE,1
9.26,3,93,0,3,73,46,4,2,2,CE,1
6.29,10,36,6,1,85,74,8,5,3,ECE,1
7.46,10,93,0,0,56,59,2,0,3,ECE,1
9.88,7,67,3,3,68,93,3,5,1,ECE,1
6.67,9,100,0,0,97,42,6,1,2,ECE,1
7.98,6,95,1,3,95,23,6,1,3,IT,1
5.45,4,96,2,0,97,38,2,1,2,ME,1
8.03,9,85,4,2,98,59,0,3,1,EE,1
5.45,4,83,1,1,60,49,8,1,1,ECE,1
9.8,9,54,2,0,90,27,1,1,2,CSE,1
8.58,7,32,3,2,94,49,6,0,2,IT,1
8.94,9,38,5,3,97,41,7,2,3,EE,1
8.52,8,76,2,0,58,63,4,0,2,CSE,1
7.95,8,73,4,3,86,20,1,1,2,ECE,1
7.25,8,86,2,0,65,34,3,1,1,IT,1
9.29,6,89,2,0,100,94,2,5,3,CE,1
9.78,1,68,6,0,96,50,6,2,2,CE,1
7.5,5,79,5,3,77,67,6,4,3,IT,1
9.66,1,82,1,3,69,42,5,2,1,EE,1
7.92,4,37,0,1,73,35,1,2,3,ME,0
7.69,5,74,1,0,84,78,6,2,2,CSE,1
7.27,5,37,5,3,57,97,7,5,3,CE,1
6.05,3,95,0,2,55,88,2,5,1,CE,0
5.02,8,64,2,1,81,69,5,4,1,CE,1
6.21,2,91,0,0,69,52,2,1,3,ME,0
7.55,8,60,3,1,92,67,3,5,3,ECE,1
6.9,8,54,2,3,81,31,2,5,3,ECE,1
7.24,8,77,3,0,64,86,8,1,1,ECE,1
9.9,7,61,5,2,74,65,3,4,1,IT,1
6.75,3,83,1,1,72,24,1,5,3,IT,0
7.26,4,83,3,3,81,67,6,0,2,CE,1
5.67,6,98,6,2,70,73,4,2,3,CE,1
5.24,9,80,3,0,69,94,1,0,3,ME,1
8.88,3,66,0,3,74,45,5,2,2,IT,1
7.85,6,82,6,1,75,35,7,4,1,EE,1
8.8,9,75,1,1,58,51,2,3,2,ME,1
5.75,3,64,6,1,88,77,4,1,1,EE,1
7.86,5,65,2,0,93,72,1,3,2,CSE,1
6.27,8,34,4,0,89,43,8,1,3,CE,1
6.14,8,38,0,3,70,42,1,5,3,IT,0
5.06,10,33,0,0,85,36,5,0,2,EE,1
5.65,10,56,1,1,76,96,7,5,3,IT,1
6.55,1,38,3,3,80,82,8,0,3,EE,1
5.58,8,42,6,2,57,82,6,0,3,ECE,1
9.93,1,83,2,0,69,71,8,0,1,ECE,1
6.54,4,87,3,2,100,55,4,4,2,ME,1
5.65,2,82,6,3,96,51,1,1,2,CE,1
6.0,3,75,4,2,89,75,6,3,2,CSE,1
7.94,9,74,5,0,88,41,2,3,2,ME,1
5.32,4,43,5,2,84,31,3,0,1,ECE,1
9.31,10,77,1,2,84,37,3,3,2,ME,1
9.81,9,90,3,0,64,48,3,3,1,ME,1
6.23,2,51,6,2,61,79,4,4,3,IT,1
7.25,3,53,0,1,79,95,5,5,2,ECE,0
5.11,3,90,0,1,67,43,3,3,2,ME,0
8.2,6,47,0,2,69,81,0,2,1,CSE,1
7.07,7,95,1,2,95,25,3,1,2,ME,1
6.35,4,56,1,0,78,56,6,0,3,ECE,1
6.03,9,59,5,1,55,80,2,5,2,ME,1
8.27,3,84,1,3,71,56,0,5,2,ECE,1
7.08,3,73,2,0,79,55,3,0,3,CE,1
5.9,10,50,1,3,76,20,3,1,3,CSE,1
8.45,6,50,3,2,82,43,3,4,1,ECE,1
7.83,4,42,1,2,76,73,8,2,2,CE,1
9.29,9,62,6,0,70,28,1,0,2,ME,1
5.59,3,92,2,3,78,43,1,4,1,CSE,1
8.93,9,60,3,2,73,43,8,5,2,CE,1
8.37,10,69,6,1,95,86,0,1,2,CSE,1
5.58,7,69,6,1,100,87,5,0,2,CSE,1
8.47,4,99,6,1,59,38,8,1,2,CE,1
7.21,2,76,5,2,99,25,7,3,3,IT,1
9.72,1,88,0,3,58,46,7,0,1,EE,1
5.71,8,53,3,2,94,63,2,4,3,EE,1
8.21,4,61,6,0,58,52,2,1,2,ME,1
6.91,4,48,4,3,55,20,5,1,3,ME,1
9.78,8,45,2,0,75,21,6,0,3,CE,1
6.65,9,79,6,1,100,38,3,2,1,EE,1
9.81,9,30,3,2,60,86,0,1,2,ME,1
9.51,9,32,2,1,100,94,3,4,3,ME,1
6.35,3,76,1,1,84,28,0,3,2,CSE,0
9.02,10,69,5,1,92,60,1,2,1,CSE,1
9.98,5,75,6,1,98,77,1,4,3,EE,1
6.26,6,84,5,2,79,82,7,2,1,ECE,1
7.18,9,64,1,1,99,69,7,4,3,CSE,1
7.6,6,37,2,3,93,76,4,5,1,CSE,1
6.47,4,42,4,0,97,26,8,2,3,ECE,1
5.08,8,89,0,1,88,96,2,5,2,IT,0
6.1,10,37,3,1,62,21,2,3,2,ECE,1
6.41,3,78,3,0,76,69,1,1,3,EE,1
7.22,2,34,1,2,88,91,3,5,3,EE,0
5.86,4,85,1,1,95,83,6,0,1,CSE,1
9.37,9,32,0,0,75,32,0,0,3,ECE,1
8.52,4,82,1,2,95,24,4,1,3,CE,1
5.43,1,67,5,2,96,28,0,4,2,ME,0
8.25,3,43,4,0,69,24,4,3,3,EE,0
8.27,7,88,3,2,94,81,6,3,1,CSE,1
9.78,3,52,2,2,99,56,6,3,2,CSE,1
5.02,3,88,6,2,69,81,5,3,1,ECE,1
6.24,3,100,0,2,70,74,3,4,1,CE,1
9.64,2,56,5,0,85,85,3,1,2,CSE,1
9.66,8,46,0,1,100,25,2,5,2,CE,1
8.6,8,39,5,3,79,53,8,3,3,ECE,1
8.83,4,62,0,1,93,98,1,2,1,ME,1
5.46,3,40,2,0,64,98,2,1,3,EE,0
7.57,1,31,5,3,61,34,1,1,3,CSE,1
6.16,3,68,6,2,78,97,5,3,1,EE,1
5.91,8,71,5,1,77,59,1,4,3,CE,1
9.05,2,86,5,1,68,55,3,2,1,EE,1
5.68,10,42,4,0,65,59,5,1,3,EE,1
7.34,1,85,3,0,57,91,6,0,3,CSE,1
9.69,4,90,4,0,66,80,2,3,1,ECE,1
5.93,1,61,1,2,62,20,4,4,3,CE,0
9.89,2,52,2,1,61,37,3,2,2,CSE,1
9.97,7,60,1,1,69,66,5,0,2,ME,1
7.78,7,37,0,3,69,98,6,0,3,CSE,1
5.85,7,71,4,3,70,41,4,0,3,ME,1
6.58,6,83,2,0,90,55,7,4,1,IT,1
7.12,7,97,0,0,77,44,6,2,2,CE,1
6.55,5,93,3,2,55,86,2,3,3,CSE,1
6.4,4,33,6,2,99,89,0,4,1,EE,1
9.86,5,33,6,3,56,93,4,2,1,CE,1
5.77,7,40,3,3,68,73,4,4,3,IT,1
8.67,5,35,1,3,85,85,6,1,3,CE,1
5.0,6,100,1,3,100,64,8,0,2,CE,1
7.98,10,50,6,0,96,26,0,5,1,ME,1
9.58,4,84,2,2,61,91,8,1,1,EE,1
6.44,10,55,5,0,79,78,4,2,3,ECE,1
5.93,1,72,0,0,93,70,2,1,2,CSE,0
8.26,5,35,6,2,98,56,3,2,2,EE,1
8.56,9,38,3,3,86,81,4,2,1,CSE,1
8.44,5,63,4,3,73,30,5,1,3,CSE,1
6.6,9,70,6,1,75,69,4,4,2,EE,1
6.26,6,50,4,2,70,38,6,3,3,ECE,1
9.78,4,41,0,3,75,97,2,0,3,ME,1
9.62,10,99,1,0,100,62,8,3,3,ECE,1
7.29,5,42,4,1,62,88,1,3,3,CE,1
9.23,2,90,0,1,69,20,3,1,3,ME,1
7.26,8,99,0,1,91,29,8,1,1,ME,1
7.12,7,72,1,0,64,62,7,5,2,CE,1
5.78,7,56,5,0,71,85,7,2,1,EE,1
7.13,6,64,5,1,84,73,3,2,3,IT,1
7.69,6,80,0,1,61,71,2,4,2,ME,1
5.11,5,38,4,2,85,90,5,3,1,CE,1
7.22,5,79,6,2,98,50,8,1,3,IT,1
8.91,7,86,1,3,68,80,4,3,2,ME,1
8.4,3,79,3,0,87,74,0,5,1,ME,1
8.18,3,31,0,3,76,31,2,0,3,IT,1
9.55,9,78,4,2,79,34,6,0,1,IT,1
5.09,8,84,6,2,55,63,4,1,2,CSE,1
7.79,5,81,4,3,94,55,8,5,2,CSE,1
8.94,10,31,6,1,94,90,3,3,2,IT,1
7.71,1,88,3,2,96,84,3,1,2,CE,1
6.62,5,71,3,1,93,30,1,1,2,CSE,1
5.68,5,31,5,1,87,73,0,3,2,EE,1
9.44,5,45,5,3,83,24,2,3,1,CSE,1
7.35,3,56,3,0,88,65,5,2,3,CE,1
9.39,8,40,2,2,63,69,8,2,2,CE,1
7.93,3,73,0,0,60,24,1,1,2,IT,1
8.37,6,31,0,2,60,61,2,5,2,ME,0
9.02,2,47,0,3,67,40,0,5,2,EE,0
8.3,6,97,6,3,73,63,6,2,2,IT,1
6.99,8,82,6,2,58,77,8,0,3,IT,1
7.57,10,82,5,0,76,80,2,2,3,EE,1
9.02,6,31,4,1,83,78,6,2,3,CE,1
6.87,6,37,3,2,65,45,2,2,3,CSE,1
6.94,3,85,2,3,87,71,7,2,2,CE,1
5.48,8,42,3,2,95,57,2,3,3,CE,1
9.57,3,100,0,0,98,73,4,5,2,CE,1
5.46,9,97,3,2,89,90,4,0,3,IT,1
8.24,8,72,6,0,97,83,7,4,3,ECE,1
7.07,4,83,6,0,58,64,1,3,3,ME,1
7.03,3,75,2,0,99,48,7,4,3,ME,1
8.4,4,100,1,1,62,37,0,4,1,ME,1
5.34,3,98,5,3,62,38,3,2,2,ME,1
7.97,6,89,2,2,76,60,6,4,3,EE,1
8.86,2,43,4,2,64,55,2,1,2,CSE,1
9.14,3,63,3,2,74,27,7,0,3,ECE,1
5.85,8,51,2,3,71,72,1,1,2,CE,1
9.49,7,94,6,0,91,52,1,1,3,CE,1
8.28,9,86,1,3,99,44,6,3,3,EE,1
9.41,4,98,2,2,88,67,7,2,1,CSE,1
7.43,7,55,4,0,59,95,7,1,2,ECE,1
7.71,6,91,1,1,88,32,6,1,3,CSE,1
9.6,9,57,5,2,75,68,0,3,1,CE,1
9.5,9,79,3,0,55,87,3,5,2,CSE,1
7.24,9,58,5,3,90,46,2,3,1,IT,1
6.37,5,90,1,1,96,100,4,1,1,CE,1
6.97,8,60,5,1,99,40,2,0,3,EE,1
6.94,2,61,3,3,59,60,1,4,1,ME,1
6.43,3,45,0,1,85,48,4,3,1,EE,0
6.34,7,65,2,1,68,97,4,3,1,CE,1
9.31,1,33,6,3,57,44,8,4,2,EE,1
5.35,9,56,0,0,57,83,0,2,1,IT,1
8.39,5,40,1,0,75,64,0,1,2,IT,1
5.86,10,33,0,2,61,94,6,0,3,ECE,1
6.72,1,41,6,2,87,21,4,5,2,IT,0
5.31,6,80,1,0,96,94,8,5,1,IT,1
6.35,2,36,0,2,82,47,0,3,2,CE,0
8.84,3,97,0,2,79,88,5,2,3,IT,1
9.43,7,53,3,2,95,56,4,5,2,IT,1
6.11,5,38,3,0,56,45,4,3,3,CE,0
7.32,8,62,4,2,94,87,5,3,2,CSE,1
7.35,6,41,2,1,98,26,1,2,3,EE,1
9.37,8,53,0,2,82,58,0,2,3,ME,1
8.81,8,92,3,2,84,89,4,3,3,IT,1
7.57,9,95,2,2,100,84,0,4,1,ME,1
8.35,5,99,3,2,65,39,8,2,3,EE,1
9.24,2,45,5,2,57,53,7,4,2,ECE,1
5.05,5,41,2,2,67,93,5,2,1,CSE,1
7.01,6,46,2,3,93,80,5,5,1,ECE,1
9.54,3,95,4,1,77,57,7,5,2,ECE,1
8.7,3,32,5,1,87,86,8,3,2,CE,1
7.71,4,32,0,3,70,41,3,0,2,ME,1
7.65,2,35,0,2,75,22,2,2,2,ECE,0
6.74,3,54,0,2,67,47,8,0,3,CE,1
7.6,10,54,4,1,60,61,7,0,3,IT,1
8.28,8,51,3,3,76,96,7,1,1,ECE,1
7.09,6,38,4,0,85,75,2,5,3,ME,0
8.57,3,47,5,1,84,32,0,2,2,IT,1
9.31,9,82,6,1,89,57,0,3,3,IT,1
5.77,6,56,5,1,95,57,0,1,3,CE,1
7.26,9,80,1,3,63,27,3,5,3,ECE,1
7.04,7,82,4,1,86,38,7,3,2,CE,1
8.44,6,90,1,2,92,96,6,4,3,ME,1
6.25,1,60,0,0,81,99,5,5,2,CSE,0
8.2,8,97,5,0,69,89,0,1,2,EE,1
9.39,3,51,5,3,84,70,6,2,2,IT,1
7.09,4,34,1,2,90,66,3,5,1,CSE,0
9.56,3,91,2,1,88,32,1,3,3,ME,1
9.97,5,69,0,0,86,98,5,3,1,ECE,1
5.53,3,75,5,2,84,54,8,3,2,CSE,1
6.17,6,56,1,3,88,55,7,1,2,IT,1
9.75,8,91,2,3,98,49,3,1,2,EE,1
9.79,8,86,4,0,84,31,1,1,1,CE,1
5.49,8,65,6,2,61,35,0,3,3,EE,1
5.07,2,42,0,1,85,77,8,0,3,EE,1
5.81,7,57,1,2,80,53,7,3,3,ME,1
9.98,2,71,3,0,56,77,1,2,2,EE,1
5.9,10,85,6,0,86,36,6,2,2,EE,1
7.51,4,72,5,1,56,38,5,1,3,ECE,1
9.24,5,93,5,0,100,46,3,2,3,CE,1
5.1,2,49,1,1,64,97,4,0,2,CE,1
8.02,5,52,6,0,96,51,0,2,3,CE,1
6.39,5,51,4,1,85,85,6,1,1,EE,1
9.31,7,32,2,1,89,68,4,1,1,IT,1
6.42,7,37,2,1,97,67,0,0,2,EE,1
8.43,7,76,3,0,55,32,2,0,2,ME,1
8.37,1,31,2,3,65,42,8,1,2,EE,1
6.11,1,91,4,0,61,96,4,1,1,EE,1
5.17,6,55,3,0,70,20,8,4,1,CE,0
7.05,1,99,1,2,86,41,2,0,3,CE,1
6.45,2,30,5,0,78,98,6,5,2,CE,0
9.04,8,71,6,3,62,66,4,4,1,IT,1
9.0,4,32,2,2,99,97,4,0,3,ECE,1
7.29,10,40,2,0,76,87,0,2,1,CSE,1
8.03,6,87,2,1,56,67,4,5,2,ME,1
8.02,5,81,2,3,55,22,3,4,1,IT,1
9.14,6,70,4,3,79,40,7,2,3,IT,1
7.13,10,62,2,3,93,77,2,2,3,CE,1
6.38,3,69,4,0,97,100,8,1,2,EE,1
6.33,4,47,6,2,79,32,4,2,2,ECE,1
7.68,5,95,6,3,98,62,7,0,3,ECE,1
7.25,4,63,3,3,89,40,3,3,3,IT,1
7.2,6,43,3,3,76,72,7,0,2,EE,1
5.46,1,71,6,3,79,27,4,4,3,ECE,1
8.59,2,72,1,3,91,25,1,4,2,CE,1
6.07,4,40,1,2,66,92,6,0,3,CE,1
5.98,6,70,2,1,100,32,8,5,3,IT,0
7.06,7,88,4,0,84,25,3,3,1,EE,1
6.14,1,81,6,0,56,71,6,5,2,CSE,0
7.92,8,63,3,1,78,56,6,4,1,EE,1
6.86,1,33,6,0,59,38,4,0,2,CSE,1
7.24,10,44,0,1,68,96,6,5,3,ECE,1
7.69,4,70,4,2,57,53,3,0,2,IT,1
6.02,9,70,1,0,78,83,8,0,3,IT,1
5.78,3,96,1,0,100,93,4,2,1,CSE,1
9.4,9,54,2,0,72,77,8,2,2,EE,1
7.17,3,90,2,2,78,100,5,1,2,CSE,1
7.06,8,85,6,2,57,90,4,4,2,ECE,1
5.18,5,35,4,1,75,42,4,3,1,EE,0
7.49,2,57,6,1,74,79,4,3,3,IT,1
7.77,2,77,3,3,58,84,8,5,3,CE,1
7.79,2,57,3,0,65,31,1,4,2,ME,0
8.54,10,48,5,2,76,68,7,4,3,IT,1
5.89,4,30,4,0,80,38,8,5,2,ME,0
6.26,3,84,1,1,89,64,8,1,1,ECE,1
9.05,2,76,6,0,68,61,8,0,3,ME,1
9.74,4,93,5,1,98,82,7,3,1,EE,1
5.68,10,81,6,0,85,96,2,1,1,CSE,1
7.49,5,65,1,3,74,97,8,3,2,ME,1
6.07,1,77,1,0,70,43,7,1,3,CSE,1
5.3,3,73,2,0,93,29,1,1,1,ECE,0
6.63,3,84,4,0,97,99,1,3,2,ECE,1
5.72,6,82,0,1,61,77,3,0,2,ME,1
8.55,5,77,5,3,90,57,2,5,3,ME,1
7.67,8,60,2,0,57,51,5,2,3,EE,1
5.72,8,80,4,1,72,60,3,0,3,ME,1
5.05,3,50,0,3,59,35,3,0,3,CE,1
9.04,6,51,2,1,68,42,5,1,3,IT,1
5.88,8,78,4,3,98,37,1,1,1,CE,1
8.03,4,82,2,2,79,22,3,2,1,IT,1
6.68,3,35,0,2,76,66,4,0,3,ME,1
7.93,8,71,2,3,59,64,0,2,1,ME,1
6.58,7,59,4,2,72,63,1,3,1,EE,1
5.43,9,36,2,1,73,58,6,3,3,ECE,1
6.11,4,94,0,1,85,77,1,1,1,CE,1
5.94,4,82,5,1,97,91,8,3,2,CE,1
7.14,4,85,1,2,64,99,2,0,2,IT,1
8.29,10,38,2,3,70,46,8,4,2,CE,1
6.32,3,31,0,2,86,23,5,5,2,IT,0
5.06,7,100,2,3,57,24,6,4,3,IT,1
7.59,9,61,0,1,65,57,6,1,3,ME,1
8.03,8,75,5,2,85,87,3,1,3,EE,1
9.81,4,67,6,1,62,85,1,5,2,EE,1
7.95,7,32,0,2,100,69,6,0,3,CE,1
7.36,3,70,2,2,77,68,6,2,2,ME,1
7.87,9,88,5,3,80,40,3,1,1,ECE,1
9.64,4,80,1,3,94,40,4,4,3,ME,1
9.14,9,33,5,0,91,58,4,1,2,ECE,1
6.61,9,37,1,0,78,34,0,2,3,CE,0
6.19,8,77,5,1,69,83,1,0,2,CSE,1
6.31,8,42,4,1,79,69,5,3,2,CSE,1
7.52,1,61,4,3,70,56,1,3,3,CSE,1
8.72,9,75,4,0,68,87,4,1,1,CSE,1
7.52,3,89,2,2,56,89,7,2,3,ME,1
5.34,4,90,5,3,75,54,5,0,1,ECE,1
8.62,7,92,0,3,60,89,2,4,2,EE,1
9.03,6,30,0,3,97,40,4,3,3,IT,1
6.45,3,80,4,1,68,32,2,4,2,EE,0
8.32,9,76,5,1,99,65,1,0,3,CE,1
7.13,5,45,1,0,98,49,1,4,1,ECE,0
9.45,6,47,3,3,85,70,8,3,1,CE,1
9.23,7,66,0,3,67,52,2,1,3,CE,1
7.63,9,87,1,1,62,97,5,1,3,CE,1
8.46,6,54,6,0,60,73,1,2,1,CE,1
9.42,7,88,4,2,100,23,6,1,1,ME,1
7.48,9,81,6,2,64,57,2,4,3,CSE,1
6.57,5,100,6,0,61,59,0,4,3,EE,1
8.77,4,87,5,2,75,22,2,0,1,ME,1
6.1,6,35,4,3,96,64,3,2,1,ME,1
6.94,10,43,2,3,61,34,8,4,1,CE,1
9.33,10,84,6,3,98,88,7,0,3,IT,1
8.62,7,91,5,0,70,43,8,5,3,IT,1
7.02,7,88,0,2,74,95,1,3,1,EE,1
6.07,8,77,5,1,97,46,5,0,3,IT,1
6.78,8,44,3,3,73,65,7,5,1,EE,1
6.42,9,95,2,0,84,23,2,1,1,ECE,1
5.88,10,96,3,1,98,93,1,5,3,EE,1
8.72,7,44,4,1,74,84,8,1,1,IT,1
6.26,9,48,3,3,93,40,3,4,1,CSE,1
7.27,6,92,4,3,76,79,0,0,1,ME,1
6.93,2,91,4,3,75,29,3,0,2,EE,1
9.91,1,75,0,3,66,63,4,3,3,IT,1
6.96,1,63,6,3,76,38,7,4,2,CSE,1
5.4,5,45,5,0,63,61,1,2,1,CSE,1
5.45,4,72,3,1,76,94,5,4,2,IT,1
7.95,4,95,4,3,95,99,4,0,2,ECE,1
8.0,3,39,2,1,96,42,3,1,1,CE,1
7.09,6,52,4,1,91,58,1,0,2,ME,1
7.16,7,58,1,1,95,100,0,1,1,ME,1
5.27,5,39,6,3,81,44,0,0,3,ECE,1
7.58,10,59,3,1,77,24,2,5,1,ECE,1
7.52,2,97,2,2,83,57,5,4,3,EE,1
5.75,7,46,4,1,76,44,8,4,2,IT,1
5.52,1,96,2,2,58,59,5,0,2,ME,1
5.62,2,39,4,0,68,85,7,0,2,ME,1
5.51,6,54,5,3,82,21,6,3,1,ME,1
8.05,3,93,0,2,57,95,7,4,3,ECE,1
5.98,10,30,6,2,76,75,4,5,1,CSE,1
6.26,7,73,0,2,92,79,2,3,3,CE,1
5.87,4,85,5,2,63,54,7,5,1,ME,1
9.79,7,71,0,1,76,95,8,1,2,ECE,1
9.27,9,68,5,3,64,27,6,3,3,CSE,1
6.15,2,42,3,1,90,44,0,2,3,CSE,0
6.64,8,41,2,3,63,69,7,0,2,CSE,1
6.05,4,39,2,0,79,67,2,4,1,ME,0
7.46,9,63,4,3,68,74,3,3,2,ME,1
5.1,2,66,2,1,67,55,5,1,3,CSE,1
8.36,10,69,6,2,91,92,6,4,2,ECE,1
7.62,8,58,5,2,93,27,3,0,3,ECE,1
9.49,10,31,2,0,74,48,1,5,3,ECE,1
5.82,10,34,5,1,58,89,7,3,1,IT,1
9.02,3,30,5,2,67,83,0,0,3,ECE,1
8.96,8,100,5,2,67,68,6,1,2,ME,1
5.64,7,77,0,1,84,94,2,4,3,ECE,0
6.99,2,67,6,0,100,87,2,3,2,IT,1
5.85,1,33,0,3,73,83,2,5,1,ME,0
6.27,9,87,0,2,77,72,4,2,1,CSE,1
6.32,2,51,5,1,100,58,1,4,3,CE,0
7.78,10,33,6,2,58,64,5,3,1,CE,1
7.06,4,91,4,1,72,45,2,3,1,IT,1
9.74,2,34,4,2,86,55,1,0,1,IT,1
5.63,7,55,0,3,83,71,7,5,2,IT,1
9.87,3,83,2,3,56,55,4,5,1,CSE,1
6.15,9,31,1,1,98,98,2,2,3,IT,1
8.86,3,60,3,3,73,73,4,5,1,ECE,1
6.69,8,39,2,3,75,35,4,2,2,IT,1
5.72,4,43,0,0,80,76,1,0,2,ECE,1
9.29,10,39,6,1,82,89,8,4,1,ECE,1
6.54,1,30,2,1,74,55,8,3,3,CE,0
8.29,10,78,0,1,89,93,7,3,3,ME,1
7.83,7,94,6,3,89,87,1,4,2,CSE,1
7.36,4,57,2,1,85,30,3,0,2,ECE,1
7.48,9,66,3,3,58,97,5,3,2,CSE,1
8.66,7,87,6,0,76,98,1,3,3,ECE,1
5.44,2,76,5,1,60,98,6,3,1,CE,1
8.34,6,84,2,1,92,75,7,1,1,CE,1
9.48,2,78,1,1,93,85,0,1,2,IT,1
5.29,5,63,1,0,82,30,8,1,3,EE,1
5.7,10,71,1,0,62,60,1,3,2,EE,1
8.58,4,59,4,2,58,43,2,5,2,EE,1
7.19,1,73,2,0,97,82,8,2,3,IT,1
7.02,10,31,3,1,98,34,3,0,3,ME,1
5.68,1,69,6,1,56,91,2,3,2,ME,1
7.53,7,32,4,0,73,97,3,4,3,ME,1
5.63,1,87,4,0,67,57,8,3,2,EE,1
7.38,4,55,0,3,96,56,1,1,3,ECE,1
8.82,1,42,6,2,63,100,0,2,2,CSE,1
6.29,3,32,2,1,55,92,3,4,1,ECE,0
7.4,6,63,2,2,89,31,5,4,1,CE,1
9.96,2,50,3,3,98,53,5,1,2,ECE,1
8.43,1,58,4,2,83,96,7,5,3,ECE,1
9.21,1,91,4,2,69,89,3,0,3,ME,1
7.07,8,68,3,3,97,56,5,5,1,ECE,1
8.84,10,86,6,1,87,95,4,1,3,IT,1
5.2,1,52,6,2,55,66,7,5,1,ECE,0
5.61,9,59,5,0,77,20,5,3,3,ME,1
6.02,5,82,0,3,87,56,3,2,1,CSE,1
7.01,5,66,6,3,64,85,3,1,1,ECE,1
9.23,6,74,1,2,63,98,3,3,2,IT,1
6.73,8,45,5,3,63,24,5,1,1,EE,1
8.27,4,98,1,2,66,78,3,1,3,CSE,1
8.55,5,64,6,1,74,39,3,5,2,IT,1
7.93,8,31,5,2,69,71,2,4,2,CE,1
6.79,10,80,3,3,91,75,4,3,3,ME,1
7.89,9,58,6,3,87,29,2,3,3,CE,1
6.71,8,60,4,3,78,39,8,0,1,ECE,1
5.42,5,65,2,0,72,83,4,1,3,ECE,1
9.96,4,32,3,1,65,20,8,1,3,ECE,1
5.64,1,98,5,0,62,71,3,4,2,ME,0
5.36,4,47,4,2,77,79,6,3,3,ME,1
9.39,5,74,4,2,59,37,1,4,3,IT,1
6.51,10,92,6,2,71,63,6,4,2,ME,1
8.25,9,53,6,0,96,72,7,3,3,CE,1
6.65,9,93,3,1,70,75,2,4,3,EE,1
6.96,3,91,6,2,86,83,2,4,2,ECE,1
6.31,4,62,2,3,68,37,1,2,3,ME,1
6.72,8,56,3,0,76,32,4,3,2,ME,1
7.05,6,95,2,3,81,20,3,1,1,IT,1
8.6,6,45,1,2,74,50,2,5,2,IT,1
7.56,3,99,3,1,63,42,4,0,3,CE,1
9.72,4,93,4,0,78,73,7,0,1,EE,1
5.21,9,41,3,0,91,43,8,3,3,CE,1
7.52,5,43,5,0,79,94,6,2,1,EE,1
7.92,4,90,3,2,77,20,1,5,1,CSE,1
9.6,2,40,5,1,76,39,8,1,3,ME,1
5.25,6,38,1,3,89,20,1,5,3,ECE,0
7.87,2,72,3,3,88,67,3,2,1,CSE,1
9.27,2,97,4,0,94,99,4,0,2,ECE,1
6.21,3,75,6,1,72,81,6,4,1,CSE,1
9.38,6,73,6,2,88,23,0,1,3,ME,1
5.1,6,58,2,0,68,85,6,0,2,CSE,1
8.66,8,71,2,2,69,24,6,3,2,ECE,1
9.67,5,64,5,2,56,93,6,5,2,IT,1
8.29,2,76,3,2,76,80,0,2,2,ECE,1
7.2,9,67,5,0,59,53,5,2,3,ME,1
5.22,7,93,2,0,59,91,3,5,2,ME,0
9.6,1,55,4,3,85,57,2,1,2,EE,1
7.35,2,54,6,0,58,84,5,4,3,CE,1
5.14,7,57,5,2,74,92,0,0,1,CE,1
8.45,2,50,3,3,93,29,1,5,1,ECE,1
7.41,4,39,5,3,68,60,1,2,2,ME,1
5.62,5,98,5,2,99,72,1,3,1,CSE,1
6.07,6,82,6,0,88,93,6,3,1,ME,1
5.32,2,39,4,2,79,49,7,2,2,CSE,1
7.87,6,49,0,3,55,55,3,2,1,ECE,1
8.11,7,70,0,0,75,50,4,0,1,ECE,1
7.53,9,67,3,0,67,21,8,5,2,EE,1
9.09,8,39,6,2,96,61,5,3,2,CE,1
9.31,1,72,3,1,61,52,5,0,3,ME,1
8.08,3,85,2,2,57,48,1,5,1,ECE,1
5.06,4,45,3,0,69,94,7,1,2,ME,1
8.48,9,43,6,1,59,38,5,4,3,IT,1
7.09,6,85,6,2,78,49,4,1,3,ECE,1
7.83,1,31,5,3,94,88,1,3,3,ME,1
8.25,5,51,1,0,58,54,8,4,3,CE,1
6.75,6,83,4,1,66,48,7,3,3,ME,1
9.59,5,50,0,0,76,60,6,2,1,CE,1
5.67,1,85,3,3,66,94,1,5,1,ME,1
8.36,3,85,1,2,79,29,8,5,1,CSE,1
5.02,9,78,0,0,97,37,6,3,3,ME,1
9.62,8,98,4,2,67,28,8,1,1,ECE,1
5.56,4,36,0,2,76,96,5,1,1,CSE,1
5.47,3,55,2,1,60,94,1,2,1,EE,1
6.67,10,72,1,0,84,31,7,0,2,ME,1
6.87,6,63,2,2,94,60,5,4,3,CSE,1
6.07,3,55,5,3,67,21,6,4,1,CE,1
7.93,4,74,5,1,62,25,3,5,3,CSE,1
7.21,6,48,6,1,69,33,5,0,3,ME,1
5.17,2,30,0,2,58,97,6,5,3,ME,0
6.6,9,80,5,1,68,42,6,3,1,CE,1
9.05,3,66,3,1,78,87,5,1,2,EE,1
8.45,4,55,2,3,57,68,4,1,2,EE,1
8.62,5,89,2,2,85,73,2,3,2,CE,1
8.49,9,43,3,0,55,83,0,3,3,ME,1
6.55,2,89,3,2,87,99,4,4,1,CE,1
5.5,4,87,1,0,61,34,6,5,3,EE,0
6.36,10,52,1,1,68,96,0,0,2,ECE,1
9.16,3,32,5,2,83,31,0,1,1,ME,1
9.9,7,56,6,2,70,96,2,5,3,ECE,1
7.47,7,68,1,0,64,83,5,0,2,CSE,1
5.05,8,63,5,3,92,25,5,4,2,ECE,1
5.7,2,71,5,1,72,90,4,1,3,IT,1
6.61,9,50,5,3,71,63,2,3,2,CSE,1
7.89,9,88,0,0,92,57,6,5,1,EE,1
5.38,1,66,5,2,66,23,8,3,3,CE,1
9.72,5,60,5,2,69,97,1,0,1,CE,1
6.83,3,69,5,3,89,54,5,4,3,ECE,1
9.56,10,67,6,3,74,84,3,0,2,CE,1
8.9,1,34,1,2,87,59,5,5,1,EE,1
8.78,10,87,5,0,99,96,3,3,1,IT,1
8.03,10,37,5,2,92,64,2,0,3,ME,1
8.13,10,87,3,0,92,41,3,3,1,CE,1
8.19,1,63,4,0,88,100,0,0,3,IT,1
8.14,7,30,5,3,78,32,4,4,2,ME,1
7.77,1,32,4,3,74,78,0,3,1,ME,1
9.93,7,78,6,0,70,80,4,1,2,ECE,1
8.66,9,90,0,1,93,49,3,3,1,CE,1
8.88,9,61,1,2,68,22,7,1,2,EE,1
9.36,6,60,3,0,81,23,6,3,2,ME,1
6.08,4,30,3,3,64,36,0,3,3,CE,0
5.42,2,90,5,3,95,87,5,0,3,CE,1
7.41,2,82,3,0,70,92,4,1,1,CE,1
7.57,9,64,2,1,70,21,2,3,2,ECE,1
9.15,6,94,6,1,100,91,0,4,1,EE,1
7.22,8,59,5,1,82,91,4,2,1,CE,1
7.85,2,41,5,1,83,81,8,0,3,CSE,1
7.64,2,48,4,2,82,63,8,0,1,IT,1
5.19,4,91,3,2,59,93,3,1,2,IT,1
8.08,6,82,0,2,55,82,5,3,1,ECE,1
9.14,7,92,1,1,63,59,0,2,2,IT,1
5.79,2,55,5,0,88,83,0,3,3,ME,0
7.97,7,84,2,0,90,42,8,1,2,CE,1
7.97,10,62,4,0,85,92,0,3,1,CE,1
5.82,6,47,1,1,69,85,4,1,2,ME,1
5.62,5,73,6,1,57,89,5,2,2,CSE,1
9.9,10,46,5,1,90,55,4,1,1,CE,1
6.97,9,44,3,0,57,87,3,2,1,CE,1
6.14,10,96,2,1,73,39,0,2,2,CE,1
5.86,9,97,4,0,67,27,7,3,3,CSE,1
8.34,8,60,1,3,67,80,2,4,3,ECE,1
8.05,1,69,0,2,89,36,7,2,1,ME,1
8.22,2,56,6,2,55,75,7,2,2,ECE,1
5.44,8,74,6,1,55,36,2,5,2,EE,1
9.47,9,34,4,1,63,25,6,1,3,ECE,1
6.95,3,48,0,0,75,63,5,2,1,ME,1
6.57,5,94,0,2,59,51,8,1,3,ME,1
7.31,3,85,0,3,65,86,7,3,3,CE,1
6.95,2,71,2,2,55,61,1,3,3,EE,0
9.32,2,58,2,1,89,26,0,1,3,EE,1
9.65,3,41,4,3,89,81,8,1,1,CE,1
6.52,6,85,3,2,67,73,6,4,2,IT,1
9.32,5,73,5,1,80,51,8,5,1,ME,1
8.91,4,90,4,3,97,59,8,4,2,CE,1
9.65,4,48,1,0,100,82,7,1,1,CSE,1
6.23,9,89,1,1,66,27,2,0,3,ECE,1
7.88,2,73,4,2,70,21,2,0,2,ECE,1
6.37,10,59,6,2,99,32,8,4,2,ME,1
9.12,5,73,5,1,81,56,7,0,2,IT,1
5.03,1,39,3,1,95,86,8,5,1,CSE,0
7.82,3,52,0,0,57,44,2,0,2,ECE,1
6.7,2,90,1,2,91,88,8,1,1,CE,1
6.61,7,64,4,1,56,61,5,3,1,CE,1
8.22,2,66,3,0,62,52,5,1,3,CE,1
9.26,2,64,4,1,91,43,4,4,3,ME,1
8.05,9,87,0,0,86,70,4,0,1,ME,1
9.27,6,75,5,3,96,100,8,0,1,CSE,1
6.32,7,87,2,2,87,78,4,5,2,CSE,1
7.6,8,85,5,2,55,95,3,4,2,CSE,1
7.25,10,76,5,1,92,32,1,0,2,CSE,1
5.06,7,45,1,0,61,89,1,0,1,CSE,1
7.78,4,78,3,1,93,79,7,5,2,ME,1
8.31,10,57,6,1,59,34,7,5,3,IT,1
7.96,7,47,3,3,99,74,1,5,3,CE,1
8.68,9,99,0,0,81,80,6,1,2,CSE,1
7.86,10,87,1,0,59,85,6,2,2,CE,1
5.33,4,58,0,3,84,74,7,4,1,CSE,1
5.58,3,54,5,0,74,52,1,2,2,CSE,0
7.98,2,97,2,3,62,30,1,3,3,CSE,1
6.37,3,46,3,1,84,80,2,0,2,EE,1
5.4,6,80,0,1,87,24,8,5,2,IT,0
7.15,3,100,2,2,95,81,2,2,3,CE,1
7.77,4,94,6,3,100,78,8,5,2,ME,1
6.64,9,100,5,1,61,68,0,5,2,ME,1
8.6,5,87,3,2,95,33,1,3,1,ME,1
8.22,7,34,5,1,67,26,5,0,3,IT,1
6.66,6,96,6,2,71,61,4,2,3,EE,1
8.77,5,62,0,3,70,51,8,2,3,CSE,1
8.24,10,73,1,0,93,74,0,3,1,ECE,1
8.19,6,58,2,2,61,61,5,1,3,CE,1
7.77,9,37,4,0,78,21,0,1,1,CE,1
5.06,6,85,2,3,95,92,2,4,3,ECE,1
8.48,3,45,1,2,86,45,1,1,2,IT,1
6.88,3,97,3,2,76,50,0,1,2,CE,1
9.71,5,40,2,3,92,43,8,4,2,IT,1
9.09,8,86,5,3,55,88,0,5,3,CSE,1
7.94,8,92,4,2,57,69,5,5,3,ECE,1
6.26,9,30,1,2,72,46,5,5,3,ECE,0
6.02,6,53,2,3,73,85,4,5,3,EE,1
6.7,1,32,6,1,90,52,8,3,1,IT,1
7.38,9,68,2,2,95,94,1,4,2,ECE,1
6.48,3,92,4,3,69,100,8,4,2,IT,1
7.57,5,73,1,2,88,68,3,5,3,EE,1
5.83,10,62,2,2,81,89,1,1,3,EE,1
9.89,6,40,1,3,95,58,8,0,3,CSE,1
5.54,1,35,1,2,64,64,4,3,1,IT,0
9.66,4,60,6,3,57,92,6,1,3,CE,1
9.57,3,89,5,1,75,52,2,3,1,CE,1
7.63,8,47,0,0,75,91,0,5,3,ME,0
8.62,10,91,5,0,80,91,1,4,2,ECE,1
7.18,2,82,1,1,95,73,3,3,1,ME,1
8.15,2,83,2,2,65,78,8,1,2,CSE,1
6.7,4,49,1,2,55,71,2,1,3,EE,1
6.51,9,98,6,3,98,44,1,5,1,ECE,1
7.89,9,50,1,1,70,82,1,5,2,CSE,1
7.49,4,95,6,3,70,23,4,1,1,ME,1
7.9,4,56,4,3,58,75,6,3,1,CSE,1
6.43,5,43,1,2,56,23,5,0,3,CE,1
6.83,5,54,2,2,60,98,5,2,1,CSE,1
5.42,2,43,1,1,70,79,5,3,1,CE,0
5.26,10,97,3,2,78,93,7,0,3,CSE,1
6.27,9,69,3,2,57,100,3,4,2,EE,1
5.37,7,46,3,2,97,98,8,0,1,IT,1
5.52,3,70,5,3,73,42,0,1,2,IT,1
9.06,7,41,5,3,67,70,0,1,1,CSE,1
5.19,9,78,2,0,71,71,2,5,1,CSE,0
8.29,2,51,4,2,67,98,8,0,1,CSE,1
6.36,1,65,6,3,77,88,3,4,2,ECE,1
9.36,4,41,3,1,85,81,1,3,2,ME,1
7.42,1,36,5,3,86,90,3,0,2,IT,1
6.53,9,38,4,3,58,89,8,2,1,EE,1
7.59,1,96,2,2,55,35,1,4,3,CE,0
6.91,6,54,3,2,87,83,2,4,3,CSE,1
7.82,9,45,6,2,97,57,7,5,1,EE,1
5.57,3,78,1,0,94,72,5,2,1,IT,1
9.98,3,70,2,0,72,79,5,2,3,IT,1
7.13,1,99,1,2,93,44,8,4,3,CSE,1
6.74,8,43,2,2,75,23,2,5,2,ECE,0
8.55,3,42,0,3,63,25,8,1,3,CE,1
6.82,4,79,6,2,69,49,7,0,1,IT,1
9.17,1,54,0,2,99,42,0,5,3,CE,0
7.27,10,50,6,1,69,56,1,4,2,EE,1
8.6,10,60,2,2,68,47,7,3,3,EE,1
5.54,9,72,6,1,81,69,1,1,1,EE,1
9.23,5,99,0,0,73,54,0,1,3,CE,1
8.68,8,41,2,0,79,91,0,5,3,IT,1
6.06,5,62,4,2,75,50,8,4,2,IT,1
5.73,9,49,2,0,81,47,3,3,2,CE,1
6.58,9,56,6,1,99,56,8,1,3,ECE,1
9.88,9,50,3,3,78,51,6,0,3,CE,1
6.28,1,94,4,1,55,51,4,3,1,ECE,1
7.28,4,76,4,0,55,21,4,0,1,ECE,1
5.15,3,99,6,2,68,64,6,5,3,CSE,1
6.99,4,67,0,1,93,87,3,5,2,CSE,0
7.86,2,31,4,2,82,38,2,3,3,ECE,1
9.77,5,48,6,1,69,88,2,3,3,IT,1
7.58,8,84,1,0,71,89,0,1,1,ME,1
9.1,2,60,6,0,63,52,1,4,3,CE,1
7.74,6,73,6,3,58,61,3,5,2,EE,1
5.2,8,30,4,0,100,61,5,2,3,IT,1
6.58,4,99,1,3,72,93,2,0,1,ECE,1
7.88,8,68,0,1,88,93,2,5,1,CSE,1
9.75,5,47,6,3,84,49,4,0,2,CSE,1
9.3,4,47,2,1,98,74,2,1,1,IT,1
6.14,8,95,2,1,56,24,8,5,1,ME,1
6.1,7,84,3,3,89,56,2,4,1,CSE,1
6.01,7,46,4,2,97,73,1,4,3,CSE,1
9.61,4,82,2,3,83,31,4,1,1,EE,1
9.26,2,96,5,3,71,99,7,5,1,EE,1
8.87,1,76,0,0,69,57,6,1,1,EE,1
6.96,7,92,2,0,75,64,2,0,1,EE,1
7.52,1,88,0,2,85,82,6,0,1,IT,1
7.32,8,65,5,0,94,70,8,1,2,CSE,1
6.27,6,76,3,2,83,66,0,2,1,CSE,1
7.53,10,30,2,1,58,95,2,2,1,ME,1
5.15,1,71,4,3,100,85,8,2,1,CSE,1
5.66,5,85,5,1,96,36,7,5,1,CSE,1
9.43,2,56,4,0,59,97,6,2,3,CSE,1
8.76,7,55,2,1,82,23,6,4,3,ME,1
7.11,10,71,4,2,96,43,2,1,3,CE,1
7.59,5,47,3,1,59,30,4,2,1,CE,1
6.85,5,68,5,2,64,31,0,4,2,CSE,1
8.7,1,49,0,2,68,73,4,0,2,EE,1
8.92,8,42,6,2,93,74,5,4,1,ECE,1
8.82,5,98,0,2,57,80,8,3,2,IT,1
8.61,4,75,3,2,63,38,8,2,2,IT,1
6.02,7,31,4,3,88,48,3,0,2,IT,1
6.69,7,72,6,2,90,44,2,0,1,CE,1
7.35,1,46,6,3,85,95,8,4,3,ECE,1
6.65,7,73,5,1,93,61,7,1,2,IT,1
8.77,6,34,4,2,100,26,8,0,3,CSE,1
6.65,6,94,1,2,78,24,5,3,2,ECE,1
5.69,7,40,6,0,61,50,0,0,2,CSE,1
7.0,4,89,4,0,86,100,4,1,1,EE,1
9.9,3,84,6,0,64,92,8,3,3,ECE,1
6.13,7,96,0,1,97,42,1,3,3,ECE,1
8.06,8,62,4,3,86,54,5,4,2,CE,1
7.16,5,41,1,0,70,38,2,2,2,ME,0
5.36,5,80,2,0,69,72,0,2,1,CSE,1
7.44,6,93,1,3,69,53,4,5,3,EE,1
8.51,5,41,3,1,91,70,8,2,1,CSE,1
7.57,8,77,5,0,99,53,3,2,3,CSE,1
9.36,10,47,4,2,64,83,3,0,1,IT,1
6.44,1,70,5,0,68,54,3,3,3,EE,0
5.43,7,30,0,2,69,87,3,1,1,IT,1
9.68,6,85,4,0,87,84,2,0,3,ECE,1
6.89,2,60,6,0,95,41,8,3,3,EE,1
7.88,8,99,4,0,59,96,4,3,1,CE,1
8.96,7,96,0,3,63,95,1,4,1,ECE,1
6.62,5,65,2,3,96,21,1,3,1,ME,1
8.58,5,64,6,3,58,69,8,1,3,ME,1
5.68,5,44,0,3,55,62,4,0,2,EE,1
6.46,9,53,3,1,91,21,2,5,2,EE,0
5.72,1,75,3,1,80,72,8,4,2,IT,1
9.06,2,60,1,2,55,32,8,5,2,IT,1
6.11,5,96,1,0,64,85,8,4,2,CE,1
8.59,5,86,2,1,59,40,1,4,3,ECE,1
9.72,8,47,4,1,95,89,6,1,1,CE,1
7.64,3,98,5,1,55,77,8,1,1,IT,1
7.7,3,54,2,2,91,52,4,3,1,IT,1
7.31,2,74,6,0,96,27,2,4,3,CE,0
6.63,7,78,5,3,96,40,7,4,1,IT,1
7.38,1,68,1,0,95,24,0,3,2,CE,0
8.01,9,46,1,3,79,48,2,0,2,CE,1
9.93,1,75,6,0,79,37,4,1,1,IT,1
9.69,6,32,1,2,61,48,1,3,3,CSE,1
9.31,8,41,1,2,85,40,4,1,1,ME,1
9.45,7,61,6,0,87,94,3,1,1,ME,1
7.34,10,31,0,3,94,87,4,3,1,IT,1
8.29,2,33,6,1,58,90,1,2,1,CE,1
9.48,1,89,6,3,84,49,0,2,1,IT,1
6.96,2,30,6,0,93,73,3,4,2,ME,0
9.81,3,77,0,2,83,25,0,0,2,ECE,1
7.08,6,51,4,0,60,26,4,5,1,ME,0
8.01,6,95,6,1,76,69,1,1,3,ME,1
8.55,5,92,2,1,90,57,5,3,3,EE,1
9.75,8,100,3,3,63,80,4,1,2,CSE,1
6.22,1,58,6,2,92,92,2,1,3,IT,1
8.73,1,95,2,3,77,36,5,5,1,CSE,1
7.6,1,38,4,1,79,49,5,4,2,EE,0
6.34,2,54,5,1,64,84,3,4,3,IT,0
8.88,7,55,0,1,75,98,4,2,3,ME,1
7.76,10,54,2,1,56,61,8,4,3,IT,1
8.3,6,32,4,1,89,20,4,0,1,EE,1
6.61,3,32,4,2,94,65,6,5,1,ECE,1
7.41,8,74,2,0,64,99,6,1,2,ECE,1
8.09,10,51,2,2,95,96,8,4,2,CE,1
7.02,2,50,1,1,80,54,1,0,1,EE,1
5.99,9,37,6,3,83,99,8,3,2,ECE,1
9.81,4,49,1,3,77,43,6,5,2,CE,1
7.56,1,86,0,2,99,81,0,0,3,CE,1
8.67,3,95,6,2,68,43,4,4,2,IT,1
7.06,7,83,5,2,85,88,8,4,3,IT,1
6.78,2,95,1,3,68,37,7,3,3,CSE,1
7.04,10,48,1,2,74,22,5,2,2,CSE,1
7.05,8,36,2,2,93,45,1,0,2,EE,1
7.72,8,90,4,1,59,36,8,3,3,CSE,1
7.72,3,66,2,1,57,40,7,1,3,IT,1
7.49,8,55,6,2,55,97,1,1,1,ECE,1
5.67,8,68,4,2,62,66,0,1,1,ECE,1
7.48,9,39,6,0,97,65,6,3,1,EE,1
5.85,1,34,4,0,80,85,6,4,3,ECE,0
5.63,5,59,2,2,97,67,5,3,3,ME,1
9.66,9,60,2,1,97,70,1,1,3,IT,1
8.02,9,46,1,1,69,77,0,4,2,ECE,1
8.3,5,95,0,2,58,67,0,3,2,CE,1
7.01,4,42,5,2,75,50,2,1,3,ME,1
9.54,2,64,6,1,59,87,8,4,3,EE,1
8.19,2,79,1,1,74,32,8,3,3,ECE,1
8.85,4,90,2,0,66,95,6,2,2,EE,1
6.84,5,64,0,0,89,33,6,3,3,ME,0
9.8,4,98,4,2,61,87,0,0,3,CE,1
9.1,9,72,3,2,78,46,7,2,3,CSE,1
9.27,6,79,2,2,67,61,0,1,2,ECE,1
5.86,10,75,3,1,94,72,5,4,1,EE,1
6.35,3,63,3,2,70,43,8,0,1,EE,1
6.43,3,39,0,2,81,25,3,4,2,ECE,0
6.35,3,48,6,0,86,77,4,4,1,EE,1
9.28,10,83,0,1,93,49,0,1,1,IT,1
5.16,5,53,2,3,56,93,0,2,1,ECE,1
5.38,10,40,5,1,90,64,8,1,2,ME,1
6.37,6,71,0,0,91,43,5,2,3,CE,1
6.0,2,56,5,2,83,69,8,1,2,IT,1
6.16,6,34,5,2,69,60,1,2,1,IT,1
8.99,9,44,3,0,94,25,4,2,1,CSE,1
7.82,3,50,5,2,91,53,0,5,3,IT,1
5.03,7,72,5,3,82,61,3,1,2,EE,1
7.15,1,72,3,2,58,68,2,4,1,CSE,1
7.04,5,92,4,0,61,75,4,0,2,IT,1
5.57,1,96,1,1,65,45,1,2,2,IT,0
8.38,5,93,2,0,59,93,2,0,1,IT,1
8.51,8,88,3,2,94,45,4,4,1,CE,1
8.6,5,83,2,3,68,61,2,3,1,IT,1
8.64,6,95,2,1,97,81,4,0,3,IT,1
5.0,9,43,0,0,83,89,2,2,2,CE,1
9.77,9,30,1,3,77,94,5,4,3,IT,1
9.07,4,48,1,0,74,23,6,5,3,ME,0
9.52,2,79,3,1,59,79,7,4,2,EE,1
5.08,6,100,3,0,96,67,8,0,2,ECE,1
9.67,5,62,3,0,80,95,4,0,1,CE,1
9.05,7,50,6,3,95,88,5,1,3,EE,1
9.19,7,59,2,0,96,59,8,4,1,CSE,1
5.47,7,36,2,3,92,34,3,3,2,ECE,1
8.69,2,86,3,3,85,41,1,1,1,ME,1
9.8,9,72,2,1,88,66,6,0,2,EE,1
8.39,2,79,6,2,92,77,5,4,2,CE,1
7.85,2,38,2,1,57,31,7,1,3,EE,1
9.73,9,31,6,2,70,44,4,0,1,ECE,1
7.21,3,52,0,1,71,82,4,5,1,IT,0
8.0,2,77,1,3,71,67,8,3,3,CE,1
7.38,7,100,6,3,76,100,0,1,1,EE,1
9.66,7,82,5,3,92,54,8,0,3,ME,1
5.38,4,94,0,2,55,96,7,5,1,EE,1
7.51,3,64,0,1,79,99,1,4,1,IT,1
8.43,8,64,1,2,97,59,8,4,1,ECE,1
8.96,9,33,5,0,70,95,6,4,3,ECE,1
7.92,8,52,3,3,85,52,6,1,2,CSE,1
9.54,4,56,4,2,79,36,4,4,1,CE,1
9.71,3,95,5,1,69,63,8,0,1,CE,1
5.32,5,67,1,1,60,38,3,3,3,EE,0
7.01,4,70,5,3,100,93,8,3,2,EE,1
5.12,3,96,1,2,99,83,8,2,1,ECE,1
6.65,10,97,3,2,76,92,6,5,2,CE,1
7.68,4,38,5,1,72,43,4,1,2,CSE,1
9.55,3,82,1,3,56,85,5,3,2,CE,1
9.23,1,45,0,0,94,36,3,4,1,ECE,0
5.64,1,77,6,2,89,39,2,3,1,CSE,1
5.47,9,94,4,3,85,22,1,4,3,ECE,1
7.95,6,54,3,3,84,73,6,4,1,ECE,1
7.66,9,78,4,2,76,81,5,3,1,EE,1
6.33,1,79,6,1,69,68,4,4,2,IT,1
9.5,10,98,4,3,91,31,8,0,3,CE,1
9.64,4,91,6,2,82,61,8,0,3,CSE,1
7.01,8,83,1,0,75,21,7,0,1,ME,1
9.45,4,53,4,0,87,44,2,3,1,IT,1
6.92,8,69,5,1,62,38,6,3,2,EE,1
8.68,5,33,0,0,68,59,8,3,2,EE,1
7.38,2,59,0,1,74,56,1,2,3,CE,0
5.61,5,71,2,3,79,65,1,1,1,ME,1
9.64,9,94,2,0,59,45,7,0,1,IT,1
7.27,2,99,0,1,85,25,3,2,3,ME,1
8.67,1,81,4,1,63,50,2,0,3,ME,1
6.84,6,31,1,3,59,34,4,4,3,EE,0
5.09,4,30,3,3,58,61,8,3,2,IT,1
5.5,7,55,5,2,71,64,6,4,3,EE,1
7.48,2,39,1,2,70,46,5,4,2,CSE,0
8.45,7,92,0,3,74,87,8,5,2,ECE,1
6.67,9,88,4,1,78,60,5,5,3,IT,1
8.48,10,67,0,1,59,89,0,4,2,IT,1
8.49,3,85,0,3,64,63,6,1,1,ECE,1
8.52,7,42,6,2,79,79,3,4,2,ME,1
7.46,7,86,1,2,83,91,2,5,2,CE,1
9.57,5,100,0,1,89,23,5,3,2,IT,1
7.45,10,46,2,0,90,60,0,5,2,ME,0
7.25,2,89,4,0,83,26,0,1,3,CSE,1
6.0,8,96,0,3,61,94,3,0,1,CE,1
6.54,9,43,4,3,90,75,7,2,1,CE,1
5.21,8,98,1,3,94,90,2,5,2,ME,1
8.17,3,84,1,2,76,89,6,4,2,IT,1
6.24,2,53,0,1,96,58,1,0,3,ECE,1
6.52,6,44,5,0,93,40,5,4,3,EE,1
8.85,6,41,5,3,73,75,2,5,2,ECE,1
6.64,8,92,3,3,99,28,7,0,2,EE,1
6.21,1,67,2,2,89,99,7,1,2,CE,1
5.85,1,51,5,2,99,85,0,4,1,ME,1
8.87,10,70,4,0,79,43,4,2,3,IT,1
5.65,6,90,5,2,73,74,8,5,1,CE,1
7.27,6,94,4,0,79,63,0,5,3,CE,1
7.53,3,94,5,2,94,76,7,0,2,CE,1
8.44,10,96,3,3,75,89,4,5,2,ECE,1
8.17,3,64,6,1,77,68,2,0,2,ME,1
9.05,5,49,6,2,94,22,3,3,3,ME,1
5.22,10,53,5,0,76,54,8,0,3,CE,1
6.48,3,86,3,1,58,62,8,3,1,CE,1
6.4,9,41,1,0,82,88,3,1,2,IT,1
5.73,2,67,0,0,92,24,0,5,2,CSE,0
6.45,5,46,6,3,99,75,6,1,1,ECE,1
6.55,9,80,2,3,75,40,2,1,1,CSE,1
7.61,10,33,0,3,93,24,6,3,1,ME,1
8.32,6,59,6,3,91,69,5,2,3,ME,1
6.91,9,38,2,1,90,100,8,4,3,EE,1
8.6,8,32,2,2,57,68,2,3,1,EE,1
6.68,9,70,5,1,77,69,8,0,3,CSE,1
6.45,1,79,1,2,93,90,7,0,3,ME,1
7.71,3,59,4,2,95,73,5,2,1,CSE,1
5.12,4,77,2,3,59,54,1,5,2,CE,0
5.4,2,64,1,3,88,100,1,4,3,ECE,0
7.09,10,55,0,3,55,48,6,2,3,ME,1
9.71,1,34,1,3,60,52,3,3,1,CSE,1
8.61,4,77,6,2,74,40,4,4,3,IT,1
5.44,2,58,2,2,99,58,2,0,3,EE,1
9.23,2,66,4,1,87,88,0,0,2,IT,1
8.66,9,83,3,1,89,61,1,5,3,EE,1
8.05,8,64,4,2,61,96,3,5,3,ECE,1
9.1,8,88,3,3,76,66,2,0,1,CE,1
7.02,8,48,4,1,58,49,5,1,1,CSE,1
6.11,4,84,5,0,82,93,3,4,3,CE,1
7.56,7,39,0,1,77,33,6,0,2,CSE,1
7.74,5,65,4,3,95,100,3,1,2,ECE,1
7.69,1,35,0,2,87,75,7,1,3,CSE,1
7.83,4,35,5,3,59,100,8,2,2,ECE,1
9.74,7,90,5,2,72,93,3,0,2,ECE,1
9.51,10,56,3,0,78,95,4,5,1,ECE,1
9.38,5,94,3,3,69,96,5,3,1,ME,1
9.01,3,86,2,2,100,90,2,0,2,ECE,1
9.72,10,97,1,0,97,24,2,5,2,EE,1
5.49,10,32,6,0,92,21,8,3,1,IT,1
6.33,6,73,0,3,56,24,5,5,2,EE,0
7.48,4,77,4,2,62,30,2,5,3,CSE,1
9.23,10,63,1,3,78,34,5,3,3,ECE,1
7.53,2,94,1,0,94,32,6,4,1,CSE,1
8.74,8,77,4,1,74,60,5,5,1,ECE,1
5.69,2,56,2,2,86,78,6,1,2,EE,1
6.26,6,47,5,2,93,52,4,0,1,IT,1
8.66,3,68,4,2,58,91,8,0,3,ECE,1
5.82,4,58,1,2,79,40,8,3,3,CE,1
6.76,4,59,2,3,98,89,6,1,3,ME,1
6.32,3,59,4,1,72,81,8,5,1,EE,1
6.75,6,31,2,1,88,88,0,1,3,CSE,1
8.54,8,99,5,3,97,59,2,5,2,CSE,1
6.84,5,87,3,3,92,60,7,4,1,CE,1
7.78,8,93,3,3,96,28,0,5,2,CE,1
5.5,6,86,0,0,69,78,2,4,3,ME,0
9.03,4,44,5,2,95,84,5,5,1,CSE,1
6.85,3,32,3,0,58,24,1,2,3,CE,0
8.24,8,92,0,0,57,85,4,3,2,CE,1
8.63,9,69,0,1,60,25,3,2,1,CSE,1
6.05,2,78,3,0,65,83,6,4,3,ME,0
9.42,9,92,0,0,70,33,4,3,2,CE,1
8.08,2,69,6,1,83,64,5,1,1,EE,1
7.14,7,87,1,2,95,48,5,0,2,CE,1
5.91,4,60,6,2,80,51,2,5,2,CSE,1
9.71,6,79,0,1,73,55,2,2,1,EE,1
8.78,3,93,5,3,86,97,0,5,2,ME,1
6.04,8,89,6,1,74,49,3,3,3,ECE,1
6.69,4,43,6,2,67,92,1,5,3,ECE,1
9.05,2,88,0,0,88,93,1,0,2,ME,1
8.48,2,89,4,3,67,70,1,1,2,EE,1
8.83,4,48,6,0,87,85,8,0,1,CSE,1
7.21,8,74,5,1,58,85,5,0,3,IT,1
8.58,1,47,3,2,74,60,8,2,1,CE,1
6.93,5,98,6,1,68,35,7,2,2,IT,1
6.06,4,44,2,0,67,95,7,2,3,CSE,1
8.16,8,33,1,2,81,94,3,3,1,CE,1
9.88,3,85,3,1,97,36,7,5,2,IT,1
6.55,4,77,4,2,83,75,2,4,3,EE,1
7.3,7,90,3,3,58,43,4,5,2,CSE,1
8.37,5,54,3,1,87,63,6,2,1,EE,1
7.71,9,61,4,3,55,47,4,1,2,ME,1
9.22,10,96,5,2,93,93,1,3,3,ME,1
8.81,8,85,3,3,69,51,6,1,2,CE,1
5.29,2,50,0,2,83,41,6,3,2,ECE,0
9.99,3,57,0,0,63,91,5,5,1,EE,1
8.76,3,40,1,2,64,43,7,3,2,ME,1
9.32,7,92,1,0,80,77,8,2,1,ME,1
8.26,1,95,0,2,87,99,7,5,3,CSE,1
9.28,7,54,5,2,73,36,8,3,1,EE,1
5.56,3,99,3,1,94,62,4,2,2,CSE,1
6.74,2,72,5,0,79,42,5,4,3,ECE,0
9.38,1,39,1,1,57,97,0,2,3,CSE,1
6.01,10,90,2,3,80,66,5,4,3,EE,1
5.39,7,77,3,0,62,64,3,0,2,CSE,1
8.94,8,48,1,1,79,98,3,2,1,CSE,1
9.18,6,50,4,2,94,90,6,1,3,ME,1
5.81,7,43,0,1,71,48,0,2,1,EE,0
9.27,5,97,1,2,79,86,6,2,1,ECE,1
8.43,1,91,0,2,89,57,4,5,2,ME,1
7.6,10,85,0,0,59,50,5,2,3,CE,1
9.15,1,30,2,1,94,91,4,5,2,CE,1
7.1,5,36,4,2,93,29,4,2,1,EE,1
5.97,6,94,5,0,85,54,2,4,1,ME,1
6.42,7,66,1,3,58,40,2,0,3,IT,1
7.53,3,100,1,3,85,53,0,2,1,CE,1
7.66,8,66,4,2,95,81,8,4,3,ECE,1
9.03,3,67,4,0,62,45,8,3,2,CE,1
8.96,8,35,3,0,58,86,7,5,2,CSE,1
7.91,6,54,2,3,56,48,8,3,2,EE,1
8.9,1,47,1,0,78,98,7,4,2,ME,1
5.96,10,54,1,0,71,52,2,2,3,CE,1
5.25,7,80,1,2,75,31,8,1,3,EE,1
9.37,6,76,6,1,99,39,7,5,3,EE,1
5.38,4,31,2,2,93,37,0,5,2,ECE,0
6.23,3,81,4,1,71,22,6,0,1,IT,1
8.48,10,61,6,2,100,55,2,2,1,IT,1
7.05,7,46,3,1,82,76,3,4,2,CSE,1
9.38,1,93,5,3,82,63,4,3,3,CSE,1
6.49,10,87,5,3,81,80,7,3,1,CSE,1
5.06,7,30,6,2,79,29,5,0,1,ECE,1
6.5,6,73,0,2,77,99,2,5,3,IT,1
7.89,9,51,5,2,99,82,7,1,1,CE,1
6.88,2,88,0,1,71,91,0,5,3,ECE,0
7.67,6,61,4,1,55,44,6,0,2,ECE,1
9.38,7,34,5,1,73,90,4,1,2,CE,1
9.56,4,33,5,0,89,70,4,4,2,ME,1
6.33,3,100,2,2,92,29,1,4,1,EE,1
7.31,8,62,5,0,63,72,0,0,1,CSE,1
7.75,3,47,3,2,78,35,2,5,2,EE,0
9.75,1,79,4,1,89,86,7,0,2,CSE,1
9.99,2,87,1,3,72,69,8,4,2,CE,1
6.18,6,44,5,1,96,32,0,2,2,CSE,1
8.63,10,59,1,1,98,39,7,3,3,CSE,1
6.89,4,71,6,2,91,96,4,0,1,ECE,1
5.04,1,90,5,2,95,97,5,0,3,ME,1
5.05,4,40,1,3,66,92,1,3,1,ECE,1
7.3,4,84,4,2,100,63,3,0,1,EE,1
7.44,6,100,6,1,69,51,2,3,2,CE,1
5.11,9,51,3,3,85,93,6,2,2,CSE,1
8.43,6,48,5,0,87,89,7,1,2,CE,1
6.47,4,87,4,3,97,43,7,0,2,EE,1
7.8,3,47,4,1,82,72,8,3,3,ME,1
6.5,5,79,1,3,78,84,6,4,1,CSE,1
5.84,2,76,5,0,100,27,7,0,1,IT,1
7.04,6,68,6,3,68,66,4,1,1,CE,1
6.16,7,36,6,1,72,46,8,1,1,CSE,1
7.67,1,60,2,3,63,43,5,5,2,CE,0
5.99,7,68,5,0,73,99,7,5,1,IT,1
7.54,8,34,1,1,83,81,1,0,3,CSE,1
5.79,2,63,0,2,85,90,2,4,2,CE,0
8.35,8,69,1,0,94,71,6,4,2,CE,1
8.77,7,49,4,0,56,93,5,0,2,EE,1
5.55,5,77,2,2,82,44,1,1,3,ECE,1
7.34,8,80,5,2,63,29,5,5,1,CSE,1
5.35,4,38,0,3,90,21,4,0,2,EE,1
7.99,8,43,6,0,87,28,8,3,1,CSE,1
6.32,8,31,2,1,82,71,6,0,1,CSE,1
7.64,9,85,5,2,80,66,4,4,1,EE,1
7.59,8,69,5,2,67,54,3,1,2,EE,1
9.62,7,51,0,3,90,35,3,3,1,IT,1
7.75,1,76,5,0,66,56,2,1,2,CSE,1
7.91,7,43,1,2,68,29,4,5,1,CSE,1
7.01,3,93,4,2,79,86,8,1,3,IT,1
9.75,7,39,2,3,77,46,0,3,2,IT,1
8.89,7,97,2,3,62,72,1,3,2,CE,1
6.43,5,75,5,0,65,79,7,5,2,EE,1
9.22,8,99,3,2,94,40,5,1,2,CSE,1
7.16,8,89,6,2,84,56,3,5,3,CE,1
9.14,8,70,3,0,86,36,8,2,3,ME,1
9.11,2,61,3,3,77,21,7,2,1,ME,1
5.94,10,85,5,2,78,62,4,1,3,ECE,1
8.51,3,52,3,2,63,56,5,0,1,ME,1
6.45,6,36,1,3,74,25,4,4,1,CSE,1
6.49,2,75,2,3,58,37,6,4,2,ECE,1
6.48,8,54,0,1,94,26,1,5,1,IT,0
8.63,1,73,2,3,86,81,6,2,2,EE,1
6.15,5,82,2,3,76,85,8,1,2,ME,1
5.0,4,61,0,2,67,78,8,1,2,CE,1
8.58,3,90,1,3,92,66,3,0,2,CSE,1
5.86,2,100,1,1,93,81,4,3,2,CE,1
5.52,10,87,1,1,81,42,5,3,1,ME,1
6.19,4,48,6,1,64,66,7,2,2,IT,1
6.9,5,78,5,2,57,25,4,2,3,CSE,1
7.38,3,31,2,1,68,59,1,5,3,CE,0
5.22,9,45,4,0,86,79,5,1,2,ME,1
9.85,10,94,2,0,93,26,3,0,2,ME,1
8.58,7,64,4,1,74,65,5,2,3,EE,1
6.62,5,48,2,0,77,66,3,2,3,CSE,1
6.59,9,31,2,1,97,31,3,1,3,ME,1
7.24,6,64,1,3,95,52,5,3,3,EE,1
8.13,4,93,1,3,86,89,5,2,3,CE,1
5.73,10,53,1,1,93,38,6,4,3,CSE,1
5.94,7,41,3,2,83,27,8,0,2,CE,1
9.3,5,66,1,0,75,37,6,4,1,EE,1
6.28,8,38,4,0,99,99,2,0,2,ECE,1
6.9,7,89,3,2,70,53,0,1,1,EE,1
9.36,6,60,5,3,65,34,5,3,2,ECE,1
8.32,6,99,4,1,81,27,1,1,1,ECE,1
6.71,4,40,2,3,73,49,2,1,3,CE,1
8.42,6,65,5,2,63,42,8,4,2,EE,1
5.1,10,67,5,0,94,85,0,5,3,IT,1
8.68,2,55,6,1,77,63,2,4,2,CSE,1
7.44,7,87,4,0,58,74,4,4,2,ECE,1
9.07,8,83,2,3,66,58,7,3,3,ECE,1
9.77,8,56,1,3,100,63,7,1,2,CSE,1
9.63,7,88,0,1,86,26,3,3,1,IT,1
9.55,10,85,5,2,90,67,8,5,2,EE,1
7.56,5,38,0,0,67,39,8,0,3,ME,1
6.8,4,62,1,1,80,53,1,5,2,CE,0
7.33,10,50,2,1,81,54,8,4,3,CE,1
8.45,3,57,4,3,59,21,2,2,1,CSE,1
9.42,2,59,4,3,87,71,5,2,1,CE,1
6.03,4,92,4,0,87,64,0,3,1,ECE,1
9.59,5,59,5,0,97,70,5,1,2,ME,1
9.08,4,73,2,1,70,24,7,1,2,ME,1
9.89,4,58,3,0,63,32,2,5,1,ECE,1
9.4,1,95,5,1,70,91,3,5,3,CSE,1
6.4,10,74,3,2,61,81,2,2,2,EE,1
5.53,10,82,4,3,64,87,5,0,2,ME,1
5.56,5,80,1,3,62,72,5,4,1,IT,1
6.46,3,56,5,1,92,67,4,2,3,CSE,1
8.07,3,93,6,1,68,89,0,2,1,CSE,1
9.02,6,93,1,0,98,30,0,1,3,ECE,1
9.5,2,43,1,1,78,49,4,3,1,CE,1
8.12,5,68,2,1,88,62,0,4,2,IT,1
5.03,6,87,2,1,90,38,1,4,1,ME,0
5.93,8,40,2,0,97,86,2,5,3,CSE,0
5.5,7,79,4,1,67,75,3,4,2,CSE,1
6.82,1,99,1,3,59,24,8,2,2,EE,1
7.51,9,55,5,0,73,82,6,0,3,CE,1
5.22,7,73,3,0,87,47,0,2,2,ECE,1
6.74,1,98,6,3,88,67,6,1,3,CSE,1
5.9,2,40,1,2,79,30,0,0,1,CSE,1
8.24,6,62,5,2,86,72,3,3,3,IT,1
7.32,6,91,4,1,87,92,3,3,3,ME,1
7.48,1,57,3,2,58,99,5,5,3,IT,1
7.14,1,43,6,3,83,24,1,4,1,ME,1
9.78,4,48,4,2,88,88,6,4,1,IT,1
6.07,3,99,0,2,88,47,5,0,2,EE,1
7.58,2,59,5,2,62,37,0,2,1,EE,1
8.68,2,100,2,0,78,72,1,3,1,CSE,1
7.78,1,74,0,1,68,97,3,5,2,CE,0
9.65,5,55,4,2,99,81,5,1,3,IT,1
6.89,4,84,5,3,56,82,0,5,1,ECE,1
7.32,9,43,0,0,92,75,2,4,1,EE,1
5.44,5,85,6,1,85,87,8,3,1,CSE,1
8.04,4,60,5,0,91,86,6,0,3,IT,1
6.44,2,77,5,3,79,50,0,5,3,CE,0
5.8,9,67,6,2,60,82,7,1,3,EE,1
7.72,10,69,5,2,58,64,4,4,3,CE,1
7.66,5,35,1,2,58,90,4,4,3,ME,1
5.38,1,57,6,1,98,66,8,5,2,CE,1
8.49,4,80,1,3,95,84,3,4,3,IT,1
8.12,1,91,6,0,62,47,1,1,3,EE,1
5.95,7,76,2,3,76,94,4,0,1,EE,1
7.35,1,70,1,0,97,68,6,5,3,CE,0
8.6,5,87,1,3,76,29,2,1,3,ME,1
7.65,10,52,5,3,70,34,1,0,3,ME,1
6.98,1,95,1,0,64,86,6,4,3,ECE,0
6.61,8,78,0,1,94,62,3,4,2,ECE,1
8.05,2,36,5,0,86,37,3,5,1,ECE,0
9.7,1,82,6,2,80,86,3,2,3,CSE,1
8.36,4,59,0,2,89,86,6,2,3,ECE,1
5.37,9,98,2,0,70,27,3,2,3,CSE,1
7.3,1,72,3,2,55,86,7,0,2,ME,1
9.45,9,43,3,3,90,63,2,3,1,ECE,1
5.47,8,59,2,0,63,42,8,5,1,IT,0
9.94,8,67,6,1,91,46,5,5,2,ME,1
9.75,4,74,2,0,67,49,1,5,3,ECE,0
5.39,1,93,0,2,79,67,0,0,2,ECE,1
9.67,5,69,6,1,56,21,4,0,3,CSE,1
6.82,8,56,0,3,98,80,2,2,1,ECE,1
9.22,3,64,4,0,97,70,4,4,3,EE,1
7.09,10,46,2,1,98,79,4,2,2,CE,1
7.2,1,90,1,3,69,59,6,0,1,CE,1
8.17,9,40,5,0,77,48,8,4,3,CSE,1
8.87,1,88,2,3,79,36,8,2,3,CSE,1
5.17,5,83,4,1,75,29,7,5,2,IT,0
7.97,7,95,2,0,90,25,5,1,2,CSE,1
5.93,6,62,1,2,60,31,0,0,1,ME,1
6.73,1,88,0,2,83,27,1,1,3,IT,1
6.74,1,86,1,3,75,30,3,2,1,CE,1
7.35,4,55,2,0,100,67,8,4,2,EE,1
6.67,4,34,0,2,60,59,5,2,1,IT,1
5.54,1,81,6,1,71,86,4,1,1,CE,1
5.73,4,78,3,0,73,39,5,4,2,EE,0
5.17,1,52,4,0,96,61,0,5,3,IT,0
7.35,2,82,4,0,76,43,7,5,3,ECE,0
9.77,4,100,3,1,57,100,5,1,2,ME,1
5.58,5,30,5,1,99,77,1,5,3,ECE,0
9.73,2,35,0,3,78,28,4,0,3,CSE,1
8.67,6,82,6,3,90,54,5,2,3,ME,1
8.19,6,86,5,3,93,28,1,2,2,CSE,1
8.23,8,33,5,2,59,89,0,2,1,EE,1
9.13,10,73,3,3,71,81,8,2,3,IT,1
5.53,10,38,4,3,59,63,6,3,1,CSE,1
7.52,8,53,0,0,75,39,3,3,1,EE,1
8.49,6,62,4,0,66,20,7,5,3,ECE,1
7.93,10,35,6,0,57,62,7,2,1,ECE,1
9.16,3,69,6,0,98,83,2,3,3,ME,1
5.36,9,49,2,2,67,64,3,0,3,EE,1
8.45,5,66,1,1,95,81,7,4,3,ECE,1
7.67,3,73,0,0,97,70,3,0,3,ME,1
6.9,6,68,5,0,79,22,5,0,2,CE,1
6.7,3,95,5,1,85,98,3,5,2,CSE,1
8.1,1,36,4,0,75,88,0,2,1,CE,1
9.45,8,73,1,0,91,66,6,0,1,CE,1
7.48,8,82,6,1,84,60,5,1,2,CE,1
9.12,5,95,1,3,77,81,1,2,3,CE,1
7.01,2,94,6,0,82,80,3,4,3,CE,1
5.51,7,59,5,1,68,68,3,0,1,ME,1
5.31,1,31,2,1,69,28,8,2,1,CSE,0
5.26,4,98,4,3,71,71,3,1,2,ME,1
6.9,7,64,0,0,96,99,2,2,3,ME,1
6.69,2,88,0,2,76,42,7,3,3,IT,1
8.59,2,46,4,1,86,84,1,0,2,ME,1
8.71,2,83,2,1,64,94,1,0,2,CE,1
5.25,5,48,5,2,65,33,7,2,3,ECE,1
6.11,2,81,1,3,66,91,3,3,3,ECE,1
6.37,9,57,3,1,77,30,6,2,1,CE,1
7.74,10,35,4,2,91,39,4,5,3,ME,1
5.72,10,36,3,0,61,86,5,3,3,ME,1
5.67,9,60,2,2,60,86,1,3,2,CSE,1
9.72,8,98,1,2,85,93,3,1,3,ME,1
9.02,7,60,1,3,57,35,6,3,3,IT,1
5.9,2,100,3,0,78,99,7,0,1,ECE,1
7.03,7,58,5,3,83,74,3,1,3,CSE,1
6.78,3,35,6,1,60,55,5,2,2,ME,1
8.96,2,81,6,3,64,50,5,4,1,ME,1
7.55,4,91,5,2,92,97,2,3,1,CSE,1
5.64,5,45,3,2,78,80,4,5,3,CE,0
8.69,8,38,6,0,75,31,2,3,3,EE,1
6.98,10,78,1,3,67,26,3,4,3,CE,1
6.31,7,54,3,3,92,76,3,5,2,CSE,1
6.88,2,51,4,0,96,20,8,1,3,ME,1
7.49,2,35,6,0,92,45,8,0,2,CSE,1
6.72,5,31,4,0,94,71,6,1,2,ME,1
6.21,9,94,0,3,73,89,6,0,2,ECE,1
6.99,2,72,2,0,97,87,6,5,2,ME,1
5.1,7,71,0,3,94,56,5,0,3,ECE,1
8.86,1,42,2,2,66,58,8,1,3,CSE,1
5.85,10,40,4,3,55,60,8,4,3,IT,1
5.22,4,94,3,2,78,20,2,2,3,EE,1
8.27,9,70,3,3,86,64,6,2,3,EE,1
8.87,7,89,0,3,74,46,2,1,3,ECE,1
9.07,3,65,2,2,92,97,1,5,2,ECE,1
7.47,8,47,1,1,94,76,3,2,3,CE,1
6.03,10,82,1,3,84,35,6,1,1,EE,1
8.69,9,98,0,0,59,43,1,2,3,CSE,1
8.5,6,36,2,0,78,67,1,2,1,IT,1
6.23,9,43,2,3,79,34,3,1,1,IT,1
9.52,6,94,0,1,78,97,1,5,3,CSE,1
5.52,6,65,4,0,79,53,3,2,1,EE,1
9.91,10,39,6,2,93,97,2,0,3,EE,1
9.3,4,53,1,0,58,95,0,5,1,CSE,1
8.44,5,79,5,1,75,76,7,5,1,EE,1
9.69,8,45,0,0,93,35,8,0,1,ME,1
8.61,2,66,2,0,69,38,3,1,3,CE,1
5.95,5,80,0,1,99,21,8,0,3,EE,1
7.21,5,77,3,3,61,59,2,1,1,IT,1
5.36,5,50,0,3,61,78,6,5,1,EE,0
6.95,10,65,4,3,97,93,6,3,2,ME,1
8.71,8,90,6,0,78,86,4,0,3,CE,1
6.93,8,31,6,0,92,57,6,0,1,CSE,1
6.65,2,77,1,1,62,53,5,5,3,ME,0
7.98,7,39,5,1,96,86,4,4,3,CSE,1
9.36,7,89,6,3,96,28,7,4,3,EE,1
5.24,6,79,2,1,80,76,3,5,1,ECE,0
6.93,7,37,5,3,61,74,1,3,3,CE,1
5.79,9,58,4,1,63,64,7,0,1,ME,1
8.48,10,75,6,1,91,58,8,2,3,EE,1
5.53,2,68,5,1,81,32,7,5,2,CSE,0
8.32,10,35,0,3,66,75,5,3,3,IT,1
6.43,7,81,5,0,84,38,8,0,2,ME,1
5.99,10,88,1,3,72,78,5,4,3,ME,1
9.68,5,56,6,3,85,62,2,1,1,EE,1
5.09,3,54,1,2,56,76,5,2,1,CSE,1
7.19,7,63,6,0,96,42,0,4,1,CE,1
5.11,5,92,3,1,90,24,6,5,2,ECE,0
7.42,4,56,3,1,90,52,5,5,1,CSE,1
7.51,8,71,4,1,92,61,8,0,3,ME,1
6.61,10,91,0,1,80,81,2,3,1,ME,1
5.66,4,58,6,2,92,62,6,1,3,CE,1
6.88,3,54,6,2,75,38,1,2,3,IT,1
8.36,10,87,1,1,64,44,2,1,3,CSE,1
8.91,10,86,6,1,100,73,3,3,1,ME,1
7.65,10,76,3,3,69,70,8,1,1,ECE,1
7.95,8,36,6,3,84,95,6,2,3,ECE,1
6.0,9,63,2,0,58,94,0,2,1,ME,1
6.44,7,99,2,1,73,37,1,1,1,IT,1
5.81,9,41,2,2,86,84,8,3,1,IT,1
6.25,3,96,5,3,99,48,3,1,3,IT,1
6.12,8,95,0,0,83,33,4,4,2,EE,0
7.6,8,72,6,2,86,78,3,3,3,EE,1
7.81,9,43,6,1,97,90,2,3,1,CSE,1
9.72,6,79,3,0,75,82,4,5,1,EE,1
5.98,2,100,1,0,84,44,7,0,2,CE,1
8.21,5,69,4,2,89,81,1,5,3,ECE,1
9.09,6,43,6,3,95,79,2,5,1,EE,1
7.8,1,59,2,3,75,82,4,5,3,IT,1
6.28,5,66,2,1,96,47,6,3,3,IT,1
6.31,4,42,5,3,66,92,8,3,2,IT,1
5.2,8,51,5,0,98,30,7,0,2,EE,1
6.53,10,92,1,0,77,100,4,4,1,ME,1
8.72,9,91,3,1,94,26,6,3,2,ECE,1
5.24,9,52,1,0,56,44,6,2,3,ME,1
6.1,7,32,6,0,65,93,5,1,1,ME,1
8.53,7,32,3,0,76,75,0,0,1,ECE,1
8.91,10,66,5,2,95,27,6,2,2,IT,1
7.28,7,81,3,0,88,30,1,2,3,ECE,1
8.49,2,39,6,1,87,65,8,1,2,CSE,1
6.94,5,48,4,2,88,69,7,2,2,IT,1
5.8,4,48,0,0,88,70,4,1,3,IT,0
6.99,2,52,1,2,83,28,8,3,1,CE,1
7.9,8,57,1,2,83,28,2,3,1,ME,1
9.74,7,51,3,0,97,37,2,0,2,ECE,1
5.34,10,67,6,3,93,30,7,5,3,IT,1
7.54,10,93,6,1,58,98,2,3,3,ECE,1
6.64,2,39,4,3,88,84,1,2,2,CSE,1
7.54,3,41,1,0,97,62,2,3,3,ECE,0
5.12,8,53,0,3,88,94,5,2,3,IT,1
6.57,9,37,4,0,70,50,3,2,2,EE,1
9.1,4,57,6,0,99,89,6,1,1,EE,1
7.77,9,64,3,3,70,65,5,2,2,CE,1
7.25,9,70,0,0,55,42,6,1,1,CSE,1
6.43,5,67,5,3,61,61,4,5,3,ECE,1
6.49,2,84,6,0,68,59,5,3,1,CSE,1
6.92,6,69,3,3,94,26,3,0,1,CE,1
9.18,3,67,2,3,81,67,4,4,3,ECE,1
9.84,1,75,2,3,56,57,5,2,2,IT,1
7.19,6,50,3,3,59,62,0,3,1,EE,1
6.97,9,46,2,2,91,90,3,2,3,ME,1
9.23,8,30,6,0,73,31,5,1,1,CE,1
7.13,9,73,1,2,86,48,2,4,1,IT,1
7.76,1,39,1,0,62,69,2,4,2,ECE,0
6.15,9,42,1,1,57,96,3,1,3,IT,1
8.72,7,53,6,3,59,67,2,4,2,ECE,1
7.66,3,70,2,3,68,100,8,5,1,CSE,1
9.05,10,47,0,2,100,83,7,2,3,EE,1
8.9,1,35,3,0,88,65,1,2,3,CE,1
6.08,9,52,0,2,55,40,0,5,1,CE,0
8.58,4,32,1,2,95,89,5,4,3,ECE,1
9.0,6,39,1,3,72,39,2,5,1,ECE,1
6.73,7,35,6,2,66,98,0,4,2,IT,1
5.86,2,73,2,0,85,86,7,0,1,CSE,1
5.01,3,31,6,3,73,75,0,1,2,ECE,1
7.25,10,44,5,2,60,20,0,1,3,CSE,1
6.76,1,43,1,3,89,37,6,1,2,ECE,1
7.77,2,95,1,3,99,71,0,3,1,IT,1
5.94,10,83,6,3,93,42,4,3,1,CE,1
9.3,1,35,1,3,85,67,8,4,2,EE,1
6.29,2,77,1,0,73,44,2,0,1,CE,1
6.13,3,43,0,2,78,50,0,4,1,IT,0
7.4,7,71,1,3,96,65,1,0,1,CE,1
7.49,2,48,6,1,65,81,1,3,2,ECE,1
6.08,10,90,1,3,88,49,8,5,3,EE,1
6.36,7,57,4,2,82,70,0,5,3,CSE,1
5.85,3,44,5,3,78,48,2,0,3,CSE,1
8.59,9,32,3,2,65,76,8,0,2,CSE,1
8.85,5,77,2,0,74,75,4,3,1,EE,1
7.31,5,37,6,1,59,48,4,5,2,CE,1
8.57,7,88,6,1,96,59,7,0,1,EE,1
8.68,10,94,3,2,89,99,8,3,3,ECE,1
5.69,4,31,1,1,65,99,8,5,3,CE,0
9.83,5,74,3,0,64,61,7,0,2,CSE,1
9.11,10,63,6,1,67,90,1,5,1,CSE,1
6.02,8,48,5,3,81,65,3,4,3,CE,1
5.93,7,74,0,2,78,44,0,5,3,CSE,0
5.63,1,66,1,3,73,22,4,5,2,ME,0
5.69,8,37,3,3,77,70,5,5,1,IT,1
8.74,5,60,6,3,68,51,1,2,2,CSE,1
7.35,7,98,6,2,65,100,3,5,1,IT,1
8.91,8,95,4,2,67,67,4,3,3,IT,1
8.73,4,54,1,2,85,26,2,5,1,ECE,1
8.02,4,52,2,3,81,69,8,0,2,ME,1
8.43,2,90,1,3,63,92,4,1,2,ECE,1
5.09,9,83,0,2,87,64,6,4,1,EE,1
6.56,6,55,1,2,91,34,8,5,2,ECE,1
8.19,1,95,3,2,87,47,4,1,3,CSE,1
5.05,7,58,0,1,79,35,0,1,3,IT,0
5.16,7,43,2,1,71,98,4,1,2,IT,1
9.26,6,64,5,0,89,46,4,2,2,EE,1
8.42,2,40,5,3,81,97,8,5,3,CE,1
6.33,3,63,1,0,75,26,6,4,1,IT,0
8.44,2,88,2,2,69,90,4,2,1,CSE,1
8.96,2,63,4,2,87,97,3,1,1,CE,1
6.53,8,96,4,3,74,73,0,1,1,CE,1
5.18,2,37,2,2,63,62,5,3,2,ECE,0
9.66,5,72,4,2,97,36,6,3,3,EE,1
6.73,4,41,3,2,94,51,0,3,1,EE,1
5.53,1,87,6,1,96,69,1,2,3,ECE,1
7.46,4,100,1,3,85,60,1,0,3,ME,1
8.84,9,55,5,1,96,57,2,5,3,ME,1
6.11,10,32,1,0,63,59,5,3,3,EE,0
6.35,6,69,2,2,56,75,3,3,1,CE,1
6.21,7,39,0,3,62,42,7,2,1,ECE,1
9.96,2,91,6,2,92,75,0,2,2,ECE,1
5.99,2,95,3,1,81,91,3,1,2,IT,1
7.88,6,65,6,1,76,41,2,3,1,ME,1
9.63,9,67,2,1,88,88,0,2,2,CE,1
5.73,10,66,3,2,75,49,8,4,1,EE,1
9.85,8,52,0,3,96,63,5,1,2,CE,1
9.74,3,81,3,1,97,88,1,3,2,EE,1
9.42,7,55,2,1,87,66,5,0,2,EE,1
6.07,5,30,1,0,100,98,7,4,3,IT,0
8.17,7,55,6,3,55,60,4,1,1,ME,1
8.8,8,71,5,1,76,77,8,5,3,CSE,1
9.93,2,77,1,3,62,73,0,1,2,ECE,1
5.9,6,64,5,2,65,82,2,5,3,ME,1
8.83,8,84,0,1,90,52,8,4,1,CE,1
6.69,4,45,3,3,62,43,1,0,2,IT,1
5.88,10,39,6,1,59,94,6,5,2,IT,1
7.11,7,93,4,1,95,59,0,4,3,EE,1
8.97,2,85,4,3,76,61,0,5,2,CE,1
7.32,4,92,0,3,62,53,1,3,1,CSE,1
7.69,10,68,6,0,90,99,1,4,1,EE,1
9.98,10,99,4,2,93,59,1,5,3,ECE,1
7.0,2,82,2,3,66,26,8,1,2,EE,1
8.08,9,96,6,3,57,36,7,0,3,IT,1
6.83,1,89,6,1,99,24,1,5,3,CE,0
6.96,1,79,6,1,100,74,5,1,3,ECE,1
8.48,9,76,5,1,74,23,7,3,1,ME,1
9.69,10,89,0,3,86,56,4,3,3,IT,1
7.71,7,73,5,0,93,68,6,5,3,ME,1
8.84,1,89,4,1,58,32,5,5,1,CSE,1
5.45,4,37,2,3,76,87,4,5,2,CSE,0
6.06,3,91,4,0,67,34,0,5,3,CSE,0
7.51,3,54,4,2,63,87,2,4,2,EE,1
5.1,6,98,0,1,85,26,0,3,1,CSE,0
6.26,6,61,3,0,60,86,8,0,3,ECE,1
7.59,5,66,6,3,70,67,8,5,1,ME,1
5.07,5,73,3,1,55,90,4,1,1,ME,1
6.32,4,49,5,1,87,33,7,5,1,EE,1
7.57,9,78,1,2,72,62,2,2,1,IT,1
7.87,1,66,2,1,67,33,7,2,1,ME,1
9.63,1,89,0,0,91,64,2,2,2,CSE,1
8.23,9,68,0,0,75,65,8,1,3,CE,1
7.07,7,46,3,0,91,21,8,5,1,IT,1
9.65,6,71,6,2,67,47,1,1,1,EE,1
8.92,1,46,4,3,80,42,2,3,1,IT,1
6.0,5,90,0,0,93,61,7,5,2,CSE,0
5.65,3,83,4,0,92,23,5,4,2,CE,0
8.38,10,46,2,2,82,62,8,5,3,CSE,1
7.8,7,31,1,3,61,33,3,2,2,ME,1
8.95,2,36,2,1,73,71,5,5,2,ME,1
8.69,10,93,4,2,62,25,2,2,2,ECE,1
8.13,7,95,6,1,82,74,1,1,2,ME,1
9.93,8,69,2,2,56,95,8,0,2,IT,1
7.67,2,66,1,2,79,75,4,2,3,IT,1
5.57,8,93,1,2,82,49,3,1,3,ME,1
9.14,7,85,2,0,74,42,8,1,3,ME,1
6.26,7,61,3,1,85,65,7,4,1,ME,1
8.89,7,72,1,0,62,22,1,5,3,IT,0
9.79,4,88,3,2,90,44,1,0,3,IT,1
8.48,9,65,3,2,93,30,4,5,1,ECE,1
7.98,7,30,4,1,80,100,6,5,2,ME,1
7.3,5,55,6,1,80,28,0,0,2,ME,1
6.82,9,61,2,2,100,56,3,5,3,ECE,1
6.77,9,51,6,1,64,66,3,4,3,EE,1
8.18,2,62,6,0,69,56,2,3,3,CE,1
8.76,10,35,6,2,76,79,0,2,3,CE,1
8.39,4,97,5,3,94,31,1,3,1,ME,1
5.99,1,46,4,1,76,78,3,4,1,IT,0
7.47,6,58,4,2,96,66,5,0,1,IT,1
8.96,7,30,4,1,81,68,0,1,1,IT,1
7.38,10,74,6,3,76,56,0,4,2,EE,1
7.68,8,33,3,0,92,30,2,1,1,ECE,1
8.86,2,31,5,1,99,29,3,2,3,ECE,1
8.31,2,48,6,1,88,26,7,2,1,IT,1
7.05,8,51,5,0,94,86,1,5,3,ECE,1
9.48,10,42,4,1,71,99,6,5,3,ECE,1
5.81,3,60,0,3,71,50,6,3,1,ECE,1
9.98,7,70,0,3,75,59,7,5,2,EE,1
5.59,9,70,3,2,72,24,6,1,3,ECE,1
5.07,5,40,0,2,78,42,6,2,3,ECE,0
9.45,8,76,3,3,62,56,0,1,3,CSE,1
6.22,1,75,4,3,65,72,6,1,3,CSE,1
8.65,5,70,1,1,64,43,4,5,2,CE,1
9.06,3,100,3,1,67,79,8,2,3,CSE,1
9.29,3,62,3,3,92,62,5,1,2,ECE,1
9.96,1,64,6,1,96,72,5,1,1,CSE,1
6.47,2,97,5,2,84,35,2,1,2,EE,1
8.55,1,60,6,3,69,98,7,1,2,ECE,1
5.58,1,99,6,2,84,76,3,2,3,CSE,1
7.03,2,97,0,2,82,57,5,3,1,ECE,1
9.24,8,68,3,1,63,40,7,5,2,CSE,1
6.84,6,77,4,2,67,26,4,3,3,IT,1
7.96,6,89,0,0,75,60,3,4,1,ECE,1
7.52,4,82,2,0,70,81,2,2,2,ME,1
8.23,2,36,4,3,92,39,8,0,1,ECE,1
9.86,5,93,3,2,70,34,4,0,2,ECE,1
5.28,5,92,6,0,83,25,4,3,2,ECE,1
7.87,3,100,1,3,100,74,2,4,3,ECE,1
9.32,3,31,1,2,84,27,0,2,3,IT,1
7.41,2,75,0,1,89,65,0,4,1,IT,0
5.39,2,63,5,2,62,83,1,0,1,CSE,1
7.8,8,75,0,1,56,93,6,0,1,EE,1
6.66,1,98,3,2,75,82,4,2,3,CE,1
5.77,10,32,6,0,83,88,1,0,3,IT,1
9.25,9,100,5,3,92,61,1,5,3,IT,1
7.61,8,59,5,2,99,68,0,1,2,ME,1
9.67,3,52,3,1,91,39,7,3,1,ECE,1
9.03,10,99,3,2,55,94,4,0,1,IT,1
8.46,6,90,1,3,57,86,7,5,3,CE,1
5.03,7,98,3,1,72,91,8,2,2,CSE,1
7.14,3,35,4,2,96,70,7,1,1,EE,1
5.99,4,31,2,1,58,49,2,3,2,ECE,0
9.55,7,39,6,1,85,50,2,0,3,ME,1
5.87,5,76,3,3,57,22,5,1,2,CE,1
6.43,6,90,0,0,72,48,8,1,3,ECE,1
7.58,7,75,6,3,80,82,8,0,2,CE,1
6.32,5,72,3,1,88,41,0,4,3,CSE,0
6.05,4,86,6,2,80,40,5,3,3,EE,1
8.0,4,74,5,2,59,65,8,4,2,IT,1
5.44,6,100,3,1,86,96,5,0,3,ECE,1
5.29,6,70,4,3,95,26,8,3,2,IT,1
6.86,2,84,5,2,59,49,8,1,2,CE,1
8.6,9,53,0,0,88,54,4,0,1,CSE,1
7.77,5,30,5,0,86,37,4,1,3,EE,1
7.11,1,68,1,3,75,29,1,5,3,ECE,0
7.83,4,80,1,3,70,95,2,4,1,CE,1
6.83,3,38,6,3,70,62,1,4,3,CE,1
9.68,7,45,0,1,100,34,6,3,1,ME,1
5.27,9,88,4,3,86,65,3,0,1,CSE,1
8.37,9,77,6,3,76,40,2,4,2,EE,1
9.46,10,33,0,2,75,61,5,5,1,CSE,1
9.02,3,67,3,1,84,89,5,4,2,ME,1
5.92,2,73,6,3,77,36,7,0,2,CE,1
6.48,5,97,4,1,87,32,2,5,2,CE,1
8.59,6,94,4,0,72,52,3,4,1,IT,1
5.42,9,63,2,0,99,28,8,2,3,CE,1
9.06,9,89,2,1,89,52,1,3,2,ECE,1
8.59,7,69,1,1,74,98,4,5,3,CSE,1
8.65,10,46,3,2,60,96,3,4,1,EE,1
5.5,6,94,1,2,79,45,6,1,2,ECE,1
8.59,3,70,4,3,65,92,6,1,2,IT,1
8.4,5,60,1,0,92,51,7,0,1,ME,1
9.15,8,89,1,0,88,21,2,0,2,IT,1
5.21,3,70,4,1,58,20,2,5,2,ECE,0
5.12,7,71,5,2,58,37,6,1,1,EE,1
6.87,4,82,0,3,84,43,2,4,1,CE,1
5.74,1,58,0,0,87,59,5,3,2,CE,0
7.79,4,43,6,0,83,63,2,5,1,EE,1
9.59,1,85,5,3,57,35,0,2,3,ECE,1
6.96,5,61,5,2,77,63,2,2,3,CSE,1
9.22,6,69,2,0,66,31,8,5,3,EE,1
5.0,6,57,0,1,57,53,5,1,1,CE,1
5.84,10,77,2,2,98,70,7,3,1,CSE,1
5.15,3,33,4,2,94,45,0,5,2,ECE,0
6.64,4,69,5,3,68,58,3,0,1,IT,1
9.54,8,41,6,3,85,25,1,1,1,ECE,1
5.48,4,75,4,2,67,34,2,5,2,ME,0
8.03,6,61,2,0,96,32,1,5,3,ME,0
7.26,10,63,1,3,99,48,7,1,3,ECE,1
9.69,9,66,5,2,57,23,5,2,2,IT,1
5.61,3,33,5,2,62,78,3,5,3,CSE,0
6.06,6,35,5,2,78,60,8,3,3,ECE,1
5.15,9,71,1,2,84,61,6,2,3,IT,1
7.17,8,67,5,1,67,55,2,2,3,IT,1
6.39,8,54,5,0,61,71,2,5,2,ECE,1
9.35,10,85,1,1,66,35,5,4,1,ECE,1
8.02,1,32,1,3,90,76,3,4,1,CSE,1
8.07,8,41,0,3,100,22,1,0,2,IT,1
7.66,8,57,1,1,74,72,7,2,1,EE,1
5.46,10,62,3,2,63,61,8,4,1,CSE,1
7.23,9,83,0,0,57,21,3,5,2,CSE,0
10.0,7,63,4,0,61,79,8,0,1,ECE,1
9.18,3,31,0,1,58,99,1,4,2,CSE,0
9.47,5,38,6,2,65,100,4,1,1,ECE,1
9.12,5,42,5,1,60,96,6,3,1,CE,1
5.52,4,68,6,2,65,63,7,1,3,CE,1
6.14,8,44,2,2,97,40,6,2,3,IT,1
5.02,9,91,0,1,95,32,5,1,3,ME,1
6.52,7,55,6,2,90,72,2,4,2,CE,1
5.54,7,66,4,0,80,80,1,5,2,EE,0
7.36,7,92,3,0,80,66,6,5,3,ECE,1
8.39,8,92,3,3,88,68,0,1,1,IT,1
9.37,7,64,3,2,76,97,8,2,2,ECE,1
8.75,4,46,6,2,84,30,2,2,1,CE,1
9.69,10,73,4,1,64,72,6,5,2,ECE,1
5.27,9,55,4,1,89,64,3,2,2,CSE,1
5.06,5,35,0,2,76,89,2,2,3,ME,0
8.31,9,80,3,2,71,48,1,4,1,ME,1
6.45,10,75,4,0,61,69,4,0,2,IT,1
6.27,7,86,0,3,63,86,4,1,1,ECE,1
6.65,4,31,2,3,95,36,5,4,3,EE,0
6.35,6,99,3,2,92,48,2,4,2,ECE,1
7.56,4,82,4,2,80,82,4,1,2,CSE,1
7.2,10,70,5,0,94,99,6,1,2,EE,1
7.56,10,69,2,0,68,53,5,0,3,ME,1
8.36,9,97,0,3,63,92,3,0,2,CSE,1
6.94,1,71,6,2,94,87,8,4,3,CSE,1
6.26,3,49,4,1,85,70,6,2,1,CSE,1
5.83,4,54,0,1,69,88,3,1,2,EE,1
6.75,7,70,1,1,62,38,2,0,3,IT,1
8.71,4,48,4,1,62,41,4,5,2,ME,1
8.78,6,90,0,3,83,32,0,5,3,CSE,1
8.33,10,90,3,1,55,36,0,1,2,ECE,1
6.17,10,35,1,1,55,44,1,5,3,ECE,0
7.94,9,99,3,3,59,79,1,4,1,EE,1
7.85,7,47,6,2,58,95,8,2,3,ECE,1
7.42,1,96,5,1,84,98,8,2,1,ME,1
7.75,4,43,4,1,78,41,7,1,3,ME,1
7.46,7,83,6,1,78,94,3,5,3,IT,1
7.83,9,42,1,0,81,81,2,4,2,CSE,1
8.58,3,68,1,2,69,26,4,1,1,EE,1
5.55,4,30,0,2,85,72,5,4,1,ECE,0
8.75,1,33,4,3,62,57,1,4,1,ECE,1
5.68,4,98,6,3,57,54,6,0,2,ECE,1
5.33,6,90,1,1,66,65,6,1,1,CE,1
9.88,9,97,1,0,55,73,6,5,2,CSE,1
9.78,2,91,1,1,60,39,5,0,3,CE,1
5.3,1,89,3,0,100,46,6,0,2,EE,1
7.22,2,68,0,3,81,67,0,4,1,CE,1
5.93,10,35,4,2,65,39,2,3,1,IT,1
7.43,10,76,2,0,77,70,5,0,3,EE,1
9.15,10,82,4,1,56,90,8,2,3,IT,1
9.75,5,39,1,3,61,66,8,1,1,CE,1
8.17,10,37,0,0,92,86,5,4,3,CSE,1
6.77,10,84,0,3,58,93,6,5,3,ECE,1
8.02,9,68,3,0,92,55,6,0,2,ME,1
6.56,10,39,2,1,78,44,8,4,3,ECE,1
9.55,5,71,1,3,79,86,7,1,2,ECE,1
9.35,10,79,1,2,65,31,4,2,2,EE,1
7.79,2,65,2,2,62,51,6,3,3,ECE,1
6.62,1,40,0,1,55,71,1,2,3,CSE,0
6.47,9,30,6,2,85,51,1,3,3,IT,1
5.17,1,50,5,0,83,23,3,5,1,IT,0
9.08,3,33,1,1,95,53,1,2,3,CSE,1
7.25,6,32,2,2,93,20,8,1,1,IT,1
6.63,1,43,3,2,97,53,4,5,2,CE,0
7.36,3,72,5,2,82,90,1,2,2,IT,1
9.09,7,57,5,0,89,81,6,3,2,IT,1
5.62,4,83,1,0,84,35,6,1,2,ME,1
9.29,5,40,3,0,59,39,1,5,3,IT,0
9.49,1,50,4,0,86,22,7,3,3,CSE,1
9.73,8,77,2,2,91,57,4,0,2,EE,1
6.99,10,71,4,2,100,24,0,1,1,EE,1
6.09,3,82,3,1,63,75,4,3,1,ME,1
